rank,db,smiles,canon,component,n_atoms,est_cost_h,is_validation
1,PI1M,CC(=O)CCCCCCCCCCC(C)C,CC(=O)CCCCCCCCCCC(C)C,coverage,46.0,1.7287872538090088,False
2,omics,*c1ccc(Oc2ccc(-c3ccc(-c4cc(-c5ccc(Oc6ccc(-c7cc(*)nc8ccccc78)cc6)cc5)c5ccccc5n4)cc3)cc2)cc1,Cc1ccc(Oc2ccc(-c3ccc(-c4cc(-c5ccc(Oc6ccc(-c7cc(C)nc8ccccc78)cc6)cc5)c5ccccc5n4)cc3)cc2)cc1,coverage,90.0,10.515630927412102,False
3,PI1M,Cc1sc(C)c(I)c1Br,Cc1sc(C)c(I)c1Br,feature,15.0,0.08484152603281661,False
4,PI1M,CC(=O)N(C)c1ccc(C(F)(F)F)cc1,CC(=O)N(C)c1ccc(C(F)(F)F)cc1,coverage,25.0,0.33525989756051233,False
5,OMG,*OCc1cc(F)ccc1COC(=O)C1CSCN1C(=O)C(*)=O,COCc1cc(F)ccc1COC(=O)C1CSCN1C(=O)C(C)=O,random,42.0,1.3535165667832443,True
6,PI1M,CO[SiH](C)n1cccc1,CO[SiH](C)n1cccc1,feature,20.0,0.1839474081746623,False
7,PI1M,CC(=O)N[PH](C)(Cl)Cl,CC(=O)N[PH](C)(Cl)Cl,feature,16.0,0.1009266220636141,False
8,PI1M,CCCCNC(=O)CCCCCCCCCCCCCCCSC,CCCCNC(=O)CCCCCCCCCCCCCCCSC,coverage,67.0,4.754055023099274,False
9,OMG,*OCCSCCNCCSCCOC(=O)C1CSCN1C(=O)C(*)=O,COCCSCCNCCSCCOC(=O)C1CSCN1C(=O)C(C)=O,random,54.0,2.6611061495015087,True
10,OMG,*OCC1(COC(=O)C2=CC(C)C=C(C(*)=O)O2)CC(=O)C1,COCC1(COC(=O)C2=CC(C)C=C(C(C)=O)O2)CC(=O)C1,random,42.0,1.3535165667832443,True
11,OMG,*OCCOCCOC(=O)C1CCC(C(*)=O)O1,COCCOCCOC(=O)C1CCC(C(C)=O)O1,coverage,38.0,1.0340483823546922,False
12,omics,*c1ccc(Oc2ccc(N3C(=O)c4ccc(S(=O)(=O)c5ccc6c(c5)C(=O)N(*)C6=O)cc4C3=O)cc2)c(C)c1,Cc1ccc(Oc2ccc(N3C(=O)c4ccc(S(=O)(=O)c5ccc6c(c5)C(=O)N(C)C6=O)cc4C3=O)cc2)c(C)c1,coverage,63.0,4.0285528241783775,False
13,OMG,*OCC12C3C4C1C1C2C3C41COC(=O)CC1CS(=O)(=O)CC1CC(*)=O,COCC12C3C4C1C1C2C3C41COC(=O)CC1CS(=O)(=O)CC1CC(C)=O,dopt,53.0,2.5306091492877196,False
14,PI1M,COC(=O)OC(=O)c1ccc(/N=N/c2ccc(C#N)cc2)cc1C,COC(=O)OC(=O)c1ccc(/N=N/c2ccc(C#N)cc2)cc1C,random,37.0,0.9624665003915307,True
15,PI1M,CCCCCCOC(=O)Nc1ccccc1C(=O)OC,CCCCCCOC(=O)Nc1ccccc1C(=O)OC,coverage,41.0,1.2685615949723126,False
16,PI1M,CCCC#CC#CC#CCC/C=C/c1ccc(-c2ccc(-n3c(=O)c4cc5c(=O)n(C)c(=O)c5cc4c3=O)cc2)cc1,CCCC#CC#CC#CCC/C=C/c1ccc(-c2ccc(-n3c(=O)c4cc5c(=O)n(C)c(=O)c5cc4c3=O)cc2)cc1,dopt,68.0,4.947342301951497,False
17,PI1M,CCC(C)(C#N)C(=O)OCCCCCCCCCCCCCCCCCCCC,CCCCCCCCCCCCCCCCCCCCOC(=O)C(C)(C#N)CC,coverage,78.0,7.155788006079488,False
18,OMG,*Oc1ccc(C=Nc2ccccc2N=Cc2ccc(OC(=O)c3ccccc3Nc3c(OC)cccc3C(*)=O)cc2)cc1,COc1ccc(C=Nc2ccccc2N=Cc2ccc(OC(=O)c3ccccc3Nc3c(OC)cccc3C(C)=O)cc2)cc1,coverage,76.0,6.672852850107062,False
19,OMG,*Oc1ccccc1COC(=O)C1CSCC(C(*)=O)N1,COc1ccccc1COC(=O)C1CSCC(C(C)=O)N1,coverage,40.0,1.187037287474881,False
20,PI1M,Cc1ccc(C)c(Oc2ccccc2)c1,Cc1ccc(C)c(Oc2ccccc2)c1,coverage,29.0,0.49977393112088747,False
21,PI1M,COc1ccc(-n2on2-c2ccc(C)s2)cc1,COc1ccc(-n2on2-c2ccc(C)s2)cc1,feature,29.0,0.49977393112088747,False
22,OMG,*OCCN(CCOC(=O)C1CSCC(C(*)=O)N1)C(=O)C(C)C(=O)OCC,CCOC(=O)C(C)C(=O)N(CCOC)CCOC(=O)C1CSCC(C(C)=O)N1,random,58.0,3.2251081841016833,True
23,OMG,*OCCCCCCCCCCCCCCCCCCCCOC(=O)C1CCC(C(*)=O)S1,COCCCCCCCCCCCCCCCCCCCCOC(=O)C1CCC(C(C)=O)S1,coverage,85.0,9.016954844909401,False
24,PI1M,COc1ccc(/N=N/c2ccc(OC(=O)/C=C/c3ccc(C(C)=O)cc3)cc2)cc1,COc1ccc(/N=N/c2ccc(OC(=O)/C=C/c3ccc(C(C)=O)cc3)cc2)cc1,coverage,50.0,2.1634770685187323,False
25,OMG,*OC1(C2(COC(=O)CC3(CC(*)=O)CCOCC3)CCCC2)CCC1,COC1(C2(COC(=O)CC3(CC(C)=O)CCOCC3)CCCC2)CCC1,coverage,60.0,3.533050524994261,False
26,OMG,*OC1CCCCC1C1CCCCC1OC(=O)C1=C(C(*)=O)CSC1,COC1CCCCC1C1CCCCC1OC(=O)C1=C(C(C)=O)CSC1,coverage,55.0,2.7957518399460364,False
27,PI1M,CCC(C)(C)COC(=O)c1ccccc1NC(=O)c1ccc(C(=O)OC)cc1,CCC(C)(C)COC(=O)c1ccccc1NC(=O)c1ccc(C(=O)OC)cc1,random,53.0,2.5306091492877196,True
28,PI1M,CCC(C)c1ccc(C(=C)C[SiH2])cc1,C=C(C[SiH2])c1ccc(C(C)CC)cc1,dopt,33.0,0.707498434008989,False
29,PI1M,CCCCCCC(=O)Nc1ccc(NC(=O)CCCCCCCCC(=O)Nc2ccc(C(C)(C)c3ccc(C(C)=O)cc3)cc2)cc1,CCCCCCC(=O)Nc1ccc(NC(=O)CCCCCCCCC(=O)Nc2ccc(C(C)(C)c3ccc(C(C)=O)cc3)cc2)cc1,coverage,100.0,13.96120758869343,False
30,OMG,*Oc1cc(Br)cc(COC(=O)c2[nH]c(C(F)(F)F)nc2C(*)=O)n1,COc1cc(Br)cc(COC(=O)c2[nH]c(C(F)(F)F)nc2C(C)=O)n1,random,36.0,0.8940806826961882,True
31,OMG,*OC1C2CC(CN(C(=O)OC(C)(C)C)C2)C1OC(=O)CCOCCOCCOCCOCCOCCOCCOCCOCCOCCOCCOCCOCCC(*)=O,COC1C2CC(CN(C(=O)OC(C)(C)C)C2)C1OC(=O)CCOCCOCCOCCOCCOCCOCCOCCOCCOCCOCCOCCOCCC(C)=O,coverage,138.0,33.20455979936244,False
32,PI1M,CCc1ccc(N=C)cc1S#C,C#Sc1cc(N=C)ccc1CC,feature,23.0,0.2678988587629254,False
33,PI1M,CCC(C)C(=O)OCC1CCCC1,CCC(C)C(=O)OCC1CCCC1,coverage,33.0,0.707498434008989,False
34,PI1M,Cc1cc([SH](=O)O)c(C)s1,Cc1cc([SH](=O)O)c(C)s1,feature,19.0,0.16023971771432066,False
35,PI1M,Cc1ccc(OCCCCCCCCCCCCC)cc1C,CCCCCCCCCCCCCOc1ccc(C)c(C)c1,coverage,58.0,3.2251081841016833,False
36,PI1M,CCCCCCCCCCNC(=O)C1CCN(C)CC1,CCCCCCCCCCNC(=O)C1CCN(C)CC1,coverage,54.0,2.6611061495015087,False
37,PI1M,CCCCCCCCCCCCCCCCCSCCCCCCOC(=O)C(CCCCCC)C(=O)OC,CCCCCCCCCCCCCCCCCSCCCCCCOC(=O)C(CCCCCC)C(=O)OC,coverage,102.0,14.725072667614862,False
38,PI1M,CO[Si](C)(C)O[Si](C)(C)OCCCCC,CCCCCO[Si](C)(C)O[Si](C)(C)OC,coverage,41.0,1.2685615949723126,False
39,PI1M,CCC/C=C/C(C#N)c1ccc(Cc2ccc(C(CN(C)SC)c3ccc(C)c(C(C)C)c3)cc2)cc1,CCC/C=C/C(C#N)c1ccc(Cc2ccc(C(CN(C)SC)c3ccc(C)c(C(C)C)c3)cc2)cc1,random,79.0,7.405252308862643,True
40,omics,*CC(*)(CCC)CCCCCC,CCCCCCC(C)(CC)CCC,coverage,41.0,1.2685615949723126,False
41,omics,*c1ccc(C)c(-c2nc(CN3C(=O)c4ccc(C(=O)Oc5ccc(OC(=O)c6ccc7c(c6)C(=O)N(*)C7=O)cc5)cc4C3=O)cs2)c1,Cc1ccc(C)c(-c2nc(CN3C(=O)c4ccc(C(=O)Oc5ccc(OC(=O)c6ccc7c(c6)C(=O)N(C)C7=O)cc5)cc4C3=O)cs2)c1,random,74.0,6.210925368545501,True
42,PolyInfo,*c1cccc(Oc2cccc(N3C(=O)c4ccc(Oc5ccc6c(c5)C(=O)N(*)C6=O)cc4C3=O)c2)c1,Cc1cccc(Oc2cccc(N3C(=O)c4ccc(Oc5ccc6c(c5)C(=O)N(C)C6=O)cc4C3=O)c2)c1,coverage,58.0,3.2251081841016833,False
43,PI1M,CCCCCCCCCC(O)CN(C)c1ccccc1,CCCCCCCCCC(O)CN(C)c1ccccc1,coverage,51.0,2.2818482460254073,False
44,OMG,*Oc1ccccc1C=NNC(=O)c1ccc(C(=O)NN=Cc2ccccc2OC(=O)C2CC(C(*)=O)N(C(=O)OC(C)(C)C)N2C(=O)OC(C)(C)C)o1,COc1ccccc1C=NNC(=O)c1ccc(C(=O)NN=Cc2ccccc2OC(=O)C2CC(C(C)=O)N(C(=O)OC(C)(C)C)N2C(=O)OC(C)(C)C)o1,dopt,96.0,12.509288293103786,False
45,OMG,*OC(COC(=O)C1CSC(C)(C(*)=O)N1)c1cccc(Br)c1,COC(COC(=O)C1CSC(C)(C(C)=O)N1)c1cccc(Br)c1,random,43.0,1.4419597242422257,True
46,PI1M,CSc1ccc(C(=O)Nc2ccc(NC(=O)c3ccc(-c4ccc(C(C)=O)cc4)cc3)cc2)cc1,CSc1ccc(C(=O)Nc2ccc(NC(=O)c3ccc(-c4ccc(C(C)=O)cc4)cc3)cc2)cc1,coverage,59.0,3.3768743086298603,False
47,PI1M,COC=C[Si](C)(C)CC[Si](C)(C)O[Si](C)(C)C[Si](C)(C)C,COC=C[Si](C)(C)CC[Si](C)(C)O[Si](C)(C)C[Si](C)(C)C,dopt,59.0,3.3768743086298603,False
48,OMG,*Oc1ccc(Cc2ccc(OC(=O)C(CS)NCCNC(CS)C(*)=O)cc2)cc1,COc1ccc(Cc2ccc(OC(=O)C(CS)NCCNC(CS)C(C)=O)cc2)cc1,coverage,61.0,3.6936882750981668,False
49,PI1M,CNNC(=O)Cc1ccccc1C,CNNC(=O)Cc1ccccc1C,coverage,27.0,0.41237422298650106,False
50,OMG,*Oc1ccc2cc(OC(=O)COCCOCCOCCOCCOCCOCC(*)=O)ccc2c1,COc1ccc2cc(OC(=O)COCCOCCOCCOCCOCCOCC(C)=O)ccc2c1,coverage,72.0,5.769622518212583,False
51,PI1M,CCCCCNC(=O)NC(Cc1ccccc1)C(Cc1ccc(C)cc1)C(C)=O,CCCCCNC(=O)NC(Cc1ccccc1)C(Cc1ccc(C)cc1)C(C)=O,random,63.0,4.0285528241783775,True
52,PI1M,C/C=C/C(C)C(=O)OCCCCCCCCCCCCCCCC,C/C=C/C(C)C(=O)OCCCCCCCCCCCCCCCC,random,66.0,4.5655822516472835,True
53,PI1M,CNC(CCC(C)=O)C(=O)OCCCCCCCCC,CCCCCCCCCOC(=O)C(CCC(C)=O)NC,coverage,51.0,2.2818482460254073,False
54,PI1M,C/C=C(/C)CC(=O)Nc1ccc(-c2ccc(/N=N/c3ccc([N+](=O)[O-])cc3)cc2)cc1,C/C=C(/C)CC(=O)Nc1ccc(-c2ccc(/N=N/c3ccc([N+](=O)[O-])cc3)cc2)cc1,coverage,53.0,2.5306091492877196,False
55,PI1M,COC(C)COC(=O)CC(C)(C)CC(C)=O,COC(C)COC(=O)CC(C)(C)CC(C)=O,coverage,38.0,1.0340483823546922,False
56,PI1M,CC(=O)Nc1cccc(C(=O)Nc2cccc(N3C(=O)c4ccc(C)cc4C3=O)c2)c1,CC(=O)Nc1cccc(C(=O)Nc2cccc(N3C(=O)c4ccc(C)cc4C3=O)c2)c1,coverage,50.0,2.1634770685187323,False
57,PI1M,CCC(CCSBr)(CSC)CC(C)(O)OC(C)CC,CCC(C)OC(C)(O)CC(CC)(CCSBr)CSC,feature,48.0,1.9384826272146733,False
58,OMG,*OCC(OC(=O)c1cc(COC2CCCCO2)cc(C(*)=O)c1)c1c(Cl)cccc1OC,COCC(OC(=O)c1cc(COC2CCCCO2)cc(C(C)=O)c1)c1c(Cl)cccc1OC,random,62.0,3.858838735716932,True
59,PI1M,CCC(C)CCC(=O)Oc1ccc(C(C)(C)C)cc1,CCC(C)CCC(=O)Oc1ccc(C(C)(C)C)cc1,coverage,45.0,1.629538578803666,False
60,OMG,*Oc1c(OC(=O)C(Cc2cccc(C)c2)C(*)=O)ccc(C(=O)OC)c1C#N,COC(=O)c1ccc(OC(=O)C(Cc2cccc(C)c2)C(C)=O)c(OC)c1C#N,random,50.0,2.1634770685187323,True
61,OMG,*NN1c2nonc2N(NC(=O)C2CC(C)=C(C)CC2C(*)=O)c2nonc21,CNN1c2nonc2N(NC(=O)C2CC(C)=C(C)CC2C(C)=O)c2nonc21,dopt,48.0,1.9384826272146733,False
62,PI1M,COc1ccc(C(=O)OCCN(C)c2ccc(OC(=O)CCCCC(C)=O)cc2)cc1,COc1ccc(C(=O)OCCN(C)c2ccc(OC(=O)CCCCC(C)=O)cc2)cc1,random,60.0,3.533050524994261,True
63,PI1M,CCCCCCCCCCCOC(=O)C(C)NC(=O)CCCCC(=O)OC,CCCCCCCCCCCOC(=O)C(C)NC(=O)CCCCC(=O)OC,coverage,66.0,4.5655822516472835,False
64,PI1M,CNc1cc(CCCCCCCCC)c(C)cc1CC,CCCCCCCCCc1cc(NC)c(CC)cc1C,coverage,53.0,2.5306091492877196,False
65,OMG,*Oc1nn(Cc2ccc(OC(=O)C3NC(C(*)=O)CS3)cc2)cc1C(=O)OC,COC(=O)c1cn(Cc2ccc(OC(=O)C3NC(C(C)=O)CS3)cc2)nc1OC,random,50.0,2.1634770685187323,True
66,PI1M,CO[Si](C)(C)O[Si](C)(C)O[Si](C)(C)O[Si](C)(C)O[Si](C)(C)O[Si](C)(C)O[Si](C)(C)OCC(F)(F)C(F)(F)C(F)(F)C(F)(F)C(F)(F)C(F)(F)F,CO[Si](C)(C)O[Si](C)(C)O[Si](C)(C)O[Si](C)(C)O[Si](C)(C)O[Si](C)(C)O[Si](C)(C)OCC(F)(F)C(F)(F)C(F)(F)C(F)(F)C(F)(F)C(F)(F)F,coverage,97.0,12.862901673682583,False
67,PI1M,CN=P(C)(OCO[Si](C)(C)SBr)[Si](CCC)OCCOCCOCCOCCOC,CCC[Si](OCCOCCOCCOCCOC)P(C)(=NC)OCO[Si](C)(C)SBr,feature,70.0,5.348558032191515,False
68,PI1M,Cc1cc(I)c(N=C)nn1,C=Nc1nnc(C)cc1I,feature,16.0,0.1009266220636141,False
69,omics,*C(Cl)C(*)(F)Cl,CC(Cl)C(C)(F)Cl,coverage,14.0,0.07047050774391327,False
70,PI1M,CCC1(CCCCCCCC)CC1C,CCCCCCCCC1(CC)CC1C,coverage,42.0,1.3535165667832443,False
71,PolyInfo,*/C=C/C(C)(C(=O)OC)C(*)C,C/C=C/C(C)(C(=O)OC)C(C)C,coverage,30.0,0.5474937425136082,False
72,OMG,*OC(C1COC(C)(C)O1)C(C)(OC(=O)CC(CC(*)=O)C1CCOCC1)C(=O)OCC,CCOC(=O)C(C)(OC(=O)CC(CC(C)=O)C1CCOCC1)C(OC)C1COC(C)(C)O1,coverage,70.0,5.348558032191515,False
73,PI1M,CCC(CCl)(COC)CS(=O)(=O)O,CCC(CCl)(COC)CS(=O)(=O)O,coverage,28.0,0.4547556347186134,False
74,PI1M,CCC(C)P(=O)(Cl)Cl,CCC(C)P(=O)(Cl)Cl,feature,17.0,0.11880386870633687,False
75,PI1M,CCc1cccc(CN(C)CC)c1,CCc1cccc(CN(C)CC)c1,coverage,32.0,0.6512930237899227,False
76,OMG,*OC(C(=O)CC(=O)ON1C(=O)CCC1=O)C(OC(=O)C1C2OC(C3OC32)C1C(*)=O)C(=O)CC(=O)ON1C(=O)CCC1=O,COC(C(=O)CC(=O)ON1C(=O)CCC1=O)C(OC(=O)C1C2OC(C3OC32)C1C(C)=O)C(=O)CC(=O)ON1C(=O)CCC1=O,dopt,70.0,5.348558032191515,False
77,PolyInfo,*OC(=O)CCCCCCCCCCC(*)=O,COC(=O)CCCCCCCCCCC(C)=O,coverage,43.0,1.4419597242422257,False
78,PolyInfo,*CC/C=C(/*)CCC,CCC/C=C(/C)CCC,coverage,27.0,0.41237422298650106,False
79,PI1M,CCC(C)(C)CCCP(C)(=O)[Si](O)(Cl)Cl,CCC(C)(C)CCCP(C)(=O)[Si](O)(Cl)Cl,feature,36.0,0.8940806826961882,False
80,PI1M,CCCCCCC[Si](C)(C)CCCOc1ccc([N+](=O)[O-])cc1,CCCCCCC[Si](C)(C)CCCOc1ccc([N+](=O)[O-])cc1,coverage,54.0,2.6611061495015087,False
81,PI1M,COC(=O)OCCCCCCNC(=O)SNC(=O)CC(=O)NN(C(C)=O)c1ccc(/N=N/c2ccccc2)cc1,COC(=O)OCCCCCCNC(=O)SNC(=O)CC(=O)NN(C(C)=O)c1ccc(/N=N/c2ccccc2)cc1,random,72.0,5.769622518212583,True
82,PI1M,COC(=O)c1ccc(-c2ccc(C(=O)OCCOC(=O)CCCCCCC(=O)OCCOC(C)=O)cc2)cc1,COC(=O)c1ccc(-c2ccc(C(=O)OCCOC(=O)CCCCCCC(=O)OCCOC(C)=O)cc2)cc1,random,73.0,5.987719929256527,True
83,OMG,*OCC(COC(=O)c1cccnc1NCC(*)=O)c1cccc(Br)c1,COCC(COC(=O)c1cccnc1NCC(C)=O)c1cccc(Br)c1,random,47.0,1.8317500939966918,True
84,OMG,*Oc1cc(OC(=O)CCOCCOCCOCCOCCOCCOCCOCCC(*)=O)c(Br)cc1SC,COc1cc(OC(=O)CCOCCOCCOCCOCCOCCOCCOCCC(C)=O)c(Br)cc1SC,random,83.0,8.457520383218988,True
85,omics,*c1ccc(Oc2ccc(Oc3ccc(N4C(=O)c5ccc(-c6ccc7c(c6)C(=O)N(*)C7=O)cc5C4=O)cc3)cc2)cc1,Cc1ccc(Oc2ccc(Oc3ccc(N4C(=O)c5ccc(-c6ccc7c(c6)C(=O)N(C)C7=O)cc5C4=O)cc3)cc2)cc1,coverage,68.0,4.947342301951497,False
86,PolyInfo,*CCOC(=O)O*,CCCOC(=O)OC,coverage,18.0,0.1385498383381463,False
87,OMG,*OCCCOCCCOCCCOCCCOCCCOC(=O)C1CCC(C(*)=O)CO1,COCCCOCCCOCCCOCCCOCCCOC(=O)C1CCC(C(C)=O)CO1,random,77.0,6.911670651446108,True
88,OMG,*Oc1cccc(OC(=O)C(CSCC(*)=O)NC(C)=O)c1Cl,COc1cccc(OC(=O)C(CSCC(C)=O)NC(C)=O)c1Cl,coverage,41.0,1.2685615949723126,False
89,PI1M,C/C=C/c1cc(OCC(CC)CCCCCC)c(/C=C/c2ccc(C)cc2)cc1OCCCCCC,C/C=C/c1cc(OCC(CC)CCCCCC)c(/C=C/c2ccc(C)cc2)cc1OCCCCCC,coverage,86.0,9.30515942952161,False
90,PI1M,C/C=C/c1ccc(N(C)c2ccccc2)cc1,C/C=C/c1ccc(N(C)c2ccccc2)cc1,coverage,34.0,0.7666572932453927,False
91,PI1M,CCC(CC)(CCC)COC(=O)OC,CCCC(CC)(CC)COC(=O)OC,coverage,36.0,0.8940806826961882,False
92,PI1M,CN=[PH]1C(C)=C(F)C(Cl)=C1Br,CN=[PH]1C(C)=C(F)C(Cl)=C1Br,feature,18.0,0.1385498383381463,False
93,OMG,*OCC(Cc1ccc(OC)c(OC)c1)OC(=O)C1CC(C(*)=O)CO1,COCC(Cc1ccc(OC)c(OC)c1)OC(=O)C1CC(C(C)=O)CO1,random,52.0,2.404207673904035,True
94,PI1M,CNC(=O)C(C)/C=C/C=C(\C)C#SC[Si](C)(C)CCC(=O)NCCc1ccc(OC(=O)/C=C/C(=O)OCc2ccccc2C)cc1,CNC(=O)C(C)/C=C/C=C(\C)C#SC[Si](C)(C)CCC(=O)NCCc1ccc(OC(=O)/C=C/C(=O)OCc2ccccc2C)cc1,dopt,92.0,11.156095933866299,False
95,OMG,*OC(c1ccccc1)(c1ccccc1)c1ccc(C(OC(=O)CCOCCOCCOCCOCCOCCOCCOCCC(*)=O)(c2ccccc2)c2ccccc2)cc1,COC(c1ccccc1)(c1ccccc1)c1ccc(C(OC(=O)CCOCCOCCOCCOCCOCCOCCOCCC(C)=O)(c2ccccc2)c2ccccc2)cc1,coverage,125.0,25.445495929804235,False
96,OMG,*Oc1cc(N)c(OC(=O)CC2CS(=O)(=O)CC2CC(*)=O)cc1C(=O)OC,COC(=O)c1cc(OC(=O)CC2CS(=O)(=O)CC2CC(C)=O)c(N)cc1OC,random,51.0,2.2818482460254073,True
97,PI1M,CCC(F)(F)C(F)(F)C(F)(F)C(=O)N(C)C(C)C,CCC(F)(F)C(F)(F)C(F)(F)C(=O)N(C)C(C)C,coverage,33.0,0.707498434008989,False
98,PI1M,COC1CCCCC(COC(C)=O)C1,COC1CCCCC(COC(C)=O)C1,coverage,34.0,0.7666572932453927,False
99,OMG,*Oc1cc(NC(C)=O)cc(OC(=O)C(C)(Cc2ccc(OC)cc2)C(*)=O)c1,COc1ccc(CC(C)(C(C)=O)C(=O)Oc2cc(NC(C)=O)cc(OC)c2)cc1,random,54.0,2.6611061495015087,True
100,PI1M,CO[Si](C)(C)S[Si](C)(O)Cl,CO[Si](C)(C)S[Si](C)(O)Cl,feature,23.0,0.2678988587629254,False
101,PI1M,CNC(CCCCNC(C)=O)C(C)(C)C,CNC(CCCCNC(C)=O)C(C)(C)C,coverage,41.0,1.2685615949723126,False
102,PI1M,CCC(OC(C)(C)C)C(C)OC,CCC(OC(C)(C)C)C(C)OC,coverage,34.0,0.7666572932453927,False
103,PI1M,CCCN(C)C(=O)OC,CCCN(C)C(=O)OC,coverage,22.0,0.23770591902308572,False
104,OMG,*Oc1cc(OC(=O)C(C(*)=O)C2CCc3ccccc32)cc(C(C)=NNS(=O)(=O)c2ccccc2)c1,COc1cc(OC(=O)C(C(C)=O)C2CCc3ccccc32)cc(C(C)=NNS(=O)(=O)c2ccccc2)c1,coverage,65.0,4.381874289318153,False
105,PI1M,CCC(C)(C)C(=O)OC(Cl)C1COC(C)C(C)C1,CCC(C)(C)C(=O)OC(Cl)C1COC(C)C(C)C1,random,43.0,1.4419597242422257,True
106,PI1M,CCCc1ccc(C)c(OCCCCCCCCCCCC)c1,CCCCCCCCCCCCOc1cc(CCC)ccc1C,coverage,61.0,3.6936882750981668,False
107,OMG,*OC1CCC1OC(=O)C(OC(=O)c1ccc(C)cc1)C(OC(=O)c1ccc(C)cc1)C(*)=O,COC1CCC1OC(=O)C(OC(=O)c1ccc(C)cc1)C(OC(=O)c1ccc(C)cc1)C(C)=O,coverage,62.0,3.858838735716932,False
108,OMG,*Oc1c(N)ccc(Cl)c1OC(=O)C1=C(C(*)=O)CC(C)=C(C)C1,COc1c(N)ccc(Cl)c1OC(=O)C1=C(C(C)=O)CC(C)=C(C)C1,random,44.0,1.5339481655863532,True
109,OMG,*OC1(CC#N)C=C(Br)C(OC)=C(Br)C1OC(=O)c1cccnc1NCC(*)=O,COC1=C(Br)C(OC(=O)c2cccnc2NCC(C)=O)C(CC#N)(OC)C=C1Br,coverage,48.0,1.9384826272146733,False
110,PI1M,CCCCCCCCCCCOC(=O)c1cc(S(=O)c2ccc(C)cc2)ccc1O,CCCCCCCCCCCOC(=O)c1cc(S(=O)c2ccc(C)cc2)ccc1O,random,64.0,4.202881203832011,True
111,OMG,*Oc1ccccc1Oc1ccccc1OC(=O)C12CCCC(C(*)=O)(C1)C2,COc1ccccc1Oc1ccccc1OC(=O)C12CCCC(C(C)=O)(C1)C2,coverage,52.0,2.404207673904035,False
112,OMG,*Nc1ccccc1NC(=O)C1CC(C)=C(C)CC1C(*)=O,CNc1ccccc1NC(=O)C1CC(C)=C(C)CC1C(C)=O,coverage,46.0,1.7287872538090088,False
113,OMG,*OC(CSc1nc2ccccc2s1)C(CCl)OC(=O)CC1CS(=O)(=O)CC1CC(*)=O,COC(CSc1nc2ccccc2s1)C(CCl)OC(=O)CC1CS(=O)(=O)CC1CC(C)=O,random,58.0,3.2251081841016833,True
114,PI1M,CCc1ccccc1CCCCOC(=O)CCCCCCCCCCC(=O)OC,CCc1ccccc1CCCCOC(=O)CCCCCCCCCCC(=O)OC,coverage,69.0,5.145493557044269,False
115,PI1M,CC(C)c1ccc(C(C)CC)nn1,CCC(C)c1ccc(C(C)C)nn1,coverage,31.0,0.597979011686388,False
116,PI1M,CNc1cc(C(C)=O)c(C)cc1C,CNc1cc(C(C)=O)c(C)cc1C,coverage,28.0,0.4547556347186134,False
117,PI1M,CC(F)(F)C(C)(F)[Si](F)(F)Cl,CC(F)(F)C(C)(F)[Si](F)(F)Cl,feature,17.0,0.11880386870633687,False
118,OMG,*OC(C1COC2(CCCCC2)O1)C(OC(=O)c1cccc(F)c1CC(*)=O)C1COC2(CCCCC2)O1,COC(C1COC2(CCCCC2)O1)C(OC(=O)c1cccc(F)c1CC(C)=O)C1COC2(CCCCC2)O1,coverage,77.0,6.911670651446108,False
119,omics,*CCCC(*)(C)CCCCCCCC,CCCCCCCCC(C)(C)CCCC,coverage,47.0,1.8317500939966918,False
120,OMG,*Oc1cnncc1OC(=O)CCOCCOCCOCCOCCOCCOCCC(*)=O,COc1cnncc1OC(=O)CCOCCOCCOCCOCCOCCOCCC(C)=O,coverage,70.0,5.348558032191515,False
121,OMG,*Oc1cc(OC(=O)C(CS)NCCNC(CS)C(*)=O)ccc1C(=O)CC,CCC(=O)c1ccc(OC(=O)C(CS)NCCNC(CS)C(C)=O)cc1OC,random,56.0,2.934599081644776,True
122,PI1M,CCCCCCCCCC(F)(F)C(=O)NC,CCCCCCCCCC(F)(F)C(=O)NC,coverage,39.0,1.1088856862834737,False
123,PI1M,CCC(COC)C(=O)OC,CCC(COC)C(=O)OC,coverage,24.0,0.30039397989449834,False
124,OMG,*Oc1ccc(C)cc1Sc1cc(C)ccc1OC(=O)CC(CC(*)=O)C1CCOCC1,COc1ccc(C)cc1Sc1cc(C)ccc1OC(=O)CC(CC(C)=O)C1CCOCC1,random,64.0,4.202881203832011,True
125,PI1M,COc1ccc(NC(=O)/C=C/c2ccc(/C=C/C(=O)Oc3ccc(C(C)(C)c4ccc(C)c(C(C)C)c4)cc3)cc2)cc1,COc1ccc(NC(=O)/C=C/c2ccc(/C=C/C(=O)Oc3ccc(C(C)(C)c4ccc(C)c(C(C)C)c4)cc3)cc2)cc1,random,82.0,8.18619805320074,True
126,PI1M,CC(=O)Nc1ccc(CNC(=O)CNc2ccc(N(C)c3ccccc3)cc2)cc1,CC(=O)Nc1ccc(CNC(=O)CNc2ccc(N(C)c3ccccc3)cc2)cc1,random,56.0,2.934599081644776,True
127,PI1M,CCC(C)(COC)C(=O)O,CCC(C)(COC)C(=O)O,coverage,24.0,0.30039397989449834,False
128,PI1M,C/C=C/c1ccc(C)n1CCCCCCCCCCCCCC,C/C=C/c1ccc(C)n1CCCCCCCCCCCCCC,coverage,62.0,3.858838735716932,False
129,PI1M,CCCCCCCCCCCCCCOC(=O)C1CCC(C(=O)OC)C1,CCCCCCCCCCCCCCOC(=O)C1CCC(C(=O)OC)C1,coverage,66.0,4.5655822516472835,False
130,OMG,*Oc1ccc(Sc2ccc(OC(=O)C(CC(*)=O)NC(=O)OCC3c4ccccc4-c4ccccc43)c(C(=O)OCC)c2)cc1C(=O)OCC,CCOC(=O)c1cc(Sc2ccc(OC(=O)C(CC(C)=O)NC(=O)OCC3c4ccccc4-c4ccccc43)c(C(=O)OCC)c2)ccc1OC,random,88.0,9.898773174753035,True
131,OMG,*OC(CSc1ccccc1Cl)C(CCl)OC(=O)C(C)(C(*)=O)C(C)C,COC(CSc1ccccc1Cl)C(CCl)OC(=O)C(C)(C(C)=O)C(C)C,coverage,52.0,2.404207673904035,False
132,OMG,*OC1CCC=CCCC=CCCC1OC(=O)C(CSSCC(NC(=O)OCC1c2ccccc2-c2ccccc21)C(*)=O)NC(=O)OCC1c2ccccc2-c2ccccc21,COC1CCC=CCCC=CCCC1OC(=O)C(CSSCC(NC(=O)OCC1c2ccccc2-c2ccccc21)C(C)=O)NC(=O)OCC1c2ccccc2-c2ccccc21,random,116.0,20.81205551444367,True
133,PI1M,CCCCCCCN(CCOC(=O)c1ccc(C(=O)OC)cc1)c1ccc(/N=N/c2ccc([N+](=O)[O-])cc2)cc1,CCCCCCCN(CCOC(=O)c1ccc(C(=O)OC)cc1)c1ccc(/N=N/c2ccc([N+](=O)[O-])cc2)cc1,coverage,74.0,6.210925368545501,False
134,OMG,*Oc1ccc(OC(=O)C2CC2C(*)=O)c(Cl)c1Cl,COc1ccc(OC(=O)C2CC2C(C)=O)c(Cl)c1Cl,coverage,31.0,0.597979011686388,False
135,PI1M,CCc1ccc(-c2ccc(N(C)c3ccc(C#N)cc3)cc2)cc1,CCc1ccc(-c2ccc(N(C)c3ccc(C#N)cc3)cc2)cc1,coverage,44.0,1.5339481655863532,False
136,PI1M,CN[SH](C)(F)(F)F,CN[SH](C)(F)(F)F,feature,15.0,0.08484152603281661,False
137,PI1M,COc1ccc(NC(=O)c2ccc(C(C)=O)cc2)cc1Cl,COc1ccc(NC(=O)c2ccc(C(C)=O)cc2)cc1Cl,coverage,35.0,0.828831072009792,False
138,PI1M,CCCOCCOCCCOC(=O)NCC1CCCN(C)CC1,CCCOCCOCCCOC(=O)NCC1CCCN(C)CC1,coverage,57.0,3.0777004384750812,False
139,OMG,*Oc1ccc(-c2ccc(OC(=O)CCOCCOCCOCCOCCOCCOCCC(*)=O)cc2)cc1,COc1ccc(-c2ccc(OC(=O)CCOCCOCCOCCOCCOCCOCCC(C)=O)cc2)cc1,coverage,82.0,8.18619805320074,False
140,OMG,*Oc1cccc(OC(=O)C(CC(*)=O)NC(C)(C)C)c1,COc1cccc(OC(=O)C(CC(C)=O)NC(C)(C)C)c1,coverage,44.0,1.5339481655863532,False
141,OMG,*OC(COC)C(COC)OC(=O)c1cc(S)cc(C(*)=O)n1,COCC(OC)C(COC)OC(=O)c1cc(S)cc(C(C)=O)n1,coverage,44.0,1.5339481655863532,False
142,PI1M,Cc1ccc(Cc2ccc(-c3ccc(-c4ccc(C)cc4)cc3)cc2)cc1,Cc1ccc(Cc2ccc(-c3ccc(-c4ccc(C)cc4)cc3)cc2)cc1,coverage,51.0,2.2818482460254073,False
143,PI1M,Cc1ccc(Oc2ccc(-c3ccc(Oc4ccc([Si](C)(C)C)cc4)cc3)cc2)cc1,Cc1ccc(Oc2ccc(-c3ccc(Oc4ccc([Si](C)(C)C)cc4)cc3)cc2)cc1,coverage,59.0,3.3768743086298603,False
144,PI1M,CCCCCCCCCCCOc1ccc([Si](C)(C)CC[Si](C)(C)c2cc(OCC)c(C)c(OC)c2O)cc1OI,CCCCCCCCCCCOc1ccc([Si](C)(C)CC[Si](C)(C)c2cc(OCC)c(C)c(OC)c2O)cc1OI,feature,96.0,12.509288293103786,False
145,OMG,*Oc1nc(OC(=O)CN(CC(*)=O)c2ccc(C=O)cc2)c(C#N)c(-c2ccccc2)n1,COc1nc(OC(=O)CN(CC(C)=O)c2ccc(C=O)cc2)c(C#N)c(-c2ccccc2)n1,random,53.0,2.5306091492877196,True
146,PI1M,CCCC(=O)NCCOCCOCCOC,CCCC(=O)NCCOCCOCCOC,coverage,39.0,1.1088856862834737,False
147,OMG,*OC(c1ccncc1)C(COC(=O)C(C)(C(*)=O)C(C)C)NC(=O)OCc1ccccc1,COC(c1ccncc1)C(COC(=O)C(C)(C(C)=O)C(C)C)NC(=O)OCc1ccccc1,coverage,65.0,4.381874289318153,False
148,PI1M,Cc1ccc(Cn2c(=O)c3cc4c(=O)n(C)c(=O)c4cc3c2=O)cc1,Cc1ccc(Cn2c(=O)c3cc4c(=O)n(C)c(=O)c4cc3c2=O)cc1,coverage,39.0,1.1088856862834737,False
149,PI1M,Cc1ccc(-n2on2-c2ccc(C)o2)o1,Cc1ccc(-n2on2-c2ccc(C)o2)o1,feature,25.0,0.33525989756051233,False
150,OMG,*OC1C2CC(C1OC(=O)C(OC)C(OC)C(*)=O)N(C(=O)OC(C)(C)C)O2,COC(C(C)=O)C(OC)C(=O)OC1C(OC)C2CC1N(C(=O)OC(C)(C)C)O2,coverage,57.0,3.0777004384750812,False
151,PI1M,Cc1c(C)c(C)c2c(=O)c2c(F)c(F)c(C)c(F)c1F,Cc1c(C)c(C)c2c(=O)c2c(F)c(F)c(C)c(F)c1F,feature,32.0,0.6512930237899227,False
152,OMG,*Oc1cc(OC(=O)C(CCC(*)=O)NC(=O)OCC2c3ccccc3-c3ccccc32)ccc1C,COc1cc(OC(=O)C(CCC(C)=O)NC(=O)OCC2c3ccccc3-c3ccccc32)ccc1C,random,65.0,4.381874289318153,True
153,omics,*Oc1ccc(Oc2ccc(Oc3ccc(C(=O)c4ccc(Oc5ccc6c(c5)C(=O)N(*)C6=O)cc4)cc3)cc2)cc1,COc1ccc(Oc2ccc(Oc3ccc(C(=O)c4ccc(Oc5ccc6c(c5)C(=O)N(C)C6=O)cc4)cc3)cc2)cc1,coverage,68.0,4.947342301951497,False
154,PI1M,COC(C)CCC(C)COC(C)OI,COC(C)CCC(C)COC(C)OI,feature,35.0,0.828831072009792,False
155,PI1M,CCC(CC(C)C)C(C)C(=O)OC,CCC(CC(C)C)C(C)C(=O)OC,coverage,35.0,0.828831072009792,False
156,PI1M,COc1ccccc1C,COc1ccccc1C,coverage,19.0,0.16023971771432066,False
157,omics,*/C=C(/*)CNS(=O)(=O)c1ccc(Cl)c2ccccc12,C/C=C(/C)CNS(=O)(=O)c1ccc(Cl)c2ccccc12,random,36.0,0.8940806826961882,True
158,OMG,*OCC(COC(=O)C1CCC(C(*)=O)CO1)C1CN(C(=O)OC(C)(C)C)C1,COCC(COC(=O)C1CCC(C(C)=O)CO1)C1CN(C(=O)OC(C)(C)C)C1,coverage,61.0,3.6936882750981668,False
159,PI1M,CNc1ccc(-c2ccc(-c3ccc(NCC(C)=O)cc3)cc2)cc1,CNc1ccc(-c2ccc(-c3ccc(NCC(C)=O)cc3)cc2)cc1,coverage,47.0,1.8317500939966918,False
160,OMG,*Oc1nc(SC)nc(OC(=O)C2CSCC(C(*)=O)N2)c1NC(=O)C(=O)OCC,CCOC(=O)C(=O)Nc1c(OC)nc(SC)nc1OC(=O)C1CSCC(C(C)=O)N1,coverage,52.0,2.404207673904035,False
161,PI1M,CCCN(CCOC(=O)Nc1ccc(C#C)cc1CCNC(=O)OC)OC(Cc1ccccc1)[SH](C)(C)S(=O)(=O)CC(=O)OCCCCCCCCCCCC,C#Cc1ccc(NC(=O)OCCN(CCC)OC(Cc2ccccc2)[SH](C)(C)S(=O)(=O)CC(=O)OCCCCCCCCCCCC)c(CCNC(=O)OC)c1,dopt,122.0,23.83586566594661,False
162,OMG,*Nc1ccc(NS(=O)(=O)c2ccc(NC(=O)c3ccc(NC(=O)c4ccc(C(=O)Nc5ccc(C(*)=O)cc5)cc4)cc3)cc2)cc1,CNc1ccc(NS(=O)(=O)c2ccc(NC(=O)c3ccc(NC(=O)c4ccc(C(=O)Nc5ccc(C(C)=O)cc5)cc4)cc3)cc2)cc1,coverage,79.0,7.405252308862643,False
163,OMG,*Nc1cc(C(=O)OC)cc(NC(=O)CN(CC(*)=O)S(=O)(=O)c2ccc(OC)cc2)n1,CNc1cc(C(=O)OC)cc(NC(=O)CN(CC(C)=O)S(=O)(=O)c2ccc(OC)cc2)n1,random,56.0,2.934599081644776,True
164,PI1M,CC(=O)NNC(=O)c1ccc(/C=C/c2ccc(C)nc2)cc1,CC(=O)NNC(=O)c1ccc(/C=C/c2ccc(C)nc2)cc1,coverage,39.0,1.1088856862834737,False
165,OMG,*OCCC1(CCOC(=O)C2CC(C(*)=O)CN(C(=O)OCc3ccccc3)C2)CCCC1,COCCC1(CCOC(=O)C2CC(C(C)=O)CN(C(=O)OCc3ccccc3)C2)CCCC1,random,70.0,5.348558032191515,True
166,PI1M,CCCCCCOCCCCOCCCCCCOC(C)=O,CCCCCCOCCCCOCCCCCCOC(C)=O,coverage,58.0,3.2251081841016833,False
167,OMG,*Oc1ccc(C(c2ccccc2)(c2ccccc2)c2ccc(OC(=O)C(CC(*)=O)Cc3ccccc3)cc2)cc1,COc1ccc(C(c2ccccc2)(c2ccccc2)c2ccc(OC(=O)C(CC(C)=O)Cc3ccccc3)cc2)cc1,random,76.0,6.672852850107062,True
168,PI1M,CCCCCCCNC(=O)c1ccc(NC(=O)CCCCC(=O)Nc2ccc(C(=O)NC)cc2)cc1,CCCCCCCNC(=O)c1ccc(NC(=O)CCCCC(=O)Nc2ccc(C(=O)NC)cc2)cc1,coverage,74.0,6.210925368545501,False
169,OMG,*Oc1cc(COC)ccc1OC(=O)C(CSSCC(NC(=O)OCC1c2ccccc2-c2ccccc21)C(*)=O)NC(=O)OCC1c2ccccc2-c2ccccc21,COCc1ccc(OC(=O)C(CSSCC(NC(=O)OCC2c3ccccc3-c3ccccc32)C(C)=O)NC(=O)OCC2c3ccccc3-c3ccccc32)c(OC)c1,coverage,103.0,15.11663472847618,False
170,OMG,*NP(=S)(NC(=O)C(C)(Cl)CSSCC(C)(Cl)C(*)=O)NC1CCCCC1,CNP(=S)(NC(=O)C(C)(Cl)CSSCC(C)(Cl)C(C)=O)NC1CCCCC1,dopt,57.0,3.0777004384750812,False
171,OMG,*Oc1cc(OC(=O)C(CCC(*)=O)NC(=O)CBr)ccc1C=NNC(=O)OC(C)(C)C,COc1cc(OC(=O)C(CCC(C)=O)NC(=O)CBr)ccc1C=NNC(=O)OC(C)(C)C,random,60.0,3.533050524994261,True
172,PI1M,CCC(C)CCCCOc1ccc(C)cc1,CCC(C)CCCCOc1ccc(C)cc1,coverage,40.0,1.187037287474881,False
173,PI1M,CN=P(C)(OC)OC(C)=O,CN=P(C)(OC)OC(C)=O,coverage,22.0,0.23770591902308572,False
174,PI1M,CCCCCCCCOC(=O)CC(=O)NCCCCCCCCCCCCNC(=O)CCCCCOC,CCCCCCCCOC(=O)CC(=O)NCCCCCCCCCCCCNC(=O)CCCCCOC,random,95.0,12.161845525102757,True
175,OMG,*Oc1ccc(NC(=O)C(C)OC(=O)CCOCCOCCOCCOCCOCCOCCC(*)=O)cc1,COc1ccc(NC(=O)C(C)OC(=O)CCOCCOCCOCCOCCOCCOCCC(C)=O)cc1,random,82.0,8.18619805320074,True
176,PI1M,CCC(F)(F)C(F)(F)COC(=O)c1cccc(C(=O)OC)c1,CCC(F)(F)C(F)(F)COC(=O)c1cccc(C(=O)OC)c1,coverage,36.0,0.8940806826961882,False
177,PI1M,COC(=O)c1ccccc1C(=O)NCCCCCCNC(C)=O,COC(=O)c1ccccc1C(=O)NCCCCCCNC(C)=O,coverage,47.0,1.8317500939966918,False
178,OMG,*NCCN(CCNC(=O)CCN(C)CCC(*)=O)N(O)N=O,CNCCN(CCNC(=O)CCN(C)CCC(C)=O)N(O)N=O,dopt,51.0,2.2818482460254073,False
179,PI1M,CNC(CCC(=O)NC(C)C)C1C=CC2=CC=C(CCC(=C)C(=CCCCCCC)N2)NC1=O,C=C1CCC2=CC=C(C=CC(C(CCC(=O)NC(C)C)NC)C(=O)N2)NC1=CCCCCCC,random,78.0,7.155788006079488,True
180,OMG,*NCC(CO)CNC(=O)c1ccccc1C(=O)Nc1cccc2c(NC(=O)c3ccccc3C(*)=O)cccc12,CNCC(CO)CNC(=O)c1ccccc1C(=O)Nc1cccc2c(NC(=O)c3ccccc3C(C)=O)cccc12,random,73.0,5.987719929256527,True
181,PI1M,Cc1ccc(C)c(C(=O)NCCCCCCCC)c1,CCCCCCCCNC(=O)c1cc(C)ccc1C,coverage,46.0,1.7287872538090088,False
182,OMG,*Oc1cc(C)ccc1C(CC)OC(=O)CCOCCOCCOCCOCCOCCC(*)=O,CCC(OC(=O)CCOCCOCCOCCOCCOCCC(C)=O)c1ccc(C)cc1OC,random,77.0,6.911670651446108,True
183,PolyInfo,*c1ccc(Oc2ccc(N3C(=O)C(C)C(SCCOCCSC4C(=O)N(c5ccc(Oc6ccc(N7C(=O)CC(C)(SCCOCCSC8(C)CC(=O)N(*)C8=O)C7=O)cc6)cc5)C(=O)C4C)C3=O)cc2)cc1,Cc1ccc(Oc2ccc(N3C(=O)C(C)C(SCCOCCSC4C(=O)N(c5ccc(Oc6ccc(N7C(=O)CC(C)(SCCOCCSC8(C)CC(=O)N(C)C8=O)C7=O)cc6)cc5)C(=O)C4C)C3=O)cc2)cc1,dopt,132.0,29.462314394736644,False
184,PI1M,CNc1ccc(/N=N/c2ccc(C#Cc3ccc(C)cc3)cc2)cc1,CNc1ccc(/N=N/c2ccc(C#Cc3ccc(C)cc3)cc2)cc1,coverage,44.0,1.5339481655863532,False
185,OMG,*Oc1nc(NC)cc(OC(=O)c2ccc(F)cc2CC(*)=O)n1,CNc1cc(OC(=O)c2ccc(F)cc2CC(C)=O)nc(OC)n1,random,40.0,1.187037287474881,True
186,PI1M,CO[Si](C)(C)CCCCCCCCCOc1ccc(-c2ccc(-c3ccccc3)cc2)cc1,CO[Si](C)(C)CCCCCCCCCOc1ccc(-c2ccc(-c3ccccc3)cc2)cc1,coverage,73.0,5.987719929256527,False
187,OMG,*NC(=NN=Cc1ccccc1OCc1ccccc1)NC(=O)CN(CC(*)=O)S(=O)(=O)c1ccc(F)cc1,CNC(=NN=Cc1ccccc1OCc1ccccc1)NC(=O)CN(CC(C)=O)S(=O)(=O)c1ccc(F)cc1,coverage,67.0,4.754055023099274,False
188,PI1M,CCC(C)C(=O)OCCCCCCCCCCOc1ccc(-c2ccc(/C=C/c3ccc(C#N)cc3)cc2)cc1,CCC(C)C(=O)OCCCCCCCCCCOc1ccc(-c2ccc(/C=C/c3ccc(C#N)cc3)cc2)cc1,coverage,83.0,8.457520383218988,False
189,PI1M,C/C=C/C1CC(C)C(C)C1O,C/C=C/C1CC(C)C(C)C1O,coverage,29.0,0.49977393112088747,False
190,PI1M,CCC(OC)C(C)(C)C(F)(F)F,CCC(OC)C(C)(C)C(F)(F)F,coverage,27.0,0.41237422298650106,False
191,OMG,*OCCNC(=O)C(=O)NCCOC(=O)CCOCCOCCOCCOCCOCCOCCC(*)=O,COCCNC(=O)C(=O)NCCOC(=O)CCOCCOCCOCCOCCOCCOCCC(C)=O,random,82.0,8.18619805320074,True
192,PI1M,CCCC(F)(F)C(F)(F)C(F)(F)COC(F)(F)C(F)(C(F)(F)C(F)(F)C(F)(F)C(F)(F)C(F)(F)C(F)(F)C(F)(F)C(F)(F)C(F)(F)C(F)(F)C(F)(F)F)[Si](C)(C)CCC(=O)OC,CCCC(F)(F)C(F)(F)C(F)(F)COC(F)(F)C(F)(C(F)(F)C(F)(F)C(F)(F)C(F)(F)C(F)(F)C(F)(F)C(F)(F)C(F)(F)C(F)(F)C(F)(F)C(F)(F)F)[Si](C)(C)CCC(=O)OC,dopt,84.0,8.734423876530629,False
193,OMG,*Oc1nc(S)nc2c1C(c1ccccc1)c1c(OC(=O)C3=CCC=C(C(*)=O)O3)nc(S)nc1O2,COc1nc(S)nc2c1C(c1ccccc1)c1c(OC(=O)C3=CCC=C(C(C)=O)O3)nc(S)nc1O2,dopt,54.0,2.6611061495015087,False
194,PI1M,COC(=O)Nc1cccc(CNC(C)=O)c1,COC(=O)Nc1cccc(CNC(C)=O)c1,coverage,30.0,0.5474937425136082,False
195,OMG,*Oc1ccc(OC(=O)C(CCC(*)=O)NC=N)c(OC)c1OC,COc1ccc(OC(=O)C(CCC(C)=O)NC=N)c(OC)c1OC,coverage,46.0,1.7287872538090088,False
196,PI1M,CCC(C)CC(C#N)C(=O)OC,CCC(C)CC(C#N)C(=O)OC,coverage,27.0,0.41237422298650106,False
197,PI1M,CCC(C)(C)C(=O)Nc1ccc(Cl)c(Cl)c1,CCC(C)(C)C(=O)Nc1ccc(Cl)c(Cl)c1,coverage,31.0,0.597979011686388,False
198,omics,*CCCCCNc1nc(NCCCCCc2ccc3[nH]c(-c4nc5cc(-c6ccc7nc(*)[nH]c7c6)ccc5[nH]4)nc3c2)nc(N(CC)CC)n1,CCCCCCNc1nc(NCCCCCc2ccc3[nH]c(-c4nc5cc(-c6ccc7nc(C)[nH]c7c6)ccc5[nH]4)nc3c2)nc(N(CC)CC)n1,dopt,102.0,14.725072667614862,False
199,PI1M,CCCCCCCCCCCCCCCCSCCC(=O)NC,CCCCCCCCCCCCCCCCSCCC(=O)NC,coverage,64.0,4.202881203832011,False
200,PI1M,CC(=O)N1CCC(C)C1,CC(=O)N1CCC(C)C1,coverage,22.0,0.23770591902308572,False
201,omics,*/C=C/c1ccc(*)n1CC(=O)OC,C/C=C/c1ccc(C)n1CC(=O)OC,random,29.0,0.49977393112088747,True
202,PI1M,COc1ccc(OC(=O)CCCCCCCCCC(C)=O)c(OCCCCCC)c1,CCCCCCOc1cc(OC)ccc1OC(=O)CCCCCCCCCC(C)=O,coverage,70.0,5.348558032191515,False
203,PI1M,CN=P(C)(Br)c1ccc(CCCC(F)(F)F)cc1,CN=P(C)(Br)c1ccc(CCCC(F)(F)F)cc1,feature,34.0,0.7666572932453927,False
204,PI1M,C[SH]=P(C)(Oc1ccc(Br)cc1)Oc1ccc(C(C)(C)C)cc1,C[SH]=P(C)(Oc1ccc(Br)cc1)Oc1ccc(C(C)(C)C)cc1,dopt,47.0,1.8317500939966918,False
205,PI1M,COc1ccc(C(C)(C)c2ccc([N+](=O)[O-])cc2C(=O)OC)cc1-c1ccccc1-c1ccc(C)cc1,COC(=O)c1cc([N+](=O)[O-])ccc1C(C)(C)c1ccc(OC)c(-c2ccccc2-c2ccc(C)cc2)c1,random,66.0,4.5655822516472835,True
206,PI1M,CCNC(=O)c1ccc(C(=O)N2CCN(C)CC2)cc1,CCNC(=O)c1ccc(C(=O)N2CCN(C)CC2)cc1,coverage,41.0,1.2685615949723126,False
207,OMG,*OCN1c2nonc2N(COC(=O)CCOc2ccc(OCCC(*)=O)cc2)c2nonc21,COCN1c2nonc2N(COC(=O)CCOc2ccc(OCCC(C)=O)cc2)c2nonc21,dopt,56.0,2.934599081644776,False
208,PI1M,COP(=O)(OC)Oc1ccc(OC)cc1,COc1ccc(OP(=O)(OC)OC)cc1,coverage,28.0,0.4547556347186134,False
209,omics,*/C=C/c1ccc(Cc2ccc(/C=C/c3ccc(*)cc3)cc2)cc1,C/C=C/c1ccc(Cc2ccc(/C=C/c3ccc(C)cc3)cc2)cc1,coverage,49.0,2.04904001620089,False
210,PI1M,CO[Si](C)(C)[Si](C)(C)O[Si](C)(C)O[Si](C)(C)O[Si](C)(C)O[Si](C)(C)O[Si](C)(C)[SH](C)(F)Cl,CO[Si](C)(C)[Si](C)(C)O[Si](C)(C)O[Si](C)(C)O[Si](C)(C)O[Si](C)(C)O[Si](C)(C)[SH](C)(F)Cl,dopt,81.0,7.920410401396693,False
211,PI1M,CCC(C)CS(=O)(=O)CCC,CCCS(=O)(=O)CC(C)CC,coverage,29.0,0.49977393112088747,False
212,OMG,*OCCOCCOCCOCCOCCOCCOC(=O)C1C2CCC(O2)C1C(*)=O,COCCOCCOCCOCCOCCOCCOC(=O)C1C2CCC(O2)C1C(C)=O,coverage,70.0,5.348558032191515,False
213,PI1M,CC(=O)OCCCCCCCCCCOc1ccc(/C=C/c2ccc(/C=C/c3ccc(C)cc3)cc2)cc1,CC(=O)OCCCCCCCCCCOc1ccc(/C=C/c2ccc(/C=C/c3ccc(C)cc3)cc2)cc1,coverage,80.0,7.66011076664799,False
214,OMG,*OCC(OC(=O)CCC1(CCC(*)=O)N=N1)C(F)(F)C(OCc1ccccc1)C1COC(C)(C)O1,COCC(OC(=O)CCC1(CCC(C)=O)N=N1)C(F)(F)C(OCc1ccccc1)C1COC(C)(C)O1,coverage,70.0,5.348558032191515,False
215,PI1M,CCCOCCOCCOCCOCCOC(=O)CCCS(=O)(=S)CCCOC(=O)c1ccc(C(=O)Nc2ccc(N3C(=O)c4ccc(C)cc4C3=O)cc2)cc1,CCCOCCOCCOCCOCCOC(=O)CCCS(=O)(=S)CCCOC(=O)c1ccc(C(=O)Nc2ccc(N3C(=O)c4ccc(C)cc4C3=O)cc2)cc1,dopt,107.0,16.748092337316944,False
216,OMG,*OCCc1ccc(CCOC(=O)CC2CNCC2CC(*)=O)cc1,COCCc1ccc(CCOC(=O)CC2CNCC2CC(C)=O)cc1,coverage,54.0,2.6611061495015087,False
217,PI1M,Cc1ccc(-c2ccc(-c3ccc([Si](C)(C)c4ccc(-c5nnc(C)[nH]5)cc4)cc3)cc2)cc1,Cc1ccc(-c2ccc(-c3ccc([Si](C)(C)c4ccc(-c5nnc(C)[nH]5)cc4)cc3)cc2)cc1,random,63.0,4.0285528241783775,True
218,OMG,*Oc1cccc(OC(=O)C(CCC(*)=O)NC(N)=O)c1C,COc1cccc(OC(=O)C(CCC(C)=O)NC(N)=O)c1C,coverage,42.0,1.3535165667832443,False
219,PI1M,CCC(C)C(=O)OC(C)=O,CCC(C)C(=O)OC(C)=O,coverage,22.0,0.23770591902308572,False
220,PI1M,CCCCCCCCCCCCc1ccc(C)o1,CCCCCCCCCCCCc1ccc(C)o1,coverage,48.0,1.9384826272146733,False
221,omics,*CC(*)CCCCCn1c2ccccc2c2ccccc21,CCC(C)CCCCCn1c2ccccc2c2ccccc21,coverage,49.0,2.04904001620089,False
222,PI1M,CCC(C)C(C)CCNC(=O)CCCCCCC(=O)NC,CCC(C)C(C)CCNC(=O)CCCCCCC(=O)NC,random,55.0,2.7957518399460364,True
223,PI1M,CNC1=C(Br)[Si](C(C)=O)C(Cl)=C1F,CNC1=C(Br)[Si](C(C)=O)C(Cl)=C1F,feature,20.0,0.1839474081746623,False
224,PI1M,CCC(OC)C(=O)OCl,CCC(OC)C(=O)OCl,feature,18.0,0.1385498383381463,False
225,OMG,*OC(CCl)C(CSc1ccc(C(=O)OC)cc1)OC(=O)C1=CCC=C(C(*)=O)O1,COC(=O)c1ccc(SCC(OC(=O)C2=CCC=C(C(C)=O)O2)C(CCl)OC)cc1,coverage,53.0,2.5306091492877196,False
226,OMG,*NNC(=O)c1cccc(C(=O)NNC(=O)COc2cccc(C(*)=O)c2)c1,CNNC(=O)c1cccc(C(=O)NNC(=O)COc2cccc(C(C)=O)c2)c1,coverage,48.0,1.9384826272146733,False
227,PI1M,CO[Si](C)(C)O[Si](C)(CC)O[Si](C)(C)O[Si](C)(C)O[Si](C)(C)O[Si](C)(C)Oc1cc(OC(C)=O)c(I)cc1Cl,CC[Si](C)(O[Si](C)(C)OC)O[Si](C)(C)O[Si](C)(C)O[Si](C)(C)O[Si](C)(C)Oc1cc(OC(C)=O)c(I)cc1Cl,dopt,85.0,9.016954844909401,False
228,OMG,*OC(COC(=O)C(CC(*)=O)c1ccccc1Cl)c1ccccc1Br,COC(COC(=O)C(CC(C)=O)c1ccccc1Cl)c1ccccc1Br,coverage,46.0,1.7287872538090088,False
229,PI1M,COc1ccc(C(C)(CCCC)c2ccc(OC(C)=S)cc2)cc1,CCCCC(C)(c1ccc(OC)cc1)c1ccc(OC(C)=S)cc1,coverage,50.0,2.1634770685187323,False
230,PI1M,Cc1ccc(N(C)c2ccc(F)cc2)cc1,Cc1ccc(N(C)c2ccc(F)cc2)cc1,coverage,30.0,0.5474937425136082,False
231,OMG,*OCN1c2nonc2N(COC(=O)C2(C(*)=O)CCC(=O)CS2)c2nonc21,COCN1c2nonc2N(COC(=O)C2(C(C)=O)CCC(=O)CS2)c2nonc21,dopt,45.0,1.629538578803666,False
232,omics,*N=S(*)(=O)NCC=C,C=CCNS(C)(=O)=NC,feature,21.0,0.2097456137295212,False
233,PI1M,CCCNS(C)(=S)=NN=C,C=NN=S(C)(=S)NCCC,feature,23.0,0.2678988587629254,False
234,PI1M,CC(=O)OCC1COC(C)OC1,CC(=O)OCC1COC(C)OC1,coverage,26.0,0.372564345698904,False
235,OMG,*OCC(OC(=O)C(CCCc1ccccc1)C(*)=O)c1ccc(OC)cc1C,COCC(OC(=O)C(CCCc1ccccc1)C(C)=O)c1ccc(OC)cc1C,random,59.0,3.3768743086298603,True
236,PolyInfo,*N=P(*)(Oc1ccc(C)cc1)Oc1ccc(C)cc1,CN=P(C)(Oc1ccc(C)cc1)Oc1ccc(C)cc1,coverage,40.0,1.187037287474881,False
237,OMG,*OCCCCCCCCCCCCCCCCCCCCCCOC(=O)C1C2CC(C(Br)C2Br)C1C(*)=O,COCCCCCCCCCCCCCCCCCCCCCCOC(=O)C1C2CC(C(Br)C2Br)C1C(C)=O,coverage,97.0,12.862901673682583,False
238,OMG,*Nc1c(OC)ccc(C(=O)OC)c1NC(=O)c1cccc(Br)c1C(*)=O,CNc1c(OC)ccc(C(=O)OC)c1NC(=O)c1cccc(Br)c1C(C)=O,random,46.0,1.7287872538090088,True
239,OMG,*Oc1ccc(Br)cc1C(F)(F)COC(=O)CCN(CCC(*)=O)S(=O)(=O)c1ccc(F)cc1,COc1ccc(Br)cc1C(F)(F)COC(=O)CCN(CCC(C)=O)S(=O)(=O)c1ccc(F)cc1,random,57.0,3.0777004384750812,True
240,OMG,*OC(COC(=O)C(N)C(*)=O)Cc1ccccc1,COC(COC(=O)C(N)C(C)=O)Cc1ccccc1,coverage,38.0,1.0340483823546922,False
241,omics,*c1cnc2cc(-c3ccc(-c4cnc5cc(-c6ccc7nc(*)cnc7c6)ccc5n4)cc3)ccc2n1,Cc1cnc2cc(-c3ccc(-c4cnc5cc(-c6ccc7nc(C)cnc7c6)ccc5n4)cc3)ccc2n1,coverage,60.0,3.533050524994261,False
242,OMG,*OC(c1ccc(OC(=O)c2cc(C(*)=O)ccc2N)cc1C)C1CC1,COC(c1ccc(OC(=O)c2cc(C(C)=O)ccc2N)cc1C)C1CC1,random,49.0,2.04904001620089,True
243,OMG,*Oc1ccccc1C(=O)NC(=O)c1ccccc1OC(=O)c1cc(C(*)=O)c(=O)[nH]c1C,COc1ccccc1C(=O)NC(=O)c1ccccc1OC(=O)c1cc(C(C)=O)c(=O)[nH]c1C,coverage,53.0,2.5306091492877196,False
244,PI1M,CCC(C)c1ccccc1C(=O)Nc1ccc(C)cc1,CCC(C)c1ccccc1C(=O)Nc1ccc(C)cc1,coverage,41.0,1.2685615949723126,False
245,OMG,*Oc1cc(C=NNS(=O)(=O)c2ccc(OC)cc2)ccc1OC(=O)C(CSSCC(NC(C)=O)C(*)=O)NC(C)=O,COc1ccc(S(=O)(=O)NN=Cc2ccc(OC(=O)C(CSSCC(NC(C)=O)C(C)=O)NC(C)=O)c(OC)c2)cc1,random,74.0,6.210925368545501,True
246,OMG,*Oc1c(OCC)cc(C(=O)OC)cc1OC(=O)C(CC(*)=O)NC(C)(C)C,CCOc1cc(C(=O)OC)cc(OC(=O)C(CC(C)=O)NC(C)(C)C)c1OC,random,57.0,3.0777004384750812,True
247,OMG,*Nc1cc(C(=O)O)c(NC(=O)c2csc(C(*)=O)c2)cc1Cl,CNc1cc(C(=O)O)c(NC(=O)c2csc(C(C)=O)c2)cc1Cl,random,36.0,0.8940806826961882,True
248,PI1M,COC(c1ccccc1)c1ccc(C)cc1,COC(c1ccccc1)c1ccc(C)cc1,coverage,32.0,0.6512930237899227,False
249,OMG,*OCC(OC(=O)C(OC(=O)c1ccc(C)cc1)C(OC(=O)c1ccc(C)cc1)C(*)=O)c1ccc(NC(=O)OC(C)(C)C)cc1Cl,COCC(OC(=O)C(OC(=O)c1ccc(C)cc1)C(OC(=O)c1ccc(C)cc1)C(C)=O)c1ccc(NC(=O)OC(C)(C)C)cc1Cl,random,85.0,9.016954844909401,True
250,OMG,*Oc1c(OCC)ccc(C)c1OC(=O)C1(C(*)=O)CCC(=O)CS1,CCOc1ccc(C)c(OC(=O)C2(C(C)=O)CCC(=O)CS2)c1OC,random,47.0,1.8317500939966918,True
251,PI1M,Cc1nnc(-c2ccc(Oc3ccc(C)c(CCCCCCC)c3)s2)s1,CCCCCCCc1cc(Oc2ccc(-c3nnc(C)s3)s2)ccc1C,random,52.0,2.404207673904035,True
252,PI1M,CNc1cc(OCCC)c(C)cc1OC,CCCOc1cc(NC)c(OC)cc1C,coverage,34.0,0.7666572932453927,False
253,PI1M,CC(=O)CC(=O)N(C)CC,CCN(C)C(=O)CC(C)=O,coverage,23.0,0.2678988587629254,False
254,PI1M,COS(=O)(=O)c1cc(/C=C/c2ccc(C)cc2)cc(OCCCCCC)c1,CCCCCCOc1cc(/C=C/c2ccc(C)cc2)cc(S(=O)(=O)OC)c1,random,55.0,2.7957518399460364,True
255,PI1M,COC(=O)c1ccc(NC(=O)CCCCCCCCCCCCCCCC(=O)Nc2ccc(C)cc2)cc1,COC(=O)c1ccc(NC(=O)CCCCCCCCCCCCCCCC(=O)Nc2ccc(C)cc2)cc1,coverage,84.0,8.734423876530629,False
256,PI1M,COc1ccc(C)cc1C(=O)OC,COC(=O)c1cc(C)ccc1OC,coverage,25.0,0.33525989756051233,False
257,OMG,*OC1(Cc2cc(OC)ccc2OC(=O)C2C=C(C(*)=O)N=N2)CC1,COc1ccc(OC(=O)C2C=C(C(C)=O)N=N2)c(CC2(OC)CC2)c1,random,45.0,1.629538578803666,True
258,PI1M,Cc1ccc(S(=O)(=O)c2ccc(N(C)CC)cc2)cc1,CCN(C)c1ccc(S(=O)(=O)c2ccc(C)cc2)cc1,random,39.0,1.1088856862834737,True
259,OMG,*OC(CCl)C(COc1ccccc1SC)OC(=O)c1cc(C(*)=O)cc(C)n1,COC(CCl)C(COc1ccccc1SC)OC(=O)c1cc(C(C)=O)cc(C)n1,random,53.0,2.5306091492877196,True
260,PolyInfo,*CCCCCCNC(=O)NCCCCNC(=O)N*,CCCCCCCNC(=O)NCCCCNC(=O)NC,coverage,50.0,2.1634770685187323,False
261,OMG,*Oc1cccnc1COC(=O)c1sc(Br)cc1C(*)=O,COc1cccnc1COC(=O)c1sc(Br)cc1C(C)=O,random,33.0,0.707498434008989,True
262,PI1M,COP(=O)(N=O)c1cc(C)sc1Cl,COP(=O)(N=O)c1cc(C)sc1Cl,feature,20.0,0.1839474081746623,False
263,PI1M,CNc1ccc([Si]c2ccc(NC(=O)CCN(C)CCCC)cc2)cc1,CCCCN(C)CCC(=O)Nc1ccc([Si]c2ccc(NC)cc2)cc1,dopt,55.0,2.7957518399460364,False
264,PI1M,COc1ccc(OCCCCCCCCCCCOc2ccc(/N=C/c3ccc(OC(=O)CCCCCCCCCCCCC(C)=O)cc3)cc2)cc1,COc1ccc(OCCCCCCCCCCCOc2ccc(/N=C/c3ccc(OC(=O)CCCCCCCCCCCCC(C)=O)cc3)cc2)cc1,coverage,118.0,21.791422663881537,False
265,OMG,*OCC(C)(COC(=O)C1CCC(C(*)=O)O1)c1ccccc1F,COCC(C)(COC(=O)C1CCC(C(C)=O)O1)c1ccccc1F,random,47.0,1.8317500939966918,True
266,PI1M,CCC(C)(C#C)C(=O)OCCC(F)(F)N(F)Cl,C#CC(C)(CC)C(=O)OCCC(F)(F)N(F)Cl,feature,30.0,0.5474937425136082,False
267,omics,*COC(=O)OC1C(*)OC(O)C(O)C1OC(=O)CC,CCOC(=O)OC1C(C)OC(O)C(O)C1OC(=O)CC,random,40.0,1.187037287474881,True
268,PI1M,CN=P(C)(CCC)c1ccc(OC)cc1,CCCP(C)(=NC)c1ccc(OC)cc1,coverage,35.0,0.828831072009792,False
269,PI1M,CCC(C)(C)C(=O)OCCCCCCCCCCCCCCCCOc1ccc(/N=N/c2ccccc2)cc1,CCC(C)(C)C(=O)OCCCCCCCCCCCCCCCCOc1ccc(/N=N/c2ccccc2)cc1,coverage,91.0,10.832889919296674,False
270,OMG,*Oc1ccc(OC(=O)CCC(=NN=C(CCC(*)=O)c2ccccc2)c2ccccc2)c(C)c1Br,COc1ccc(OC(=O)CCC(=NN=C(CCC(C)=O)c2ccccc2)c2ccccc2)c(C)c1Br,random,65.0,4.381874289318153,True
271,OMG,*OCCCOC(=O)c1ncnc(C(*)=O)c1C,COCCCOC(=O)c1ncnc(C(C)=O)c1C,coverage,34.0,0.7666572932453927,False
272,PI1M,CCCCCCCCC(=O)NCCCCCCNC(=O)COCCOCCOC,CCCCCCCCC(=O)NCCCCCCNC(=O)COCCOCCOC,random,73.0,5.987719929256527,True
273,OMG,*OCC1(COC(=O)C(CSSCC(NC(=O)OCc2ccccc2)C(*)=O)NC(=O)OCc2ccccc2)CC(F)(F)C1,COCC1(COC(=O)C(CSSCC(NC(=O)OCc2ccccc2)C(C)=O)NC(=O)OCc2ccccc2)CC(F)(F)C1,random,80.0,7.66011076664799,True
274,omics,*CCCCCCCCc1ccc2nc(-c3ccccc3)c(-c3nc4cc(C(=O)c5ccc(-c6nc7cc(-c8ccc9nc(*)[nH]c9c8)ccc7[nH]6)cc5)ccc4[nH]3)nc2c1,CCCCCCCCCc1ccc2nc(-c3ccccc3)c(-c3nc4cc(C(=O)c5ccc(-c6nc7cc(-c8ccc9nc(C)[nH]c9c8)ccc7[nH]6)cc5)ccc4[nH]3)nc2c1,dopt,107.0,16.748092337316944,False
275,OMG,*OC(c1cccs1)(c1cccs1)C(OC(=O)C(N)C(*)=O)(c1cccs1)c1cccs1,COC(c1cccs1)(c1cccs1)C(OC(=O)C(N)C(C)=O)(c1cccs1)c1cccs1,dopt,53.0,2.5306091492877196,False
276,PI1M,COc1ccc(-c2ccc(OC(=O)c3ccccc3)cc2)cc1C,COc1ccc(-c2ccc(OC(=O)c3ccccc3)cc2)cc1C,coverage,42.0,1.3535165667832443,False
277,OMG,*Oc1cc(Cl)c(OC(=O)CSCCCC(*)=O)cc1OC,COc1cc(Cl)c(OC(=O)CSCCCC(C)=O)cc1OC,coverage,41.0,1.2685615949723126,False
278,PI1M,CCCSC(=O)NNC(=O)c1ccc(C(=O)NNC(=O)c2ccc(C(=O)NNC(=O)c3ccc4c(c3)C(=O)N(C)C4=O)cc2)cc1,CCCSC(=O)NNC(=O)c1ccc(C(=O)NNC(=O)c2ccc(C(=O)NNC(=O)c3ccc4c(c3)C(=O)N(C)C4=O)cc2)cc1,dopt,73.0,5.987719929256527,False
279,PI1M,COc1ccc(C(C)(C)c2ccc(C(C)(C)c3ccc(C)cc3)cc2)cc1C,COc1ccc(C(C)(C)c2ccc(C(C)(C)c3ccc(C)cc3)cc2)cc1C,coverage,60.0,3.533050524994261,False
280,PI1M,CCC(C)C(=O)OCCOC(F)(F)C(F)(F)C(F)(F)C(F)(F)C(F)(F)C(F)(F)C(F)(F)C(F)(F)F,CCC(C)C(=O)OCCOC(F)(F)C(F)(F)C(F)(F)C(F)(F)C(F)(F)C(F)(F)C(F)(F)C(F)(F)F,coverage,48.0,1.9384826272146733,False
281,OMG,*Oc1cc(Cl)c(OC(=O)c2cc(C=O)ccc2C(*)=O)cc1Cl,COc1cc(Cl)c(OC(=O)c2cc(C=O)ccc2C(C)=O)cc1Cl,coverage,36.0,0.8940806826961882,False
282,OMG,*Oc1nc(OC(=O)C2CC(C)C(C)CC2C(*)=O)nc2c(Cl)cccc12,COc1nc(OC(=O)C2CC(C)C(C)CC2C(C)=O)nc2c(Cl)cccc12,random,50.0,2.1634770685187323,True
283,PI1M,CN=P(C)(Oc1cc(Br)c(Br)cc1Br)[SH]=NO,CN=P(C)(Oc1cc(Br)c(Br)cc1Br)[SH]=NO,feature,27.0,0.41237422298650106,False
284,PI1M,COc1ccc(C(C)(CCCC)c2ccc(C(C)=O)cc2)cc1C(C)CC,CCCCC(C)(c1ccc(C(C)=O)cc1)c1ccc(OC)c(C(C)CC)c1,random,61.0,3.6936882750981668,True
285,OMG,*Nc1cc(NC(=O)CN(CC(*)=O)S(=O)(=O)c2ccc(OC)cc2)c(C)cc1C#N,CNc1cc(NC(=O)CN(CC(C)=O)S(=O)(=O)c2ccc(OC)cc2)c(C)cc1C#N,random,55.0,2.7957518399460364,True
286,PI1M,CCCCCCCCCCCCCCCOc1ccc(-c2ccc(C)cc2)cc1,CCCCCCCCCCCCCCCOc1ccc(-c2ccc(C)cc2)cc1,coverage,71.0,5.556584750444072,False
287,PI1M,COc1ccc(/C(C)=N/c2ccc(/N=N/c3ccc(C)cc3)cc2)cc1,COc1ccc(/C(C)=N/c2ccc(/N=N/c3ccc(C)cc3)cc2)cc1,coverage,47.0,1.8317500939966918,False
288,OMG,*OC(C)CCC(C)OC(=O)c1ncc(C(*)=O)cn1,COC(C)CCC(C)OC(=O)c1ncc(C(C)=O)cn1,coverage,40.0,1.187037287474881,False
289,PI1M,CCCCCCCCCCCCCCC(=O)Oc1ccc(OC)cc1C,CCCCCCCCCCCCCCC(=O)Oc1ccc(OC)cc1C,coverage,64.0,4.202881203832011,False
290,OMG,*NC(=NS(=O)(=O)c1ccc(C)cc1)NC(=O)c1nc(C)c(C)nc1C(*)=O,CNC(=NS(=O)(=O)c1ccc(C)cc1)NC(=O)c1nc(C)c(C)nc1C(C)=O,coverage,49.0,2.04904001620089,False
291,PolyInfo,*Oc1ccc(C(c2ccccc2)(c2ccccc2)c2ccc(OC(*)=O)cc2)cc1,COc1ccc(C(c2ccccc2)(c2ccccc2)c2ccc(OC(C)=O)cc2)cc1,coverage,55.0,2.7957518399460364,False
292,PI1M,CCCCCCCCCCCCCOC(=O)CCCCCSCCCCC(=O)OC,CCCCCCCCCCCCCOC(=O)CCCCCSCCCCC(=O)OC,coverage,78.0,7.155788006079488,False
293,OMG,*OC(CSc1nnnn1-c1ccccc1)C(CCl)OC(=O)CSc1cccc2c(SCC(*)=O)cccc12,COC(CSc1nnnn1-c1ccccc1)C(CCl)OC(=O)CSc1cccc2c(SCC(C)=O)cccc12,dopt,66.0,4.5655822516472835,False
294,PI1M,CCC(CCCCCCCCCCCCC)C(CCCCCCCCCCCC)COC,CCCCCCCCCCCCCC(CC)C(CCCCCCCCCCCC)COC,coverage,96.0,12.509288293103786,False
295,PolyInfo,*CC(*)(C)C(=O)OCCCCCCOc1ccc(/N=N/c2ccc([N+](=O)[O-])cc2)cc1,CCC(C)(C)C(=O)OCCCCCCOc1ccc(/N=N/c2ccc([N+](=O)[O-])cc2)cc1,coverage,63.0,4.0285528241783775,False
296,OMG,*Oc1c(C(=O)OCC)cnc2ccc(OC(=O)C3CSCC(C(*)=O)N3)cc12,CCOC(=O)c1cnc2ccc(OC(=O)C3CSCC(C(C)=O)N3)cc2c1OC,random,51.0,2.2818482460254073,True
297,OMG,*OCC1(OC(=O)C23CCCC(C(*)=O)(CC2)C3)CCN(C(=O)OCc2ccccc2)CC1,COCC1(OC(=O)C23CCCC(C(C)=O)(CC2)C3)CCN(C(=O)OCc2ccccc2)CC1,coverage,68.0,4.947342301951497,False
298,OMG,*OC1CN(C(=O)OC(C)(C)C)CC1OC(=O)C12COCC(C(*)=O)(C1)C2,COC1CN(C(=O)OC(C)(C)C)CC1OC(=O)C12COCC(C(C)=O)(C1)C2,coverage,56.0,2.934599081644776,False
299,PI1M,Cc1cc(C(F)(F)C(F)(F)C(F)(F)C(F)(F)C(F)(F)C(F)(F)C(F)(F)C(F)(F)C(F)(F)C(F)(F)C(F)(F)C(F)(F)C(F)(F)C[Si](C)(C)C#N)ccc1[N+](=O)[O-],Cc1cc(C(F)(F)C(F)(F)C(F)(F)C(F)(F)C(F)(F)C(F)(F)C(F)(F)C(F)(F)C(F)(F)C(F)(F)C(F)(F)C(F)(F)C(F)(F)C[Si](C)(C)C#N)ccc1[N+](=O)[O-],dopt,69.0,5.145493557044269,False
300,OMG,*OC1(OC(=O)CC2CS(=O)(=O)CC2CC(*)=O)C(C2COC(C)(C)O2)OC2OC(C)(C)OC21,COC1(OC(=O)CC2CS(=O)(=O)CC2CC(C)=O)C(C2COC(C)(C)O2)OC2OC(C)(C)OC21,random,68.0,4.947342301951497,True
301,PI1M,CCC(C)OC(=O)c1ccccc1C(=O)O,CCC(C)OC(=O)c1ccccc1C(=O)O,coverage,30.0,0.5474937425136082,False
302,PI1M,CNNC(=O)c1ccc(C(C)=O)cc1C(C)=O,CNNC(=O)c1ccc(C(C)=O)cc1C(C)=O,coverage,31.0,0.597979011686388,False
303,PI1M,COP(=O)(Oc1ccc(-c2ccc(/N=N/c3ccc(C(C)=O)cc3)cc2)cc1)c1ccccc1,COP(=O)(Oc1ccc(-c2ccc(/N=N/c3ccc(C(C)=O)cc3)cc2)cc1)c1ccccc1,coverage,57.0,3.0777004384750812,False
304,OMG,*OC1=C(C(c2ccc(C(C3=C(OC(=O)CC4CNCC4CC(*)=O)CC(C)(C)CC3=O)C3C(=O)CC(C)(C)CC3=O)cc2)C2C(=O)CC(C)(C)CC2=O)C(=O)CC(C)(C)C1,COC1=C(C(c2ccc(C(C3=C(OC(=O)CC4CNCC4CC(C)=O)CC(C)(C)CC3=O)C3C(=O)CC(C)(C)CC3=O)cc2)C2C(=O)CC(C)(C)CC2=O)C(=O)CC(C)(C)C1,dopt,126.0,25.99679149771609,False
305,PI1M,CCC(C)c1ccc([N+](=O)[O-])cc1-c1ccc([N+](=O)[O-])c(O)c1,CCC(C)c1ccc([N+](=O)[O-])cc1-c1ccc([N+](=O)[O-])c(O)c1,dopt,39.0,1.1088856862834737,False
306,PI1M,CCCCCOC(=O)CC,CCCCCOC(=O)CC,coverage,26.0,0.372564345698904,False
307,PI1M,Cc1cc(Br)c(C)n1Cl,Cc1cc(Br)c(C)n1Cl,feature,16.0,0.1009266220636141,False
308,PI1M,COC(F)(F)C(C)(F)OC(F)(F)C(F)(F)C(F)(F)C(F)(F)F,COC(F)(F)C(C)(F)OC(F)(F)C(F)(F)C(F)(F)C(F)(F)F,coverage,28.0,0.4547556347186134,False
309,PI1M,CC(C)C(C)C[SH](C)(C)C#CS(=O)(=O)CCCCS(C)(=O)=O,CC(C)C(C)C[SH](C)(C)C#CS(=O)(=O)CCCCS(C)(=O)=O,dopt,53.0,2.5306091492877196,False
310,PI1M,Cc1ccc(OCCCCCCCCCCOc2ccc(N3C(=O)c4ccc(C(=O)c5ccc6c(c5)C(=O)N(C)C6=O)cc4C3=O)cc2)cc1,Cc1ccc(OCCCCCCCCCCOc2ccc(N3C(=O)c4ccc(C(=O)c5ccc6c(c5)C(=O)N(C)C6=O)cc4C3=O)cc2)cc1,coverage,90.0,10.515630927412102,False
311,OMG,*OCOCCOCOC(=O)C(CCC(*)=O)N(Cc1ccccc1)Cc1ccccc1,COCOCCOCOC(=O)C(CCC(C)=O)N(Cc1ccccc1)Cc1ccccc1,random,65.0,4.381874289318153,True
312,OMG,*OCc1cc(F)cc(COC(=O)c2cc(C(*)=O)cc(C)n2)c1,COCc1cc(F)cc(COC(=O)c2cc(C(C)=O)cc(C)n2)c1,random,42.0,1.3535165667832443,True
313,PI1M,Cc1ccc(Oc2ccc(C(=O)c3ccc(N4C(=O)c5ccc(Oc6ccc7c(c6)C(=O)N(C)C7=O)cc5C4=O)cc3)cc2)cc1,Cc1ccc(Oc2ccc(C(=O)c3ccc(N4C(=O)c5ccc(Oc6ccc7c(c6)C(=O)N(C)C7=O)cc5C4=O)cc3)cc2)cc1,random,70.0,5.348558032191515,True
314,PI1M,CCCCCCCCCCOc1ccc(CCCCCc2ccc(OC)cc2)cc1,CCCCCCCCCCOc1ccc(CCCCCc2ccc(OC)cc2)cc1,coverage,72.0,5.769622518212583,False
315,PI1M,CCC(C)C(=O)OCCOCCOCCOCCOCCOCCOCCOc1ccc(/C=N/c2ccc(/N=N/c3ccc(C#N)cc3)cc2)cc1,CCC(C)C(=O)OCCOCCOCCOCCOCCOCCOCCOc1ccc(/C=N/c2ccc(/N=N/c3ccc(C#N)cc3)cc2)cc1,random,102.0,14.725072667614862,True
316,PI1M,CNc1cc(C)sn1,CNc1cc(C)sn1,feature,16.0,0.1009266220636141,False
317,PI1M,CC#CC(CCCCCCCCCCCCC)C(=O)OC,CC#CC(CCCCCCCCCCCCC)C(=O)OC,coverage,55.0,2.7957518399460364,False
318,PI1M,CN[SH](C)(C)Br,CN[SH](C)(C)Br,feature,17.0,0.11880386870633687,False
319,PI1M,CCC(C)C(=O)OCCCCOc1ccc(/N=N/c2ccc(OCCCCCC)cc2)cc1,CCCCCCOc1ccc(/N=N/c2ccc(OCCCCOC(=O)C(C)CC)cc2)cc1,coverage,71.0,5.556584750444072,False
320,PI1M,CC(=O)CCCCCCCCCCNC(=O)c1ccc(C)cc1OC,COc1cc(C)ccc1C(=O)NCCCCCCCCCCC(C)=O,random,58.0,3.2251081841016833,True
321,PI1M,Cc1ccc(C=C)c(C)c1,C=Cc1ccc(C)cc1C,coverage,22.0,0.23770591902308572,False
322,PI1M,CO[Si](C)(CCC(C)C)C(C)=O,CO[Si](C)(CCC(C)C)C(C)=O,random,32.0,0.6512930237899227,True
323,PI1M,CC(=O)c1cccc2c3cc(c-2c1)C=C(C)C=C3,CC(=O)c1cccc2c3cc(c-2c1)C=C(C)C=C3,feature,32.0,0.6512930237899227,False
324,OMG,*OCC12CCCC(COC(=O)c3cc(C=O)ccc3C(*)=O)(CC1)CC2,COCC12CCCC(COC(=O)c3cc(C=O)ccc3C(C)=O)(CC1)CC2,dopt,55.0,2.7957518399460364,False
325,OMG,*OCC1(COC(=O)C(Cl)CCC(*)=O)CN(C(=O)OC(C)(C)C)C1,COCC1(COC(=O)C(Cl)CCC(C)=O)CN(C(=O)OC(C)(C)C)C1,coverage,53.0,2.5306091492877196,False
326,PI1M,CNS(C)(=O)=C=O,CNS(C)(=O)=C=O,feature,14.0,0.07047050774391327,False
327,omics,*OS(=O)(=O)c1ccc(Oc2ccc(S(=O)(=O)Oc3c(Br)cc(C4(c5cc(Br)c(*)c(Br)c5)CCCCC4)cc3Br)cc2C)cc1,COS(=O)(=O)c1ccc(Oc2ccc(S(=O)(=O)Oc3c(Br)cc(C4(c5cc(Br)c(C)c(Br)c5)CCCCC4)cc3Br)cc2C)cc1,dopt,76.0,6.672852850107062,False
328,OMG,*Nc1ccccc1NC(=O)c1ccccc1NC(=O)c1cccc(Br)c1C(*)=O,CNc1ccccc1NC(=O)c1ccccc1NC(=O)c1cccc(Br)c1C(C)=O,coverage,50.0,2.1634770685187323,False
329,OMG,*Oc1nccnc1OC(=O)C1CSC(C)(C(*)=O)N1,COc1nccnc1OC(=O)C1CSC(C)(C(C)=O)N1,coverage,35.0,0.828831072009792,False
330,PI1M,CCc1cc(OC)c(C)c(C)c1O,CCc1cc(OC)c(C)c(C)c1O,coverage,29.0,0.49977393112088747,False
331,PI1M,CCC(C)(C)C#Cc1cc(CCCCSC)c(C)s1,CCC(C)(C)C#Cc1cc(CCCCSC)c(C)s1,random,45.0,1.629538578803666,True
332,OMG,*NP(=S)(CCC)NC(=O)c1cc(Br)cnc1C(*)=O,CCCP(=S)(NC)NC(=O)c1cc(Br)cnc1C(C)=O,feature,37.0,0.9624665003915307,False
333,OMG,*OC1(COC(=O)C23CCCC(C(*)=O)(CC2)C3)CCC1,COC1(COC(=O)C23CCCC(C(C)=O)(CC2)C3)CCC1,coverage,47.0,1.8317500939966918,False
334,OMG,*Oc1cc(F)c(OC(=O)Cc2ccc(CC(*)=O)s2)cc1F,COc1cc(F)c(OC(=O)Cc2ccc(CC(C)=O)s2)cc1F,coverage,37.0,0.9624665003915307,False
335,PI1M,CCC(OC(C)=O)C(C)C(C)=S,CCC(OC(C)=O)C(C)C(C)=S,coverage,28.0,0.4547556347186134,False
336,PI1M,CCC(C)C(=O)N(Br)c1ccc(Br)cc1,CCC(C)C(=O)N(Br)c1ccc(Br)cc1,feature,28.0,0.4547556347186134,False
337,PI1M,CCC(=O)OC(=O)c1ccc(C)s1,CCC(=O)OC(=O)c1ccc(C)s1,coverage,23.0,0.2678988587629254,False
338,OMG,*OC(CCl)C(COc1ccc(C=O)cc1)OC(=O)CN(CC(*)=O)c1ccc(C=O)cc1,COC(CCl)C(COc1ccc(C=O)cc1)OC(=O)CN(CC(C)=O)c1ccc(C=O)cc1,coverage,59.0,3.3768743086298603,False
339,OMG,*OC(C)CNC(=O)C(=O)NCC(C)OC(=O)C(C)(C(*)=O)C(C)C,COC(C)CNC(=O)C(=O)NCC(C)OC(=O)C(C)(C(C)=O)C(C)C,random,55.0,2.7957518399460364,True
340,omics,*/C=C/c1cc(OC)c(/C=C/*)cc1C,C/C=C/c1cc(OC)c(/C=C/C)cc1C,coverage,33.0,0.707498434008989,False
341,OMG,*NNC(=O)CCCCCC(=O)NNC(=O)c1cnc(SC)nc1C(*)=O,CNNC(=O)CCCCCC(=O)NNC(=O)c1cnc(SC)nc1C(C)=O,coverage,51.0,2.2818482460254073,False
342,PI1M,CCC#CCSSC,CCC#CCSSC,feature,18.0,0.1385498383381463,False
343,OMG,*Oc1cc(Br)cc(OC(=O)C(C)(C(*)=O)C(C)C)n1,COc1cc(Br)cc(OC(=O)C(C)(C(C)=O)C(C)C)n1,coverage,38.0,1.0340483823546922,False
344,omics,*CC(CC(*)(C#N)C#N)c1ccc(C(=O)Oc2ccc(OCCCC)cc2)cc1,CCCCOc1ccc(OC(=O)c2ccc(C(CC)CC(C)(C#N)C#N)cc2)cc1,coverage,58.0,3.2251081841016833,False
345,PI1M,CC=CC(=O)Nc1ccc(Cc2ccc(N=C)cc2)cc1,C=Nc1ccc(Cc2ccc(NC(=O)C=CC)cc2)cc1,coverage,39.0,1.1088856862834737,False
346,PI1M,CC1=[SH]N(C)C1=O,CC1=[SH]N(C)C1=O,feature,14.0,0.07047050774391327,False
347,PI1M,CCCCCCOc1ccc(CCNC(=O)CCCCCCCC(=O)Oc2ccc(C(=O)OC)c(C(=O)O)c2)cc1C(=O)O,CCCCCCOc1ccc(CCNC(=O)CCCCCCCC(=O)Oc2ccc(C(=O)OC)c(C(=O)O)c2)cc1C(=O)O,random,87.0,9.599083603550964,True
348,PI1M,CCC(COC)(COCCOCCOC)OC,CCC(COC)(COCCOCCOC)OC,coverage,43.0,1.4419597242422257,False
349,OMG,*OC1C2OC(c3cccc(N)c32)C1OC(=O)C(CCC(*)=O)NC(C)=O,COC1C2OC(c3cccc(N)c32)C1OC(=O)C(CCC(C)=O)NC(C)=O,random,51.0,2.2818482460254073,True
350,OMG,*OC(C)=NS(=O)(=O)c1ccc(N=NN2CCN(N=Nc3ccc(S(=O)(=O)N=C(C)OC(=O)c4ccccc4NC(=O)Cc4ccccc4C(*)=O)cc3)CC2)cc1,COC(C)=NS(=O)(=O)c1ccc(N=NN2CCN(N=Nc3ccc(S(=O)(=O)N=C(C)OC(=O)c4ccccc4NC(=O)Cc4ccccc4C(C)=O)cc3)CC2)cc1,dopt,97.0,12.862901673682583,False
351,omics,*N1C(=O)c2ccc(-c3ccc4c(c3)C(=O)N(c3nc(NCCN5CCc6ccccc6C5)cc([C@H]5C[C@H](*)C5)n3)C4=O)cc2C1=O,CN1C(=O)c2ccc(-c3ccc4c(c3)C(=O)N(c3nc(NCCN5CCc6ccccc6C5)cc([C@H]5C[C@H](C)C5)n3)C4=O)cc2C1=O,coverage,81.0,7.920410401396693,False
352,omics,*COC(=O)Nc1ccc(Cc2ccc(NC(=O)OCCOC(=O)Nc3ccc(Cc4ccc(NC(=O)O*)cc4)cc3)cc2)cc1,CCOC(=O)Nc1ccc(Cc2ccc(NC(=O)OCCOC(=O)Nc3ccc(Cc4ccc(NC(=O)OC)cc4)cc3)cc2)cc1,random,83.0,8.457520383218988,True
353,PI1M,Cc1ccc([Si](C)(C)CCC)nc1,CCC[Si](C)(C)c1ccc(C)cn1,coverage,32.0,0.6512930237899227,False
354,PI1M,COc1c(C)cc(C(C)(C)c2cc(C)c(OC(=O)CCCCCCC(C)=O)c(C)c2)cc1Cl,COc1c(C)cc(C(C)(C)c2cc(C)c(OC(=O)CCCCCCC(C)=O)c(C)c2)cc1Cl,coverage,70.0,5.348558032191515,False
355,OMG,*OC(COC(=O)C1(C(*)=O)CCC(=O)CS1)c1cnc(Cl)s1,COC(COC(=O)C1(C(C)=O)CCC(=O)CS1)c1cnc(Cl)s1,random,39.0,1.1088856862834737,True
356,PI1M,CCCCCCCCCC#CC(=O)OC,CCCCCCCCCC#CC(=O)OC,coverage,37.0,0.9624665003915307,False
357,PI1M,CCC(C)(OC(C)=O)C(=O)O,CCC(C)(OC(C)=O)C(=O)O,coverage,23.0,0.2678988587629254,False
358,OMG,*Oc1cc(Br)ccc1COC(=O)C(Cc1cccc(C)c1)C(*)=O,COc1cc(Br)ccc1COC(=O)C(Cc1cccc(C)c1)C(C)=O,coverage,46.0,1.7287872538090088,False
359,OMG,*Oc1ccc(Br)cc1CC(C)(C)OC(=O)c1cccc(CSCC(*)=O)c1,COc1ccc(Br)cc1CC(C)(C)OC(=O)c1cccc(CSCC(C)=O)c1,random,53.0,2.5306091492877196,True
360,PI1M,CCCCCCCCCCCCCc1nnc(C)n1C,CCCCCCCCCCCCCc1nnc(C)n1C,coverage,53.0,2.5306091492877196,False
361,PI1M,CNc1ccc(NC(=O)NCCCCCCCCCCSCCCCNC(C)=O)cc1,CNc1ccc(NC(=O)NCCCCCCCCCCSCCCCNC(C)=O)cc1,coverage,73.0,5.987719929256527,False
362,PI1M,CCC(F)(F)C(F)(F)C(F)(F)COc1ccc([Si](C)(C)c2ccc(OC)cc2)cc1,CCC(F)(F)C(F)(F)C(F)(F)COc1ccc([Si](C)(C)c2ccc(OC)cc2)cc1,coverage,54.0,2.6611061495015087,False
363,PI1M,CC=CC(COC(=O)NCC)C(=O)OC,CC=CC(COC(=O)NCC)C(=O)OC,coverage,32.0,0.6512930237899227,False
364,PI1M,CN=P[PH](C)(C#N)CC[SH](=O)=O,CN=P[PH](C)(C#N)CC[SH](=O)=O,feature,24.0,0.30039397989449834,False
365,PI1M,CCC(C)C(=O)OCCCCCCCCCCCCCCOc1ccc(OCCN(CC)c2ccc(/N=N/c3ccc(OCCCCCCCCCC)cc3)cc2)cc1,CCCCCCCCCCOc1ccc(/N=N/c2ccc(N(CC)CCOc3ccc(OCCCCCCCCCCCCCCOC(=O)C(C)CC)cc3)cc2)cc1,coverage,138.0,33.20455979936244,False
366,PI1M,COc1ccc(S(=O)(=O)c2ccc(OC(=O)c3ccc(OC(=O)c4ccc(OC(=O)c5ccc(C(C)=O)cc5)cc4)cc3)cc2)cc1,COc1ccc(S(=O)(=O)c2ccc(OC(=O)c3ccc(OC(=O)c4ccc(OC(=O)c5ccc(C(C)=O)cc5)cc4)cc3)cc2)cc1,coverage,73.0,5.987719929256527,False
367,PI1M,COc1ccc(C(c2ccccc2)(c2ccc(OC(=O)c3ccc(C(C)=O)cc3)cc2)c2cccc(C(F)(F)F)c2)cc1C(=O)OCCCCCCCCCC,CCCCCCCCCCOC(=O)c1cc(C(c2ccccc2)(c2ccc(OC(=O)c3ccc(C(C)=O)cc3)cc2)c2cccc(C(F)(F)F)c2)ccc1OC,random,103.0,15.11663472847618,True
368,PI1M,CCC(=O)[SiH](C)NCC,CCN[SiH](C)C(=O)CC,feature,24.0,0.30039397989449834,False
369,OMG,*OC1(C2(COC(=O)C(CSSCC(NC(=O)OCC3c4ccccc4-c4ccccc43)C(*)=O)NC(=O)OCC3c4ccccc4-c4ccccc43)CCSCC2)COC1,COC1(C2(COC(=O)C(CSSCC(NC(=O)OCC3c4ccccc4-c4ccccc43)C(C)=O)NC(=O)OCC3c4ccccc4-c4ccccc43)CCSCC2)COC1,random,111.0,18.485951002195634,True
370,PI1M,CO[Si](C)(C)CCCOc1cccc(C)c1,CO[Si](C)(C)CCCOc1cccc(C)c1,coverage,38.0,1.0340483823546922,False
371,PI1M,C/N=N/c1ccc([Si](C)(C)c2ccc([Si](C)(C)c3ccc([Si](C)(C)C)s3)s2)o1,C/N=N/c1ccc([Si](C)(C)c2ccc([Si](C)(C)c3ccc([Si](C)(C)C)s3)s2)o1,dopt,58.0,3.2251081841016833,False
372,PI1M,CO[Si](C)(C)O[Si](C)(C)O[Si](C)(C)O[Si](C)(C)O[Si](C)(C)O[Si](C)(C)O[Si](C)(C)O[Si](C)(C)O[Si](C)(C)N[Si](C)(C)O[Si](C)(C)O[Si](C)(C)c1cc(F)c(F)c(C)n1,CO[Si](C)(C)O[Si](C)(C)O[Si](C)(C)O[Si](C)(C)O[Si](C)(C)O[Si](C)(C)O[Si](C)(C)O[Si](C)(C)O[Si](C)(C)N[Si](C)(C)O[Si](C)(C)O[Si](C)(C)c1cc(F)c(F)c(C)n1,dopt,138.0,33.20455979936244,False
373,PI1M,CCCCC[Si](C)(c1ccccc1)c1ccc(C)cc1,CCCCC[Si](C)(c1ccccc1)c1ccc(C)cc1,coverage,46.0,1.7287872538090088,False
374,OMG,*OCC(C)(COC)COC(=O)C1NC(C(*)=O)SC1(C)C,COCC(C)(COC)COC(=O)C1NC(C(C)=O)SC1(C)C,coverage,49.0,2.04904001620089,False
375,PI1M,COP(=O)(N=C)c1ccc([N+](=O)[O-])cc1,C=NP(=O)(OC)c1ccc([N+](=O)[O-])cc1,feature,24.0,0.30039397989449834,False
376,PI1M,CO[Si](C)(C)CCCCOc1ccccc1C(=O)NC(C)=O,CO[Si](C)(C)CCCCOc1ccccc1C(=O)NC(C)=O,random,47.0,1.8317500939966918,True
377,PI1M,CNC(=O)c1cccc(C(=O)Nc2ccc(NC(=O)c3ccc(C)cc3)cc2)c1,CNC(=O)c1cccc(C(=O)Nc2ccc(NC(=O)c3ccc(C)cc3)cc2)c1,coverage,50.0,2.1634770685187323,False
378,PI1M,COC(COCC(C)=O)C(C)(C)C,COC(COCC(C)=O)C(C)(C)C,coverage,33.0,0.707498434008989,False
379,PI1M,CCCCCCCNC(=O)NCC(C)(C)CNC(=O)NC,CCCCCCCNC(=O)NCC(C)(C)CNC(=O)NC,coverage,53.0,2.5306091492877196,False
380,OMG,*Oc1c(CC(=O)OC)ccc(OC(=O)c2ncnc(C(*)=O)c2C)c1Br,COC(=O)Cc1ccc(OC(=O)c2ncnc(C(C)=O)c2C)c(Br)c1OC,random,44.0,1.5339481655863532,True
381,PI1M,CCCCCCCCCCOC(=O)/C=C/C(=O)NCCCCCC,CCCCCCCCCCOC(=O)/C=C/C(=O)NCCCCCC,random,61.0,3.6936882750981668,True
382,PI1M,CC(=O)OC(F)(F)C(C)(F)F,CC(=O)OC(F)(F)C(C)(F)F,random,17.0,0.11880386870633687,True
383,PI1M,CO[Si](C)(C)CCC(=O)Nc1ccc(C(C)=O)cc1[N+](=O)[O-],CO[Si](C)(C)CCC(=O)Nc1ccc(C(C)=O)cc1[N+](=O)[O-],random,42.0,1.3535165667832443,True
384,PI1M,CCCN(CCOC(=O)Nc1ccc(/N=N/c2ccccc2)cc1)C(=O)OC,CCCN(CCOC(=O)Nc1ccc(/N=N/c2ccccc2)cc1)C(=O)OC,coverage,52.0,2.404207673904035,False
385,PI1M,CCCCCC(=O)NC(C)C(C)=O,CCCCCC(=O)NC(C)C(C)=O,coverage,32.0,0.6512930237899227,False
386,PI1M,CNC(C#CC#N)SSC,CNC(C#CC#N)SSC,feature,18.0,0.1385498383381463,False
387,PI1M,CO[Si](C)(C)[Si](C)(C)S(C)(=O)=O,CO[Si](C)(C)[Si](C)(C)S(C)(=O)=O,feature,30.0,0.5474937425136082,False
388,omics,*CCCCCCC(C*)CC,CCCCCCCC(CC)CC,coverage,38.0,1.0340483823546922,False
389,OMG,*OCc1cc(N)cc(OC(=O)C2CSCC(C(*)=O)N2)c1,COCc1cc(N)cc(OC(=O)C2CSCC(C(C)=O)N2)c1,random,42.0,1.3535165667832443,True
390,OMG,*NC(C)C(NC(=O)c1csc(C(*)=O)c1)c1ccccc1,CNC(C)C(NC(=O)c1csc(C(C)=O)c1)c1ccccc1,random,42.0,1.3535165667832443,True
391,OMG,*Oc1c(OC(=O)c2ccccc2N=Cc2ccc(C=Nc3ccccc3C(*)=O)cc2)ccc(N)c1C,COc1c(OC(=O)c2ccccc2N=Cc2ccc(C=Nc3ccccc3C(C)=O)cc2)ccc(N)c1C,random,65.0,4.381874289318153,True
392,omics,*CCCCCC(=O)NCc1ccc(CNC(=O)OCCOC(=O)NCc2ccc(C(C)(C)c3ccc(*)o3)o2)o1,CCCCCCC(=O)NCc1ccc(CNC(=O)OCCOC(=O)NCc2ccc(C(C)(C)c3ccc(C)o3)o2)o1,dopt,82.0,8.18619805320074,False
393,PI1M,CNc1ccc(S(=O)(=O)c2cccc(NC(=O)c3ccc(C)cc3)c2)cc1,CNc1ccc(S(=O)(=O)c2cccc(NC(=O)c3ccc(C)cc3)c2)cc1,coverage,47.0,1.8317500939966918,False
394,omics,C([*])C([*])(C(=O)OCc1c(Br)c(Br)c(Br)c(Br)c1Br),[C]CC([C])C(=O)OCc1c(Br)c(Br)c(Br)c(Br)c1Br,dopt,24.0,0.30039397989449834,False
395,PI1M,CCCOCCOCCOCCOc1ccc(C(=O)OCCOCCOCCOc2ccc(OC)cc2)cc1,CCCOCCOCCOCCOc1ccc(C(=O)OCCOCCOCCOc2ccc(OC)cc2)cc1,coverage,81.0,7.920410401396693,False
396,OMG,*OCC(C)C(C)OC(=O)C1CSCC(C(*)=O)N1,COCC(C)C(C)OC(=O)C1CSCC(C(C)=O)N1,coverage,42.0,1.3535165667832443,False
397,OMG,*OC1(C(C)(C)COC(=O)C2OC(C(*)=O)C3C2C(F)(F)C3(F)F)CC1,COC1(C(C)(C)COC(=O)C2OC(C(C)=O)C3C2C(F)(F)C3(F)F)CC1,random,48.0,1.9384826272146733,True
398,OMG,*OCC(COC)OC(=O)C(S)CC(*)=O,COCC(COC)OC(=O)C(S)CC(C)=O,coverage,34.0,0.7666572932453927,False
399,PI1M,CCCOCCSCCOCCOC,CCCOCCSCCOCCOC,coverage,36.0,0.8940806826961882,False
400,OMG,*Nc1c(C#N)c(C#N)c(C#N)c(C#N)c1NC(=O)c1nc2ccccc2nc1C(*)=O,CNc1c(C#N)c(C#N)c(C#N)c(C#N)c1NC(=O)c1nc2ccccc2nc1C(C)=O,dopt,44.0,1.5339481655863532,False
401,OMG,*Oc1c(C(C)(C)C)cc(-c2cc(C(C)(C)C)c(OC(=O)C(OC(=O)c3ccc(C)cc3)C(OC(=O)c3ccc(C)cc3)C(*)=O)c(C(C)(C)C)c2)cc1C(C)(C)C,COc1c(C(C)(C)C)cc(-c2cc(C(C)(C)C)c(OC(=O)C(OC(=O)c3ccc(C)cc3)C(OC(=O)c3ccc(C)cc3)C(C)=O)c(C(C)(C)C)c2)cc1C(C)(C)C,random,120.0,22.799248727216224,True
402,omics,*CC(*)c1ccc(OC(=O)Nc2ccc(COc3ccc(-c4ccc(-c5ccc(C)cc5)c5nsnc45)cc3)cc2)cc1,CCC(C)c1ccc(OC(=O)Nc2ccc(COc3ccc(-c4ccc(-c5ccc(C)cc5)c5nsnc45)cc3)cc2)cc1,dopt,77.0,6.911670651446108,False
403,OMG,*Nc1cncc(C)c1NC(=O)c1cc(Br)cnc1C(*)=O,CNc1cncc(C)c1NC(=O)c1cc(Br)cnc1C(C)=O,random,37.0,0.9624665003915307,True
404,OMG,*OCCCN(CCOC(=O)C1CC(C(*)=O)CN(C(=O)OCc2ccccc2)C1)S(=O)(=O)c1ccc(OC)cc1,COCCCN(CCOC(=O)C1CC(C(C)=O)CN(C(=O)OCc2ccccc2)C1)S(=O)(=O)c1ccc(OC)cc1,random,79.0,7.405252308862643,True
405,PI1M,CCC(C)(C)C(=O)OO,CCC(C)(C)C(=O)OO,feature,21.0,0.2097456137295212,False
406,OMG,*OC1=NCC(OC(=O)C2CC(C(*)=O)CO2)=NC1C(C)C,COC1=NCC(OC(=O)C2CC(C(C)=O)CO2)=NC1C(C)C,random,44.0,1.5339481655863532,True
407,PI1M,CC(=O)c1ccc2c(c1)C(=O)N(c1ccc(C(C)(C)c3ccc(N4C(=O)c5ccc(C)cc5C4=O)cc3)cc1)C2=O,CC(=O)c1ccc2c(c1)C(=O)N(c1ccc(C(C)(C)c3ccc(N4C(=O)c5ccc(C)cc5C4=O)cc3)cc1)C2=O,coverage,67.0,4.754055023099274,False
408,PI1M,CCCC(C)=C(C)CCCC,CCCCC(C)=C(C)CCC,coverage,33.0,0.707498434008989,False
409,PI1M,CCCCCCCCCCCC(C)COC(=O)CCCCCCCCCCCCC(=O)OC,CCCCCCCCCCCC(C)COC(=O)CCCCCCCCCCCCC(=O)OC,coverage,89.0,10.204273787941979,False
410,OMG,*OCCCCCCCCCCCCCCCCOC(=O)c1ccc(C(=O)Nc2ccc(C(*)=O)cc2)cc1,COCCCCCCCCCCCCCCCCOC(=O)c1ccc(C(=O)Nc2ccc(C(C)=O)cc2)cc1,coverage,86.0,9.30515942952161,False
411,PI1M,Cc1cc(N2C(=O)c3ccc([Si](c4ccccc4)c4ccc5c(c4)C(=O)N(C)C5=O)cc3C2=O)cc(S(F)(F)(F)(F)F)c1,Cc1cc(N2C(=O)c3ccc([Si](c4ccccc4)c4ccc5c(c4)C(=O)N(C)C5=O)cc3C2=O)cc(S(F)(F)(F)(F)F)c1,dopt,63.0,4.0285528241783775,False
412,OMG,*Nc1ccc(CC(NC(=O)c2cc(NS(=O)(=O)c3ccc(F)cc3)cc(C(*)=O)c2)C(=O)O)cc1,CNc1ccc(CC(NC(=O)c2cc(NS(=O)(=O)c3ccc(F)cc3)cc(C(C)=O)c2)C(=O)O)cc1,random,60.0,3.533050524994261,True
413,PI1M,C/C=C/C[Si](C)(C)CCCOCCOCCOCCCCCCOc1ccc(-c2ccc([N+](=O)[O-])cc2S(=O)(=O)Cl)c(C#N)c1,C/C=C/C[Si](C)(C)CCCOCCOCCOCCCCCCOc1ccc(-c2ccc([N+](=O)[O-])cc2S(=O)(=O)Cl)c(C#N)c1,dopt,90.0,10.515630927412102,False
414,OMG,*OCc1oc(C)cc(=O)c1OC(=O)C1=C(C(*)=O)CSC1,COCc1oc(C)cc(=O)c1OC(=O)C1=C(C(C)=O)CSC1,random,38.0,1.0340483823546922,True
415,PI1M,CCC(OC)OCC(F)(F)C(F)(F)C(F)(F)CCC(F)(F)C(F)(F)C(F)(F)C(F)(F)C(F)(F)C(F)(F)C(F)(F)C(F)(F)C(F)(F)C(F)(F)C(F)(F)C(F)(F)C(F)(F)F,CCC(OC)OCC(F)(F)C(F)(F)C(F)(F)CCC(F)(F)C(F)(F)C(F)(F)C(F)(F)C(F)(F)C(F)(F)C(F)(F)C(F)(F)C(F)(F)C(F)(F)C(F)(F)C(F)(F)C(F)(F)F,dopt,73.0,5.987719929256527,False
416,PI1M,CCCCCCCCCCCCCCCCCCOC(=O)Nc1ccc(Cc2ccc(NC(=O)OC)cc2)cc1,CCCCCCCCCCCCCCCCCCOC(=O)Nc1ccc(Cc2ccc(NC(=O)OC)cc2)cc1,coverage,92.0,11.156095933866299,False
417,PI1M,CCC(CC(C)(C)C)C(=O)OCCCCCCOc1ccc(/N=N/c2ccc([N+](=O)[O-])cc2)cc1,CCC(CC(C)(C)C)C(=O)OCCCCCCOc1ccc(/N=N/c2ccc([N+](=O)[O-])cc2)cc1,random,72.0,5.769622518212583,True
418,PI1M,COc1ccc(S(=O)(=O)c2ccc(Oc3ccc(C(=O)c4ccc(C)c(C(C)(C)C)c4)cc3-c3ccccc3)cc2)cc1,COc1ccc(S(=O)(=O)c2ccc(Oc3ccc(C(=O)c4ccc(C)c(C(C)(C)C)c4)cc3-c3ccccc3)cc2)cc1,random,77.0,6.911670651446108,True
419,PI1M,CCCCCCCCCCCCCCCOC(=O)CCCCCCCCCCC(=O)OCCCCCCOc1ccc(N(C)C)cc1,CCCCCCCCCCCCCCCOC(=O)CCCCCCCCCCC(=O)OCCCCCCOc1ccc(N(C)C)cc1,coverage,120.0,22.799248727216224,False
420,PI1M,CNC(C)C(=O)OCC(C)=S,CNC(C)C(=O)OCC(C)=S,coverage,24.0,0.30039397989449834,False
421,OMG,*Oc1c(OC)cc(C(C)(C)COC(=O)C(CCCCc2ccccc2)C(*)=O)cc1OC,COc1cc(C(C)(C)COC(=O)C(CCCCc2ccccc2)C(C)=O)cc(OC)c1OC,random,69.0,5.145493557044269,True
422,PI1M,CC(C)C(=O)N(F)C(F)(C(F)(F)F)C(F)(F)F,CC(C)C(=O)N(F)C(F)(C(F)(F)F)C(F)(F)F,feature,24.0,0.30039397989449834,False
423,OMG,*OC(COC(=O)C1=C(C(*)=O)CSC1)C(F)(F)F,COC(COC(=O)C1=C(C(C)=O)CSC1)C(F)(F)F,coverage,32.0,0.6512930237899227,False
424,PI1M,CC#Cc1ccc(/C=C/C(=C(C#N)C#N)c2ccc(C(C)(C)c3ccc(N=C)cc3)cc2)cc1,C=Nc1ccc(C(C)(C)c2ccc(C(/C=C/c3ccc(C#CC)cc3)=C(C#N)C#N)cc2)cc1,random,59.0,3.3768743086298603,True
425,PI1M,CC/C=C(/C)CC[Si](C)(C)C,CC/C=C(/C)CC[Si](C)(C)C,coverage,33.0,0.707498434008989,False
426,OMG,*OC1=NC(OC(=O)C2C=C(C(*)=O)N=N2)=NC(=O)C1(Br)Br,COC1=NC(OC(=O)C2C=C(C(C)=O)N=N2)=NC(=O)C1(Br)Br,feature,30.0,0.5474937425136082,False
427,PI1M,COc1ccc(/C=N/c2ccc(/N=C/c3ccc(OC(=O)c4ccc(C(C)=O)cc4)cc3)cc2)cc1,COc1ccc(/C=N/c2ccc(/N=C/c3ccc(OC(=O)c4ccc(C(C)=O)cc4)cc3)cc2)cc1,coverage,60.0,3.533050524994261,False
428,omics,*CC(*)c1ccc(COC2OC(CO)C(OC(C(O)CO)C(O)C(O)C(O)CO)C(OC(C)=O)C2OC(C)=O)cc1,CCC(C)c1ccc(COC2OC(CO)C(OC(C(O)CO)C(O)C(O)C(O)CO)C(OC(C)=O)C2OC(C)=O)cc1,dopt,86.0,9.30515942952161,False
429,OMG,*NNC(=O)c1cccc(C(=O)NNC(=O)CCC(=O)Nc2cccc(NC(=O)CCC(*)=O)n2)c1,CNNC(=O)c1cccc(C(=O)NNC(=O)CCC(=O)Nc2cccc(NC(=O)CCC(C)=O)n2)c1,coverage,63.0,4.0285528241783775,False
430,OMG,*Oc1ccc(COC(=O)C2=CCC=C(C(*)=O)O2)cc1OC,COc1ccc(COC(=O)C2=CCC=C(C(C)=O)O2)cc1OC,coverage,41.0,1.2685615949723126,False
431,PI1M,C/C=C/C(C)C(=O)OC(C)COC(C)(C)CC,C/C=C/C(C)C(=O)OC(C)COC(C)(C)CC,random,43.0,1.4419597242422257,True
432,OMG,*OC1CCCC1OC(=O)C(CSSCC(NC(=O)OCc1ccccc1)C(*)=O)NC(=O)OCc1ccccc1,COC1CCCC1OC(=O)C(CSSCC(NC(=O)OCc1ccccc1)C(C)=O)NC(=O)OCc1ccccc1,coverage,77.0,6.911670651446108,False
433,PI1M,CCC(C)C(=O)OCCS(=O)(=O)CCCOc1ccc(-c2ccccc2)cc1,CCC(C)C(=O)OCCS(=O)(=O)CCCOc1ccc(-c2ccccc2)cc1,random,56.0,2.934599081644776,True
434,PI1M,CCC(C)C(=O)N(C)C(F)(F)Cl,CCC(C)C(=O)N(C)C(F)(F)Cl,coverage,24.0,0.30039397989449834,False
435,OMG,*Oc1nc(CC(=O)OCC)nc(OC(=O)CSc2cccc3c(SCC(*)=O)cccc23)n1,CCOC(=O)Cc1nc(OC)nc(OC(=O)CSc2cccc3c(SCC(C)=O)cccc23)n1,random,57.0,3.0777004384750812,True
436,PI1M,CO[Si](C)(C)CCC(=O)Oc1ccc(OC(=O)c2ccc3cc(c2=O)N3C(=O)c2ccc(Oc3ccc4c(c3)C(=O)N(C)C4=O)cc2)cc1,CO[Si](C)(C)CCC(=O)Oc1ccc(OC(=O)c2ccc3cc(c2=O)N3C(=O)c2ccc(Oc3ccc4c(c3)C(=O)N(C)C4=O)cc2)cc1,dopt,79.0,7.405252308862643,False
437,OMG,*Nc1cc(OC)c(NC(=O)C2CCC3(CCC(C(*)=O)CC3)CC2)cn1,CNc1cc(OC)c(NC(=O)C2CCC3(CCC(C(C)=O)CC3)CC2)cn1,random,58.0,3.2251081841016833,True
438,PI1M,CCCCCCCNS(=O)(=O)c1ccc(OC)c(C)c1,CCCCCCCNS(=O)(=O)c1ccc(OC)c(C)c1,random,45.0,1.629538578803666,True
439,omics,*CCCCC(=O)NCCCCCCCCCNC(=O)CCC1CCC(*)O1,CCCCCC(=O)NCCCCCCCCCNC(=O)CCC1CCC(C)O1,coverage,72.0,5.769622518212583,False
440,PI1M,CCC1CCCC(COC(=O)OC)CC1,CCC1CCCC(COC(=O)OC)CC1,coverage,37.0,0.9624665003915307,False
441,OMG,*Oc1ccc(OC(=O)C2(C(*)=O)CC3(CCOCC3)C2)cc1,COc1ccc(OC(=O)C2(C(C)=O)CC3(CCOCC3)C2)cc1,random,45.0,1.629538578803666,True
442,PI1M,CSC1=CSCC=CC1C,CSC1=CSCC=CC1C,feature,22.0,0.23770591902308572,False
443,PI1M,CCCP(CCC(=O)OC)c1ccc(/N=N/c2ccc(S(=O)(=O)c3ccc([N+](=O)[O-])cc3)cc2)cc1,CCCP(CCC(=O)OC)c1ccc(/N=N/c2ccc(S(=O)(=O)c3ccc([N+](=O)[O-])cc3)cc2)cc1,dopt,62.0,3.858838735716932,False
444,PI1M,CCC(C)(F)COF,CCC(C)(F)COF,feature,18.0,0.1385498383381463,False
445,OMG,*OC1(CNCC2(OC(=O)CCOCCOCCOCCOCCOCCOCCOCCC(*)=O)CCCCC2)CCCCC1,COC1(CNCC2(OC(=O)CCOCCOCCOCCOCCOCCOCCOCCC(C)=O)CCCCC2)CCCCC1,coverage,109.0,17.603550241513325,False
446,PI1M,CCc1ccc(C(C)(C)c2ccc(C#N)cc2C(=O)OC)cc1,CCc1ccc(C(C)(C)c2ccc(C#N)cc2C(=O)OC)cc1,coverage,44.0,1.5339481655863532,False
447,PI1M,CCC(C)(C)C(=O)OCCCCCCC#CCOc1ccc(/C=C/c2ccc(C#N)cc2)cc1,CCC(C)(C)C(=O)OCCCCCCC#CCOc1ccc(/C=C/c2ccc(C#N)cc2)cc1,random,69.0,5.145493557044269,True
448,PI1M,CO[Si](C)(C)O[Si](C)(C)O[Si](C)(C)O[Si](C)(C)CCCOCCOCCOC,COCCOCCOCCC[Si](C)(C)O[Si](C)(C)O[Si](C)(C)O[Si](C)(C)OC,coverage,72.0,5.769622518212583,False
449,omics,*CC(*)(C#N)CCOC,CCC(C)(C#N)CCOC,coverage,25.0,0.33525989756051233,False
450,PI1M,CCCOc1ccc(CCOC(=O)OC)cc1,CCCOc1ccc(CCOC(=O)OC)cc1,coverage,35.0,0.828831072009792,False
451,PolyInfo,*CCSC(=O)CCCCC(=O)S*,CCCSC(=O)CCCCC(=O)SC,coverage,32.0,0.6512930237899227,False
452,PI1M,COC(=O)c1ccc(C(C)(C)c2ccc(C(C)(C)C)cc2)cc1,COC(=O)c1ccc(C(C)(C)c2ccc(C(C)(C)C)cc2)cc1,coverage,49.0,2.04904001620089,False
453,OMG,*OC1(OC(=O)C(CC(*)=O)OC)C(C2COC(C)(C)O2)OC2OC(C)(C)OC21,COC(CC(C)=O)C(=O)OC1(OC)C(C2COC(C)(C)O2)OC2OC(C)(C)OC21,coverage,59.0,3.3768743086298603,False
454,PI1M,CC#CCSSSSC,CC#CCSSSSC,feature,17.0,0.11880386870633687,False
455,omics,*CC(*)CNS(=O)(=O)c1ccc(C)cc1,CCC(C)CNS(=O)(=O)c1ccc(C)cc1,coverage,35.0,0.828831072009792,False
456,OMG,*Oc1cc(OCC)c(C(=O)OCC)c(OC(=O)C(CC(*)=O)Cc2ccccc2)c1,CCOC(=O)c1c(OCC)cc(OC)cc1OC(=O)C(CC(C)=O)Cc1ccccc1,random,59.0,3.3768743086298603,True
457,omics,*CCCCCCCCCSSCCCCCCCCCOC(=O)SSC(=O)O*,CCCCCCCCCCSSCCCCCCCCCOC(=O)SSC(=O)OC,coverage,72.0,5.769622518212583,False
458,omics,*Oc1ccc(S(=O)(=O)c2ccc(Oc3ccc(-c4ccc(-c5ccc6oc(*)nc6c5)cc4)cc3)cc2)cc1,COc1ccc(S(=O)(=O)c2ccc(Oc3ccc(-c4ccc(-c5ccc6oc(C)nc6c5)cc4)cc3)cc2)cc1,random,65.0,4.381874289318153,True
459,PI1M,CCC(O)COC(=O)Nc1ccc(Cc2ccc(NC(=O)OC)cc2)cc1,CCC(O)COC(=O)Nc1ccc(Cc2ccc(NC(=O)OC)cc2)cc1,coverage,51.0,2.2818482460254073,False
460,PI1M,CC(=O)OCCOC(=O)c1cccc(C)n1,CC(=O)OCCOC(=O)c1cccc(C)n1,coverage,29.0,0.49977393112088747,False
461,PI1M,CCc1ccc(CNC(=O)SC)cc1,CCc1ccc(CNC(=O)SC)cc1,coverage,29.0,0.49977393112088747,False
462,PI1M,C/C=C/c1ccc(C)c(OCl)c1,C/C=C/c1ccc(C)c(OCl)c1,feature,23.0,0.2678988587629254,False
463,PI1M,CCC(C#[SH])SC,CCC(C#[SH])SC,feature,17.0,0.11880386870633687,False
464,omics,*N=P(*)(OCCC)OCc1ccccc1,CCCOP(C)(=NC)OCc1ccccc1,coverage,36.0,0.8940806826961882,False
465,PI1M,CCc1c(F)c(F)c(C)n1Br,CCc1c(F)c(F)c(C)n1Br,feature,19.0,0.16023971771432066,False
466,PI1M,CCCCCCCOCC1CCC(Oc2ccc(OC)cc2)C1C(=O)OCl,CCCCCCCOCC1CCC(Oc2ccc(OC)cc2)C1C(=O)OCl,dopt,58.0,3.2251081841016833,False
467,PI1M,CCC(C)OC(=O)CI,CCC(C)OC(=O)CI,coverage,20.0,0.1839474081746623,False
468,PI1M,CCCCCCCCCCCCCCCOc1ccc(/C=C/c2ccc(/C=C/c3ccc(C(C)(C)c4ccc(OC)cc4)cc3)cc2)cc1,CCCCCCCCCCCCCCCOc1ccc(/C=C/c2ccc(/C=C/c3ccc(C(C)(C)c4ccc(OC)cc4)cc3)cc2)cc1,random,109.0,17.603550241513325,True
469,PI1M,CCCCCCCCc1ccc(C)s1,CCCCCCCCc1ccc(C)s1,coverage,36.0,0.8940806826961882,False
470,PI1M,CO[Si](C)(C)CCCOc1ccc(OC(=O)c2ccc(OCC)cc2)cc1,CCOc1ccc(C(=O)Oc2ccc(OCCC[Si](C)(C)OC)cc2)cc1,coverage,55.0,2.7957518399460364,False
471,PI1M,CO[Si](C)(C)c1ccc(I)cc1,CO[Si](C)(C)c1ccc(I)cc1,coverage,25.0,0.33525989756051233,False
472,PI1M,CCCN(CCCCCCCCCC)C(=O)C(C)(C)CC,CCCCCCCCCCN(CCC)C(=O)C(C)(C)CC,coverage,60.0,3.533050524994261,False
473,PI1M,CCCCCCOc1ccc(/C=C2\CCC/C(=C\c3ccc(OC)c(OC)c3)C2=O)cc1OC,CCCCCCOc1ccc(/C=C2\CCC/C(=C\c3ccc(OC)c(OC)c3)C2=O)cc1OC,coverage,70.0,5.348558032191515,False
474,OMG,*OC1(C2(COC(=O)C3C4OC(C5OC54)C3C(*)=O)CC2)CCC2(CC1)OCCO2,COC1(C2(COC(=O)C3C4OC(C5OC54)C3C(C)=O)CC2)CCC2(CC1)OCCO2,dopt,60.0,3.533050524994261,False
475,OMG,*OC(c1ccc2ccccc2c1)(c1ccc2ccccc2c1)C1OC(C)(C)OC1C(OC(=O)c1ccccc1N=Cc1ccc(C=Nc2ccccc2C(*)=O)cc1)(c1ccc2ccccc2c1)c1ccc2ccccc2c1,COC(c1ccc2ccccc2c1)(c1ccc2ccccc2c1)C1OC(C)(C)OC1C(OC(=O)c1ccccc1N=Cc1ccc(C=Nc2ccccc2C(C)=O)cc1)(c1ccc2ccccc2c1)c1ccc2ccccc2c1,dopt,135.0,31.298305251868854,False
476,PI1M,CCC(C)[PH](=O)Cl,CCC(C)[PH](=O)Cl,feature,17.0,0.11880386870633687,False
477,OMG,*OCCOC(=O)c1ccc(C(=O)OCCOC(=O)c2ccc(C(=O)OCCOC(=O)c3ccc(N=Nc4ccc(C(*)=O)cc4)cc3)cc2)cc1,COCCOC(=O)c1ccc(C(=O)OCCOC(=O)c2ccc(C(=O)OCCOC(=O)c3ccc(N=Nc4ccc(C(C)=O)cc4)cc3)cc2)cc1,coverage,86.0,9.30515942952161,False
478,OMG,*Oc1cc(Cl)c(COC(=O)C(OC(=O)c2ccc(OC)cc2)C(OC(=O)c2ccc(OC)cc2)C(*)=O)cc1C,COc1ccc(C(=O)OC(C(C)=O)C(OC(=O)c2ccc(OC)cc2)C(=O)OCc2cc(C)c(OC)cc2Cl)cc1,random,70.0,5.348558032191515,True
479,OMG,*Oc1nc(F)ccc1COC(=O)C(CCCN)C(*)=O,COc1nc(F)ccc1COC(=O)C(CCCN)C(C)=O,random,40.0,1.187037287474881,True
480,OMG,*Oc1ccc2oc(=O)c(C(=O)OCC)c(OC(=O)C3=CC(C)C=C(C(*)=O)O3)c2c1,CCOC(=O)c1c(OC(=O)C2=CC(C)C=C(C(C)=O)O2)c2cc(OC)ccc2oc1=O,random,51.0,2.2818482460254073,True
481,PI1M,CCC(C)(C)C(=O)OCC(=O)N1CCC(NC(=O)c2ccc(C)cc2)C1,CCC(C)(C)C(=O)OCC(=O)N1CCC(NC(=O)c2ccc(C)cc2)C1,random,54.0,2.6611061495015087,True
482,PI1M,COc1cccc(C(=O)Oc2ccc(C(C)(C)c3ccc(OC(=O)c4cccc(C(C)=O)c4)cc3)cc2)c1,COc1cccc(C(=O)Oc2ccc(C(C)(C)c3ccc(OC(=O)c4cccc(C(C)=O)c4)cc3)cc2)c1,coverage,66.0,4.5655822516472835,False
483,PI1M,Cc1cc(OCCCCCCCCC[Si](C)(C)C)c(C)s1,Cc1cc(OCCCCCCCCC[Si](C)(C)C)c(C)s1,coverage,55.0,2.7957518399460364,False
484,PI1M,CCCN(CCOC(=O)NCCS(=O)(=O)O)C(=O)OC,CCCN(CCOC(=O)NCCS(=O)(=O)O)C(=O)OC,random,40.0,1.187037287474881,True
485,OMG,*OCc1cc(NC(=O)OC(C)(C)C)ccc1OC(=O)C1(C(*)=O)CC2CC(C2)C1,COCc1cc(NC(=O)OC(C)(C)C)ccc1OC(=O)C1(C(C)=O)CC2CC(C2)C1,random,61.0,3.6936882750981668,True
486,OMG,*OCC12C3C4C1C1C2C3C41COC(=O)c1ccccc1N=Cc1ccc(C=Nc2ccccc2C(*)=O)cc1,COCC12C3C4C1C1C2C3C41COC(=O)c1ccccc1N=Cc1ccc(C=Nc2ccccc2C(C)=O)cc1,dopt,70.0,5.348558032191515,False
487,PI1M,COC(CC(C)(C)C)C(C)=O,COC(CC(C)(C)C)C(C)=O,coverage,29.0,0.49977393112088747,False
488,PI1M,CCC(C)P(=O)(O)C(F)(F)F,CCC(C)P(=O)(O)C(F)(F)F,random,21.0,0.2097456137295212,True
489,OMG,*OCC(COC(=O)C1CC1C(*)=O)NC1CCC1,COCC(COC(=O)C1CC1C(C)=O)NC1CCC1,random,42.0,1.3535165667832443,True
490,PI1M,CCC(COc1ccc(C)cc1)c1ccc(/N=N/c2ccc([N+](=O)[O-])cc2)cc1,CCC(COc1ccc(C)cc1)c1ccc(/N=N/c2ccc([N+](=O)[O-])cc2)cc1,coverage,52.0,2.404207673904035,False
491,OMG,*OCC(COC(=O)C1CCC(C(*)=O)S1)C(CC)CC,CCC(CC)C(COC)COC(=O)C1CCC(C(C)=O)S1,random,49.0,2.04904001620089,True
492,PI1M,CN=[PH]1C(C)CP1(=O)OC(C)=O,CN=[PH]1C(C)CP1(=O)OC(C)=O,feature,25.0,0.33525989756051233,False
493,PI1M,CCCS(=O)(=S)SC,CCCS(=O)(=S)SC,feature,18.0,0.1385498383381463,False
494,omics,*CCOC(=O)c1cc(Cl)c(OCC(O)C*)c(Cl)c1,CCCOC(=O)c1cc(Cl)c(OCC(O)CC)c(Cl)c1,random,38.0,1.0340483823546922,True
495,PI1M,CCC(C)(C)c1ccc(OC)c(C)c1,CCC(C)(C)c1ccc(OC)c(C)c1,coverage,34.0,0.7666572932453927,False
496,OMG,*Oc1cc(C(F)(F)F)cc(OC(=O)CSc2cccc3c(SCC(*)=O)cccc23)n1,COc1cc(C(F)(F)F)cc(OC(=O)CSc2cccc3c(SCC(C)=O)cccc23)n1,coverage,50.0,2.1634770685187323,False
497,OMG,*OC(OC(=O)C1CC(C(*)=O)CO1)C(Br)(Br)Br,COC(OC(=O)C1CC(C(C)=O)CO1)C(Br)(Br)Br,coverage,31.0,0.597979011686388,False
498,PI1M,CCC(C)(C#N)C(=O)OCCCc1cc(OC)ccc1OC(C)CCC(=O)OCCCC,CCCCOC(=O)CCC(C)Oc1ccc(OC)cc1CCCOC(=O)C(C)(C#N)CC,random,69.0,5.145493557044269,True
499,OMG,*OC1CCC(OC(=O)C2CC2C(*)=O)CC1,COC1CCC(OC(=O)C2CC2C(C)=O)CC1,coverage,37.0,0.9624665003915307,False
500,PI1M,CO[Si](C)(C)CCCCCCCCCCC(=O)OCC,CCOC(=O)CCCCCCCCCC[Si](C)(C)OC,coverage,54.0,2.6611061495015087,False
501,PI1M,CCC(CCCCCCCCCCCCCCCCCCCCCCCCCC)C(=O)OC,CCCCCCCCCCCCCCCCCCCCCCCCCCC(CC)C(=O)OC,coverage,95.0,12.161845525102757,False
502,omics,*/C=C/C(CC)CCC*,C/C=C/C(CC)CCCC,coverage,30.0,0.5474937425136082,False
503,OMG,*NC1CC2CCC1CC2NC(=O)C1CCC2(CCC(C(*)=O)CC2)CC1,CNC1CC2CCC1CC2NC(=O)C1CCC2(CCC(C(C)=O)CC2)CC1,dopt,65.0,4.381874289318153,False
504,OMG,*OC(C)(C)CN(CC(C)(C)OC(=O)C(Br)CC(*)=O)C(=O)CN1C(=O)c2ccccc2C1=O,COC(C)(C)CN(CC(C)(C)OC(=O)C(Br)CC(C)=O)C(=O)CN1C(=O)c2ccccc2C1=O,coverage,65.0,4.381874289318153,False
505,omics,*Cc1cccc(C(*)=C(C#N)C#N)c1,CCc1cccc(C(C)=C(C#N)C#N)c1,random,27.0,0.41237422298650106,True
506,omics,*C1CC2C3CC4CC3(*)CC42C1,CC1CC2C3CC4CC3(C)CC42C1,dopt,33.0,0.707498434008989,False
507,PI1M,CCCCCCCCCN(C)C(=O)OCCOCCOCCOCCOCCOC,CCCCCCCCCN(C)C(=O)OCCOCCOCCOCCOCCOC,random,75.0,6.439287015998562,True
508,PI1M,CCC(C)C(=O)N(F)C(=O)O,CCC(C)C(=O)N(F)C(=O)O,feature,21.0,0.2097456137295212,False
509,PI1M,COc1c(C)cc(C(C)=O)cc1C(C)(C)C,COc1c(C)cc(C(C)=O)cc1C(C)(C)C,coverage,36.0,0.8940806826961882,False
510,PI1M,CCC(C)C(=O)c1ccc(N(C)C)cc1,CCC(C)C(=O)c1ccc(N(C)C)cc1,coverage,34.0,0.7666572932453927,False
511,PI1M,CNc1cc(NBr)c(C)c(Br)c1C,CNc1cc(NBr)c(C)c(Br)c1C,feature,25.0,0.33525989756051233,False
512,PI1M,COc1ccccc1C(=O)OCCCCCCOC(=O)c1ccc(NC(=O)OCCOC(C)=O)cc1,COc1ccccc1C(=O)OCCCCCCOC(=O)c1ccc(NC(=O)OCCOC(C)=O)cc1,random,67.0,4.754055023099274,True
513,PI1M,CC(CCl)(OS(=O)(=O)[SH](C)(F)F)C(F)(F)F,CC(CCl)(OS(=O)(=O)[SH](C)(F)F)C(F)(F)F,feature,25.0,0.33525989756051233,False
514,PI1M,CCC(C)OC(=O)c1cc(OC(=O)c2ccc(C)cc2)c(C)cc1C,CCC(C)OC(=O)c1cc(OC(=O)c2ccc(C)cc2)c(C)cc1C,random,49.0,2.04904001620089,True
515,PI1M,COc1cccc(OCCCCCCCCCCCCCCOc2cccc(C)c2)c1,COc1cccc(OCCCCCCCCCCCCCCOc2cccc(C)c2)c1,coverage,73.0,5.987719929256527,False
516,PI1M,CN=P(C)(OCCOc1ccc(C)cc1)Oc1ccccc1,CN=P(C)(OCCOc1ccc(C)cc1)Oc1ccccc1,coverage,44.0,1.5339481655863532,False
517,PI1M,CCCCCCCCCCCCCSCCC(=O)OC,CCCCCCCCCCCCCSCCC(=O)OC,random,54.0,2.6611061495015087,True
518,OMG,*OC1CN(C(=O)OC(C)(C)C)C(C(=O)OC)C1OC(=O)C(CCCN)C(*)=O,COC(=O)C1C(OC(=O)C(CCCN)C(C)=O)C(OC)CN1C(=O)OC(C)(C)C,coverage,61.0,3.6936882750981668,False
519,PI1M,CCCCCCCCCCCCCCCCCCCOC(=O)CCCCC(=O)OCCCCOC(=O)CCCCC(=O)OC,CCCCCCCCCCCCCCCCCCCOC(=O)CCCCC(=O)OCCCCOC(=O)CCCCC(=O)OC,coverage,110.0,18.04136146018054,False
520,PI1M,CCCCc1ccc(C(=O)CCCCCCC(=O)Nc2ccc(Cc3ccc(NC(=O)CSC)cc3)cc2)cc1,CCCCc1ccc(C(=O)CCCCCCC(=O)Nc2ccc(Cc3ccc(NC(=O)CSC)cc3)cc2)cc1,random,82.0,8.18619805320074,True
521,OMG,*OCC(COC(=O)c1ccccc1)OC(=O)C1=CC(C)C=C(C(*)=O)O1,COCC(COC(=O)c1ccccc1)OC(=O)C1=CC(C)C=C(C(C)=O)O1,coverage,49.0,2.04904001620089,False
522,PI1M,CCCn1oc(C)c1-c1ccccc1,CCCn1oc(C)c1-c1ccccc1,feature,29.0,0.49977393112088747,False
523,OMG,*OC(c1ccccc1)(c1ccccc1)C1OC(C)(C)OC1C(OC(=O)COc1ccc(OCC(*)=O)cc1Br)(c1ccccc1)c1ccccc1,COC(c1ccccc1)(c1ccccc1)C1OC(C)(C)OC1C(OC(=O)COc1ccc(OCC(C)=O)cc1Br)(c1ccccc1)c1ccccc1,coverage,93.0,11.48529398776902,False
524,PI1M,CC(=O)c1ccc(-c2ccccc2)c(C)c1,CC(=O)c1ccc(-c2ccccc2)c(C)c1,coverage,30.0,0.5474937425136082,False
525,OMG,*Oc1cc(C)c(C(=O)OC)cc1OC(=O)c1ccc(C(=O)Nc2ccc(C(*)=O)cc2)cc1,COC(=O)c1cc(OC(=O)c2ccc(C(=O)Nc3ccc(C(C)=O)cc3)cc2)c(OC)cc1C,random,57.0,3.0777004384750812,True
526,PolyInfo,*Nc1ccc(*)cc1-c1ccccc1,CNc1ccc(C)cc1-c1ccccc1,coverage,30.0,0.5474937425136082,False
527,PI1M,COC(=O)NCCSCCCCNC(C)=O,COC(=O)NCCSCCCCNC(C)=O,coverage,36.0,0.8940806826961882,False
528,OMG,*Oc1c(C)ccc(C)c1OC(=O)C1CCC(C(*)=O)S1,COc1c(C)ccc(C)c1OC(=O)C1CCC(C(C)=O)S1,coverage,41.0,1.2685615949723126,False
529,OMG,*Nc1ccccc1NC(=O)c1c(Cl)c(Cl)c(C(*)=O)c(Cl)c1Cl,CNc1ccccc1NC(=O)c1c(Cl)c(Cl)c(C(C)=O)c(Cl)c1Cl,coverage,36.0,0.8940806826961882,False
530,OMG,*OC1=NC(=NO)C(=NO)N=C1OC(=O)C(CC(*)=O)c1ccccc1Br,COC1=NC(=NO)C(=NO)N=C1OC(=O)C(CC(C)=O)c1ccccc1Br,dopt,42.0,1.3535165667832443,False
531,OMG,*Oc1c(Cc2cc(C)cc(C(C)(C)C)c2OC(=O)c2ccc(N=Nc3ccc(C(*)=O)cc3)cc2)cc(C)cc1C(C)(C)C,COc1c(Cc2cc(C)cc(C(C)(C)C)c2OC(=O)c2ccc(N=Nc3ccc(C(C)=O)cc3)cc2)cc(C)cc1C(C)(C)C,random,89.0,10.204273787941979,True
532,PI1M,CCC(O)COc1ccc(-n2on2-c2ccc(OC(=O)COc3ccc(/N=N/c4ccc(OCCCCCCCCCCCCOc5ccc(C(C)=O)cc5)cc4)cc3)cc2)cc1,CCC(O)COc1ccc(-n2on2-c2ccc(OC(=O)COc3ccc(/N=N/c4ccc(OCCCCCCCCCCCCOc5ccc(C(C)=O)cc5)cc4)cc3)cc2)cc1,dopt,121.0,23.313937656831943,False
533,OMG,*Oc1cc(OC(=O)C(CCC(*)=O)NCc2ccccc2)ccc1C(C)=NNC(=O)c1ccc(OC)cc1,COc1ccc(C(=O)NN=C(C)c2ccc(OC(=O)C(CCC(C)=O)NCc3ccccc3)cc2OC)cc1,coverage,72.0,5.769622518212583,False
534,OMG,*Nc1ccc(OC(C)Oc2ccc(NC(=O)C(c3ccccc3)C(C(*)=O)c3ccccc3)cc2)cc1,CNc1ccc(OC(C)Oc2ccc(NC(=O)C(c3ccccc3)C(C(C)=O)c3ccccc3)cc2)cc1,random,70.0,5.348558032191515,True
535,PI1M,C[Si](C)(Cl)c1ccccc1,C[Si](C)(Cl)c1ccccc1,feature,21.0,0.2097456137295212,False
536,OMG,*Nc1ccc(NC(=O)C(CCCC)(CCCC)C(*)=O)c(C#N)c1C(=O)OCC,CCCCC(CCCC)(C(C)=O)C(=O)Nc1ccc(NC)c(C(=O)OCC)c1C#N,random,63.0,4.0285528241783775,True
537,omics,*NC(CCCCCCNC(*)=O)C(=O)OC,CNC(CCCCCCNC(C)=O)C(=O)OC,coverage,41.0,1.2685615949723126,False
538,OMG,*Oc1cccc2c(OC(=O)C(CCCN)C(*)=O)cccc12,COc1cccc2c(OC(=O)C(CCCN)C(C)=O)cccc12,coverage,44.0,1.5339481655863532,False
539,PI1M,C[Si](C)(CCC(F)(F)F)C[SH](=O)=C(CI)OCCOCCOCC,CCOCCOCCOC(CI)=[SH](=O)C[Si](C)(C)CCC(F)(F)F,dopt,52.0,2.404207673904035,False
540,OMG,*OCCN(CCOC(=O)c1ccc(N=Cc2ccc(C(*)=O)cc2)cc1)Cc1ccc(Cl)c(Cl)c1,COCCN(CCOC(=O)c1ccc(N=Cc2ccc(C(C)=O)cc2)cc1)Cc1ccc(Cl)c(Cl)c1,random,64.0,4.202881203832011,True
541,PI1M,C/C=C/c1ccc(/C=C/c2ccc(C#S[Si](C)(C)C)c(S(=O)(=O)c3ccccc3)n2)cc1,C/C=C/c1ccc(/C=C/c2ccc(C#S[Si](C)(C)C)c(S(=O)(=O)c3ccccc3)n2)cc1,dopt,59.0,3.3768743086298603,False
542,PI1M,CNC(=O)CCCCCCC(=O)NCCSSSCSSCSSSSSCCCSSSSSSSSSC,CNC(=O)CCCCCCC(=O)NCCSSSCSSCSSSSSCCCSSSSSSSSSC,dopt,74.0,6.210925368545501,False
543,PI1M,CNc1ccc(NC(=O)c2ccc(NC(=O)c3ccc(C(=O)Nc4ccc(-c5ccc(C)cc5)cc4)cc3)cc2)cc1-c1ccccc1,CNc1ccc(NC(=O)c2ccc(NC(=O)c3ccc(C(=O)Nc4ccc(-c5ccc(C)cc5)cc4)cc3)cc2)cc1-c1ccccc1,coverage,82.0,8.18619805320074,False
544,PI1M,CC(=O)Nc1nnc(C)o1,CC(=O)Nc1nnc(C)o1,feature,17.0,0.11880386870633687,False
545,OMG,*NC(=S)Nc1ccc(NC(=O)C2CCCC(C(*)=O)N2)cc1,CNC(=S)Nc1ccc(NC(=O)C2CCCC(C(C)=O)N2)cc1,coverage,45.0,1.629538578803666,False
546,PI1M,CCC(C)C(=O)N[N+](=O)[O-],CCC(C)C(=O)N[N+](=O)[O-],feature,20.0,0.1839474081746623,False
547,OMG,*Nc1ccc(-c2ccc(NC(=O)C(C(C(*)=O)N(Cc3ccccc3)C(=O)OCC)N(Cc3ccccc3)C(=O)OCC)c(S(=O)(=O)O)c2)cc1S(=O)(=O)O,CCOC(=O)N(Cc1ccccc1)C(C(C)=O)C(C(=O)Nc1ccc(-c2ccc(NC)c(S(=O)(=O)O)c2)cc1S(=O)(=O)O)N(Cc1ccccc1)C(=O)OCC,random,98.0,13.22272994707856,True
548,PI1M,CC(=O)c1cccc(C(=O)Nc2cc3cn-3c(=O)c3cc(C)ccc3cc2OC)c1,COc1cc2ccc(C)cc2c(=O)n2cc-2cc1NC(=O)c1cccc(C(C)=O)c1,dopt,50.0,2.1634770685187323,False
549,OMG,*Nc1cc(NC(=O)c2cc(Br)cnc2C(*)=O)nc(SC)n1,CNc1cc(NC(=O)c2cc(Br)cnc2C(C)=O)nc(SC)n1,coverage,37.0,0.9624665003915307,False
550,OMG,*Oc1nc(S)nc2c1C(c1ccccc1)c1c(OC(=O)C34CC(C(*)=O)(CO3)C4)nc(S)nc1O2,COc1nc(S)nc2c1C(c1ccccc1)c1c(OC(=O)C34CC(C(C)=O)(CO3)C4)nc(S)nc1O2,dopt,56.0,2.934599081644776,False
551,omics,*CC(COc1ccc(S(=O)(=O)c2ccc(Oc3ccc(C4CCCC(CC)(c5ccc(O*)cc5)C4)cc3)cc2)cc1)OC(C)=O,CCC(COc1ccc(S(=O)(=O)c2ccc(Oc3ccc(C4CCCC(CC)(c5ccc(OC)cc5)C4)cc3)cc2)cc1)OC(C)=O,coverage,91.0,10.832889919296674,False
552,OMG,*Oc1[nH]c(=S)[nH]c(=O)c1Cc1c(OC(=O)C2=CCC=C(C(*)=O)O2)[nH]c(=S)[nH]c1=O,COc1[nH]c(=S)[nH]c(=O)c1Cc1c(OC(=O)C2=CCC=C(C(C)=O)O2)[nH]c(=S)[nH]c1=O,dopt,47.0,1.8317500939966918,False
553,OMG,*OCC(COC(=O)C(CC(*)=O)NCC)NCc1ccc(OC)cc1,CCNC(CC(C)=O)C(=O)OCC(COC)NCc1ccc(OC)cc1,random,56.0,2.934599081644776,True
554,PI1M,CN=P(C)(OCCBr)SCCCCCC#SSSS,CN=P(C)(OCCBr)SCCCCCC#SSSS,dopt,40.0,1.187037287474881,False
555,PI1M,CCC(CCCCCCCCCCCCCCCCCCCCCCC)COC(=O)c1ccc(C(=O)OC)cc1,CCCCCCCCCCCCCCCCCCCCCCCC(CC)COC(=O)c1ccc(C(=O)OC)cc1,coverage,102.0,14.725072667614862,False
556,PI1M,CN=P(C)(OCCCC)Oc1ccc(/N=N/c2ccc(C#N)cc2)cc1,CCCCOP(C)(=NC)Oc1ccc(/N=N/c2ccc(C#N)cc2)cc1,coverage,49.0,2.04904001620089,False
557,OMG,*OC(C)(C)C(C)OC(=O)C1(C(*)=O)CC2CC(C2)C1,COC(C)(C)C(C)OC(=O)C1(C(C)=O)CC2CC(C2)C1,coverage,46.0,1.7287872538090088,False
558,PI1M,CCCN(CCOC(=O)c1ccc(C(=O)OC)cc1)c1ccc(C(=O)OC)cc1,CCCN(CCOC(=O)c1ccc(C(=O)OC)cc1)c1ccc(C(=O)OC)cc1,coverage,54.0,2.6611061495015087,False
559,OMG,*Oc1ccc(COC(=O)c2[nH]c(C(F)(F)F)nc2C(*)=O)cc1OC,COc1ccc(COC(=O)c2[nH]c(C(F)(F)F)nc2C(C)=O)cc1OC,coverage,41.0,1.2685615949723126,False
560,PI1M,CC(=O)Nc1ccc(S(=O)(=O)c2ccc(/N=N/c3ccc(C)cc3)cc2)cc1,CC(=O)Nc1ccc(S(=O)(=O)c2ccc(/N=N/c3ccc(C)cc3)cc2)cc1,coverage,47.0,1.8317500939966918,False
561,PI1M,Cc1ccc(-c2ccc(C(C)(C)c3ccc(C)s3)s2)s1,Cc1ccc(-c2ccc(C(C)(C)c3ccc(C)s3)s2)s1,coverage,38.0,1.0340483823546922,False
562,OMG,*Oc1cc(OC(=O)C(CC(*)=O)NCC)c(Cl)cc1SC,CCNC(CC(C)=O)C(=O)Oc1cc(OC)c(SC)cc1Cl,random,42.0,1.3535165667832443,True
563,OMG,*Oc1cc(OC(=O)C(C(*)=O)C2CCOC2)c(Br)cc1C(=O)OC,COC(=O)c1cc(Br)c(OC(=O)C(C(C)=O)C2CCOC2)cc1OC,random,44.0,1.5339481655863532,True
564,PI1M,CCC(OC(C)CCCCCCS(=O)(=O)Br)[SH]Cl,CCC(OC(C)CCCCCCS(=O)(=O)Br)[SH]Cl,feature,41.0,1.2685615949723126,False
565,OMG,*OCCCN(CCOC(=O)C(OC)C(OC)C(*)=O)S(C)(=O)=O,COCCCN(CCOC(=O)C(OC)C(OC)C(C)=O)S(C)(=O)=O,random,51.0,2.2818482460254073,True
566,PI1M,CO[Si](C)(C)CCCOC(=O)c1ccccc1C(=O)OCCCCOC(C)=O,CO[Si](C)(C)CCCOC(=O)c1ccccc1C(=O)OCCCCOC(C)=O,coverage,58.0,3.2251081841016833,False
567,PI1M,CC1=C(F)C(Cl)=C1C,CC1=C(F)C(Cl)=C1C,feature,14.0,0.07047050774391327,False
568,OMG,*Oc1c(OC)cc(COC(=O)C(CC(*)=O)OC)cc1OC,COc1cc(COC(=O)C(CC(C)=O)OC)cc(OC)c1OC,coverage,45.0,1.629538578803666,False
569,PI1M,CCC(C)OCC(=O)OCCc1ccccc1,CCC(C)OCC(=O)OCCc1ccccc1,coverage,37.0,0.9624665003915307,False
570,PI1M,C/C=C/c1cc(OCC)c(/C=C\c2ccc(C)cc2)cc1OC,C/C=C/c1cc(OCC)c(/C=C\c2ccc(C)cc2)cc1OC,coverage,47.0,1.8317500939966918,False
571,OMG,*OCCc1ccc2cc(CCOC(=O)C(CC(*)=O)NC(=O)OCC3c4ccccc4-c4ccccc43)ccc2c1,COCCc1ccc2cc(CCOC(=O)C(CC(C)=O)NC(=O)OCC3c4ccccc4-c4ccccc43)ccc2c1,random,77.0,6.911670651446108,True
572,PI1M,CCCS(=O)(=S)C(=C)Cl,C=C(Cl)S(=O)(=S)CCC,feature,18.0,0.1385498383381463,False
573,PI1M,CCC(C)C(=O)OCCCCCCOc1ccc(/C=C/c2ccc(/C=C/c3ccc([N+](=O)[O-])cc3)cc2)cc1,CCC(C)C(=O)OCCCCCCOc1ccc(/C=C/c2ccc(/C=C/c3ccc([N+](=O)[O-])cc3)cc2)cc1,coverage,76.0,6.672852850107062,False
574,omics,*N=P(*)(Oc1ccc(Cl)cc1)Oc1cccc(C)c1,CN=P(C)(Oc1ccc(Cl)cc1)Oc1cccc(C)c1,coverage,37.0,0.9624665003915307,False
575,PolyInfo,*CC(*)C(=O)NCCCCCCCCCCCCCC,CCCCCCCCCCCCCCNC(=O)C(C)CC,coverage,60.0,3.533050524994261,False
576,PolyInfo,*CCOCCOC(=O)c1ccccc1C(=O)O*,CCCOCCOC(=O)c1ccccc1C(=O)OC,coverage,37.0,0.9624665003915307,False
577,omics,*c1sc(*)c(OCCCCCCC)c1OCCCCCCC,CCCCCCCOc1c(C)sc(C)c1OCCCCCCC,coverage,59.0,3.3768743086298603,False
578,OMG,*OCCCOCCCOCCCOC(=O)C(CC(*)=O)NCC,CCNC(CC(C)=O)C(=O)OCCCOCCCOCCCOC,random,57.0,3.0777004384750812,True
579,PolyInfo,*CC(*)OC(C)C,CCC(C)OC(C)C,coverage,24.0,0.30039397989449834,False
580,PI1M,Cc1cc([N+](=O)[O-])c(C)o1,Cc1cc([N+](=O)[O-])c(C)o1,feature,17.0,0.11880386870633687,False
581,PI1M,CNC(=O)C(=O)NCCCCCCCCCNC(=O)C(=C)CCCCCC,C=C(CCCCCC)C(=O)NCCCCCCCCCNC(=O)C(=O)NC,random,66.0,4.5655822516472835,True
582,PI1M,CC#C/C(C#[SH])=C(/C)O,CC#C/C(C#[SH])=C(/C)O,feature,17.0,0.11880386870633687,False
583,PI1M,CN=P(C)(NCCC)NCCCCC,CCCCCNP(C)(=NC)NCCC,coverage,40.0,1.187037287474881,False
584,OMG,*Nc1c(NC(=O)c2nc(N)[nH]c2C(*)=O)c(=O)c1=O,CNc1c(NC(=O)c2nc(N)[nH]c2C(C)=O)c(=O)c1=O,dopt,31.0,0.597979011686388,False
585,PI1M,Cc1ccc(C)n1F,Cc1ccc(C)n1F,feature,16.0,0.1009266220636141,False
586,PI1M,CCCOCCOCCOCCOCCCOP(=O)(/N=N/c1ccc(S(C)(=O)=O)cc1)c1ccccc1,CCCOCCOCCOCCOCCCOP(=O)(/N=N/c1ccc(S(C)(=O)=O)cc1)c1ccccc1,random,74.0,6.210925368545501,True
587,PI1M,COc1ccc(S(=O)(=O)c2ccc(Oc3ccc(C(C)(C)c4ccc(-c5ccc(C)cc5)cc4)cc3)cc2)cc1,COc1ccc(S(=O)(=O)c2ccc(Oc3ccc(C(C)(C)c4ccc(-c5ccc(C)cc5)cc4)cc3)cc2)cc1,coverage,72.0,5.769622518212583,False
588,OMG,*OC(C1CCCCC1)C(COC(=O)C1(C(*)=O)CCOCC1)NC(=O)OCc1ccccc1,COC(C1CCCCC1)C(COC(=O)C1(C(C)=O)CCOCC1)NC(=O)OCc1ccccc1,coverage,71.0,5.556584750444072,False
589,PI1M,CO[Si](C)(C)N[Si](C)(C)O[Si](C)(C)O[Si](C)(C)[Si](C)(C)C(C)C,CO[Si](C)(C)N[Si](C)(C)O[Si](C)(C)O[Si](C)(C)[Si](C)(C)C(C)C,dopt,64.0,4.202881203832011,False
590,OMG,*Nc1ccc(Sc2ccc(NC(=O)C3CC=C(C)CC3C(*)=O)cc2)cc1,CNc1ccc(Sc2ccc(NC(=O)C3CC=C(C)CC3C(C)=O)cc2)cc1,coverage,54.0,2.6611061495015087,False
591,PI1M,C/C(=C(/C)c1ccc(O)cc1)c1ccccc1,C/C(=C(/C)c1ccc(O)cc1)c1ccccc1,coverage,33.0,0.707498434008989,False
592,PI1M,Cc1ccc(Nc2ccc([Si](C)(C)[Si](C)(C)N[Si](C)(C)C)cc2)cc1,Cc1ccc(Nc2ccc([Si](C)(C)[Si](C)(C)N[Si](C)(C)C)cc2)cc1,dopt,59.0,3.3768743086298603,False
593,OMG,*Nc1ccc(OC(C)Oc2ccc(NC(=O)CCC(NC(=O)OC(C)(C)C)C(*)=O)cc2)cc1,CNc1ccc(OC(C)Oc2ccc(NC(=O)CCC(NC(=O)OC(C)(C)C)C(C)=O)cc2)cc1,random,70.0,5.348558032191515,True
594,OMG,*OCC(OC(=O)c1cc(C(*)=O)c(=O)[nH]c1C)c1cc(C)c(Br)c(C)c1,COCC(OC(=O)c1cc(C(C)=O)c(=O)[nH]c1C)c1cc(C)c(Br)c(C)c1,random,49.0,2.04904001620089,True
595,OMG,*OC1CCCC1OC(=O)C(CC(*)=O)c1cccs1,COC1CCCC1OC(=O)C(CC(C)=O)c1cccs1,coverage,40.0,1.187037287474881,False
596,PI1M,Cc1ccc(Oc2ccc(-n3c(=O)c4cc5c(=O)n(C)c(=O)c5cc4c3=O)cc2Oc2ccc(OC)cc2)cc1,COc1ccc(Oc2cc(-n3c(=O)c4cc5c(=O)n(C)c(=O)c5cc4c3=O)ccc2Oc2ccc(C)cc2)cc1,coverage,62.0,3.858838735716932,False
597,OMG,*OCC(COC(=O)CCCCCCCCC)OC(=O)COc1ccc(OCC(*)=O)cc1Br,CCCCCCCCCC(=O)OCC(COC)OC(=O)COc1ccc(OCC(C)=O)cc1Br,coverage,71.0,5.556584750444072,False
598,PI1M,CCC(C)(C)C(=O)OC1CCCCCCCCC1,CCC(C)(C)C(=O)OC1CCCCCCCCC1,coverage,48.0,1.9384826272146733,False
599,PI1M,CCCCCCCOc1ccc(CCc2ccc(N=C)cc2)cc1,C=Nc1ccc(CCc2ccc(OCCCCCCC)cc2)cc1,coverage,53.0,2.5306091492877196,False
600,OMG,*OCc1cc2ccccc2cc1COC(=O)C1NC(C(*)=O)SC1(C)C,COCc1cc2ccccc2cc1COC(=O)C1NC(C(C)=O)SC1(C)C,coverage,52.0,2.404207673904035,False
601,PI1M,CCCOCCOCCOCCOCCOP(=O)(OC)OC,CCCOCCOCCOCCOCCOP(=O)(OC)OC,coverage,51.0,2.2818482460254073,False
602,omics,*CC(CC(*)(C#N)C(=O)OC)c1ccc(COCCOCCCC)cc1,CCCCOCCOCc1ccc(C(CC)CC(C)(C#N)C(=O)OC)cc1,random,60.0,3.533050524994261,True
603,OMG,*Nc1ccc(OC)cc1SSc1cc(OC)ccc1NC(=O)c1nc(N)[nH]c1C(*)=O,CNc1ccc(OC)cc1SSc1cc(OC)ccc1NC(=O)c1nc(N)[nH]c1C(C)=O,random,55.0,2.7957518399460364,True
604,PI1M,COC(=O)c1ccc(C(C)=O)cc1OCC(CC)CCCC,CCCCC(CC)COc1cc(C(C)=O)ccc1C(=O)OC,coverage,48.0,1.9384826272146733,False
605,OMG,*OCCOCCOc1ccc(OCCOCCOC(=O)c2ncnc(C(*)=O)c2C)cc1,COCCOCCOc1ccc(OCCOCCOC(=O)c2ncnc(C(C)=O)c2C)cc1,random,63.0,4.0285528241783775,True
606,PI1M,C/C=C(/C)SSCCSC,C/C=C(/C)SSCCSC,random,24.0,0.30039397989449834,True
607,OMG,*Oc1ccc(OC(=O)C(CC(*)=O)c2ccccc2Cl)cc1C(C)C,COc1ccc(OC(=O)C(CC(C)=O)c2ccccc2Cl)cc1C(C)C,random,49.0,2.04904001620089,True
608,PI1M,CC#COP(=O)(c1ccc(C)cc1)P(=O)(O)Cl,CC#COP(=O)(c1ccc(C)cc1)P(=O)(O)Cl,feature,28.0,0.4547556347186134,False
609,PI1M,CNc1ccc(Cc2ccc(C(C)=O)cc2)cc1S(=O)(=O)O,CNc1ccc(Cc2ccc(C(C)=O)cc2)cc1S(=O)(=O)O,coverage,39.0,1.1088856862834737,False
610,OMG,*NC(=S)Nc1ccc(NC(=S)NC(=O)C2C(C(*)=O)C2(c2ccccc2)c2ccccc2)cc1,CNC(=S)Nc1ccc(NC(=S)NC(=O)C2C(C(C)=O)C2(c2ccccc2)c2ccccc2)cc1,random,61.0,3.6936882750981668,True
611,PI1M,CCC(C)[SH](C)=S,CCC(C)[SH](C)=S,feature,20.0,0.1839474081746623,False
612,PolyInfo,*c1ccc(-c2ccc(-c3ccc(*)s3)s2)cc1,Cc1ccc(-c2ccc(-c3ccc(C)s3)s2)cc1,coverage,32.0,0.6512930237899227,False
613,omics,*Oc1ccc(OCC(=O)OCC(OC(=O)NCc2ccc(C(C)(C)c3ccc(*)o3)o2)c2ccco2)cc1,COc1ccc(OCC(=O)OCC(OC(=O)NCc2ccc(C(C)(C)c3ccc(C)o3)o2)c2ccco2)cc1,dopt,70.0,5.348558032191515,False
614,omics,*Oc1ccc(CC(NC(=O)CCc2ccc(OC(*)=O)cc2)C(=O)OC)cc1,COC(=O)C(Cc1ccc(OC)cc1)NC(=O)CCc1ccc(OC(C)=O)cc1,coverage,54.0,2.6611061495015087,False
615,omics,*N=P(Cl)(Cl)N=P(Cl)(Cl)N=S(*)(=O)NCCCCCC,CCCCCCNS(C)(=O)=NP(Cl)(Cl)=NP(Cl)(Cl)=NC,dopt,40.0,1.187037287474881,False
616,omics,*CCCCCCOc1ccc(OC(=O)OC2CC3CC(*)CC(C2)O3)cc1,CCCCCCCOc1ccc(OC(=O)OC2CC3CC(C)CC(C2)O3)cc1,coverage,62.0,3.858838735716932,False
617,PI1M,COc1ccc(-c2ccc(-c3ccc(Oc4ccc(Oc5ccc(C)nc5)cc4)cc3)cc2)cc1,COc1ccc(-c2ccc(-c3ccc(Oc4ccc(Oc5ccc(C)nc5)cc4)cc3)cc2)cc1,random,60.0,3.533050524994261,True
618,PI1M,CCCCCCCCCCCOC(=O)CCCCCC(=O)OCCCSC(=O)CCCCC(=O)OC,CCCCCCCCCCCOC(=O)CCCCCC(=O)OCCCSC(=O)CCCCC(=O)OC,random,86.0,9.30515942952161,True
619,omics,*CCOCCOCCOCCOCCOCCOC(=O)O*,CCCOCCOCCOCCOCCOCCOC(=O)OC,coverage,53.0,2.5306091492877196,False
620,PI1M,CCC(C)(C)S[Si](C)(F)Cl,CCC(C)(C)S[Si](C)(F)Cl,feature,24.0,0.30039397989449834,False
621,OMG,*OC1C(OCc2ccccc2)C(OC(=O)c2ccccc2)C(OC(=O)c2ccccc2)C(OCc2ccccc2)C1OC(=O)C(OC(C)=O)C(OC(C)=O)C(*)=O,COC1C(OCc2ccccc2)C(OC(=O)c2ccccc2)C(OC(=O)c2ccccc2)C(OCc2ccccc2)C1OC(=O)C(OC(C)=O)C(OC(C)=O)C(C)=O,coverage,102.0,14.725072667614862,False
622,OMG,*Oc1c(C(=O)OC)ccc(OC(=O)C2CSCN2C(=O)C(*)=O)c1Cl,COC(=O)c1ccc(OC(=O)C2CSCN2C(=O)C(C)=O)c(Cl)c1OC,random,42.0,1.3535165667832443,True
623,OMG,*Oc1ccc2ccc(OC(=O)CCN(CCC(*)=O)S(=O)(=O)c3ccc(C)c(C)c3)cc2c1,COc1ccc2ccc(OC(=O)CCN(CCC(C)=O)S(=O)(=O)c3ccc(C)c(C)c3)cc2c1,random,63.0,4.0285528241783775,True
624,OMG,*OC1c2ccccc2N(C(=O)OC(C)(C)C)c2ccccc2C1OC(=O)C1(C(*)=O)CCOCC1,COC1c2ccccc2N(C(=O)OC(C)(C)C)c2ccccc2C1OC(=O)C1(C(C)=O)CCOCC1,coverage,69.0,5.145493557044269,False
625,PolyInfo,*OC(*)CCCCCC,CCCCCCC(C)OC,coverage,30.0,0.5474937425136082,False
626,PI1M,Cc1ccc(-n2on2-c2ccc(C)s2)o1,Cc1ccc(-n2on2-c2ccc(C)s2)o1,feature,25.0,0.33525989756051233,False
627,PI1M,CCC(C)c1ccc(C(=O)c2ccc(/C=C/c3ccccc3)cc2)cc1,CCC(C)c1ccc(C(=O)c2ccc(/C=C/c3ccccc3)cc2)cc1,coverage,50.0,2.1634770685187323,False
628,PI1M,CCCCCCCC(C)CCCCCOC,CCCCCCCC(C)CCCCCOC,coverage,48.0,1.9384826272146733,False
629,PI1M,CCC(C)(C)CS(=O)(=O)CC(C)(CC)CC,CCC(C)(C)CS(=O)(=O)CC(C)(CC)CC,coverage,44.0,1.5339481655863532,False
630,OMG,*Nc1cc(C)cc(NC(=O)c2cc(NS(=O)(=O)c3ccc(NC(C)=O)cc3)cc(C(*)=O)c2)c1SC,CNc1cc(C)cc(NC(=O)c2cc(NS(=O)(=O)c3ccc(NC(C)=O)cc3)cc(C(C)=O)c2)c1SC,random,65.0,4.381874289318153,True
631,PI1M,CCCCCCCOC(=O)CCCCCCCCCS(=O)(=O)CCCCCOC,CCCCCCCOC(=O)CCCCCCCCCS(=O)(=O)CCCCCOC,coverage,75.0,6.439287015998562,False
632,PI1M,COC(C)OCC(=S)NNC(=O)CCCCN1C(=O)C2=CC=C(C=C1OC)C(C)(CO)C2,COC1=CC2=CC=C(CC2(C)CO)C(=O)N1CCCCC(=O)NNC(=S)COC(C)OC,dopt,65.0,4.381874289318153,False
633,OMG,*Nc1cc(C)cc(NC(=O)CCC(=O)NC2CCCCC2NC(=O)CCC(*)=O)n1,CNc1cc(C)cc(NC(=O)CCC(=O)NC2CCCCC2NC(=O)CCC(C)=O)n1,coverage,64.0,4.202881203832011,False
634,omics,*CC(*)OC(=O)C(C)(C)CCCCCCCCC,CCCCCCCCCC(C)(C)C(=O)OC(C)CC,coverage,53.0,2.5306091492877196,False
635,PI1M,CCC(C)(CC)CC(=O)NC,CCC(C)(CC)CC(=O)NC,coverage,30.0,0.5474937425136082,False
636,PolyInfo,*O[Si](C)(C)O[Si](C)(C)O[Si](C)(C)O[Si](*)(C)CCc1ccccc1,CO[Si](C)(C)O[Si](C)(C)O[Si](C)(C)O[Si](C)(C)CCc1ccccc1,coverage,61.0,3.6936882750981668,False
637,PI1M,CCCCCCOC(=O)Nc1ccc(C)c(NNC(=O)OC)c1,CCCCCCOC(=O)Nc1ccc(C)c(NNC(=O)OC)c1,random,48.0,1.9384826272146733,True
638,PI1M,CO[Si](C)(C)[Si](C)(C)O,CO[Si](C)(C)[Si](C)(C)O,feature,25.0,0.33525989756051233,False
639,PI1M,COC(C)COC(=O)c1ccc(C(=O)OC(=O)c2ccc(C(C)=O)cc2)cc1,COC(C)COC(=O)c1ccc(C(=O)OC(=O)c2ccc(C(C)=O)cc2)cc1,coverage,48.0,1.9384826272146733,False
640,PI1M,Cc1cc(C)c(CCCCCC)cc1C#N,CCCCCCc1cc(C#N)c(C)cc1C,coverage,37.0,0.9624665003915307,False
641,PI1M,CC(=O)C(=O)N1CCN(C)CC1,CC(=O)C(=O)N1CCN(C)CC1,coverage,26.0,0.372564345698904,False
642,PI1M,COC(=O)c1ccc(C(=O)NNC(=O)c2ccc(NC(=O)CCCCCCCCC(=O)c3ccc(C)cc3)cc2)cc1,COC(=O)c1ccc(C(=O)NNC(=O)c2ccc(NC(=O)CCCCCCCCC(=O)c3ccc(C)cc3)cc2)cc1,random,79.0,7.405252308862643,True
643,omics,*c1cc(/N=N/c2ccc(C#N)cc2)cc(*)c1C,Cc1cc(/N=N/c2ccc(C#N)cc2)cc(C)c1C,coverage,34.0,0.7666572932453927,False
644,OMG,*Oc1ccccc1C(=O)OCCOC(=O)c1cc(C(*)=O)c(Cl)nc1C,COc1ccccc1C(=O)OCCOC(=O)c1cc(C(C)=O)c(Cl)nc1C,coverage,45.0,1.629538578803666,False
645,PI1M,Cc1nnc(C)n1O,Cc1nnc(C)n1O,feature,15.0,0.08484152603281661,False
646,PI1M,CCCOc1ccc(C(C)(C)c2ccc(OC(=O)CCCCCCCCC(=O)Oc3ccc(OC)cc3)cc2)cc1,CCCOc1ccc(C(C)(C)c2ccc(OC(=O)CCCCCCCCC(=O)Oc3ccc(OC)cc3)cc2)cc1,coverage,85.0,9.016954844909401,False
647,PI1M,CCCCCCCCCCCCCCCCC(=O)NNC(=O)c1cccc(C(=O)NC)c1,CCCCCCCCCCCCCCCCC(=O)NNC(=O)c1cccc(C(=O)NC)c1,coverage,75.0,6.439287015998562,False
648,PI1M,CCC(C)SS(=O)(=O)Cl,CCC(C)SS(=O)(=O)Cl,feature,18.0,0.1385498383381463,False
649,omics,*CC(CO*)(COC(C)=O)COc1ccc(-c2ccccc2)cc1,CCC(COC)(COC(C)=O)COc1ccc(-c2ccccc2)cc1,coverage,51.0,2.2818482460254073,False
650,OMG,*OCCCOC(=O)CSc1cccc2c(SCC(*)=O)cccc12,COCCCOC(=O)CSc1cccc2c(SCC(C)=O)cccc12,coverage,47.0,1.8317500939966918,False
651,PolyInfo,*c1ccc(-c2ccc([Si](*)(C)C)s2)s1,Cc1ccc(-c2ccc([Si](C)(C)C)s2)s1,coverage,31.0,0.597979011686388,False
652,PI1M,COc1ccc(C(=O)c2ccc(Oc3ccc(C(=O)c4ccc(S(=O)(=O)c5ccc(C(=O)c6ccc(C)cc6)cc5)cc4)cc3)cc2)cc1,COc1ccc(C(=O)c2ccc(Oc3ccc(C(=O)c4ccc(S(=O)(=O)c5ccc(C(=O)c6ccc(C)cc6)cc5)cc4)cc3)cc2)cc1,coverage,79.0,7.405252308862643,False
653,PI1M,CN=[PH]1C(C)=C1Br,CN=[PH]1C(C)=C1Br,feature,14.0,0.07047050774391327,False
654,OMG,*OC(CSc1nc2ccccc2s1)C(CCl)OC(=O)CC(CC(*)=O)c1cc(F)cc(F)c1,COC(CSc1nc2ccccc2s1)C(CCl)OC(=O)CC(CC(C)=O)c1cc(F)cc(F)c1,random,58.0,3.2251081841016833,True
655,PI1M,CCCCCCCCOc1ccc(-c2ccc(OCCCCCCCCCCOP(=O)(OC)OCCOC(=O)O)cc2)cc1,CCCCCCCCOc1ccc(-c2ccc(OCCCCCCCCCCOP(=O)(OC)OCCOC(=O)O)cc2)cc1,random,97.0,12.862901673682583,True
656,PI1M,CC#CC(C)C(C=C)(COC)OCCCCCCCCCCCC,C=CC(COC)(OCCCCCCCCCCCC)C(C)C#CC,random,64.0,4.202881203832011,True
657,OMG,*Oc1cc(OC(=O)C(C)CCC(*)=O)ccc1C,COc1cc(OC(=O)C(C)CCC(C)=O)ccc1C,coverage,39.0,1.1088856862834737,False
658,omics,*OP(=O)(Oc1ccc(Br)cc1)Oc1ccc(S(=O)(=O)c2ccc(Oc3ccc(*)cc3)cc2)cc1,COP(=O)(Oc1ccc(Br)cc1)Oc1ccc(S(=O)(=O)c2ccc(Oc3ccc(C)cc3)cc2)cc1,coverage,58.0,3.2251081841016833,False
659,PI1M,CC(F)(F)C(C)(O[Si](F)(F)C(F)(F)C(F)(F)C(F)(F)C(F)(F)C(F)(F)C(F)(F)C(F)(F)C(F)(F)F)C(F)(F)F,CC(F)(F)C(C)(O[Si](F)(F)C(F)(F)C(F)(F)C(F)(F)C(F)(F)C(F)(F)C(F)(F)C(F)(F)C(F)(F)F)C(F)(F)F,random,45.0,1.629538578803666,True
660,PI1M,CC=C(C=C)[Si](C)(F)Cl,C=CC(=CC)[Si](C)(F)Cl,feature,19.0,0.16023971771432066,False
661,PI1M,CCCOC(=O)C(O)C(O)C(O)C(O)C(O)C(O)CN(C)Cc1ccc(C(=O)OCCI)cc1,CCCOC(=O)C(O)C(O)C(O)C(O)C(O)C(O)CN(C)Cc1ccc(C(=O)OCCI)cc1,dopt,68.0,4.947342301951497,False
662,OMG,*Oc1nc(OC(=O)c2ccc(C(=O)Nc3ccc(C(*)=O)cc3)cc2)nc2cc(Br)ccc12,COc1nc(OC(=O)c2ccc(C(=O)Nc3ccc(C(C)=O)cc3)cc2)nc2cc(Br)ccc12,random,52.0,2.404207673904035,True
663,PI1M,CC/C=C/C=C(C)OC,CC/C=C/C=C(C)OC,coverage,23.0,0.2678988587629254,False
664,PI1M,CC#C[Si](C)(C)CCCCCCC,CC#C[Si](C)(C)CCCCCCC,coverage,37.0,0.9624665003915307,False
665,PI1M,COc1ccccc1C(=O)Oc1ccc(Cl)cc1C,COc1ccccc1C(=O)Oc1ccc(Cl)cc1C,coverage,32.0,0.6512930237899227,False
666,PI1M,COc1ccc(Oc2ccc(S(=O)(=O)c3ccccc3)cc2)c(C)c1C,COc1ccc(Oc2ccc(S(=O)(=O)c3ccccc3)cc2)c(C)c1C,coverage,46.0,1.7287872538090088,False
667,PI1M,CCc1ccc(C(C)(C)c2ccc([Si](C)(C)C)cc2)cc1,CCc1ccc(C(C)(C)c2ccc([Si](C)(C)C)cc2)cc1,coverage,49.0,2.04904001620089,False
668,PI1M,Cc1ccc([Si](C)(C)CCCCCCCCCCCC)cc1,CCCCCCCCCCCC[Si](C)(C)c1ccc(C)cc1,coverage,60.0,3.533050524994261,False
669,OMG,*Nc1ccc2c(S(=O)(=O)NC(=O)c3c(Cl)c(Cl)c(C(*)=O)c(Cl)c3Cl)cccc2c1,CNc1ccc2c(S(=O)(=O)NC(=O)c3c(Cl)c(Cl)c(C(C)=O)c(Cl)c3Cl)cccc2c1,random,45.0,1.629538578803666,True
670,OMG,*NC(=N)C(F)(F)C(F)(F)C(F)(F)C(F)(F)C(F)(F)C(F)(F)C(F)(F)C(F)(F)C(=N)NC(=O)c1cc(C(*)=O)cc(S(=O)(=O)Cl)c1,CNC(=N)C(F)(F)C(F)(F)C(F)(F)C(F)(F)C(F)(F)C(F)(F)C(F)(F)C(F)(F)C(=N)NC(=O)c1cc(C(C)=O)cc(S(=O)(=O)Cl)c1,dopt,59.0,3.3768743086298603,False
671,PI1M,CCC(C)C(=O)Nc1ccc(Cc2ccc(OC)cc2)cc1,CCC(C)C(=O)Nc1ccc(Cc2ccc(OC)cc2)cc1,coverage,45.0,1.629538578803666,False
672,PI1M,CO[Si](C)(C)CCCCCCCCCCCCCCCCCCCCCCCCCCCCCCC,CCCCCCCCCCCCCCCCCCCCCCCCCCCCCCC[Si](C)(C)OC,coverage,108.0,17.172474767285724,False
673,PI1M,CNS(=O)(=O)C(=O)N(C)Cl,CNS(=O)(=O)C(=O)N(C)Cl,feature,17.0,0.11880386870633687,False
674,OMG,*OC(C(=O)OC1CC(C)CCC1C(C)C)C(OC(=O)c1[nH]c(C(F)(F)F)nc1C(*)=O)C(=O)OC1CC(C)CCC1C(C)C,COC(C(=O)OC1CC(C)CCC1C(C)C)C(OC(=O)c1[nH]c(C(F)(F)F)nc1C(C)=O)C(=O)OC1CC(C)CCC1C(C)C,coverage,92.0,11.156095933866299,False
675,PI1M,CCCCCCCCCCNC(=O)C(C)NC,CCCCCCCCCCNC(=O)C(C)NC,coverage,47.0,1.8317500939966918,False
676,PI1M,CCCc1ccc(Cc2ccc(N(CCCC)C(=O)CCCCCCCCCCC(=O)OC(=O)c3ccc(-c4nnc(C)o4)o3)o2)cc1,CCCCN(C(=O)CCCCCCCCCCC(=O)OC(=O)c1ccc(-c2nnc(C)o2)o1)c1ccc(Cc2ccc(CCC)cc2)o1,dopt,97.0,12.862901673682583,False
677,PI1M,CNc1cc(SCCCCCCCC)c(C)cc1OCCCCC,CCCCCCCCSc1cc(NC)c(OCCCCC)cc1C,coverage,61.0,3.6936882750981668,False
678,omics,*c1cnc2cc(Oc3ccc4nc(-c5ccc(-c6nnc(-c7cccc(-c8nnc(*)o8)c7)o6)cc5)cc(-c5ccccc5)c4c3)ccc2n1,Cc1cnc2cc(Oc3ccc4nc(-c5ccc(-c6nnc(-c7cccc(-c8nnc(C)o8)c7)o6)cc5)cc(-c5ccccc5)c4c3)ccc2n1,dopt,78.0,7.155788006079488,False
679,PI1M,CNC(=NCCOCC[Si](C)(C)C)S(=O)(=O)C(C)O,CNC(=NCCOCC[Si](C)(C)C)S(=O)(=O)C(C)O,random,45.0,1.629538578803666,True
680,OMG,*OC(COc1ccccc1Br)C(CCl)OC(=O)C(CC(*)=O)OC,COC(CC(C)=O)C(=O)OC(CCl)C(COc1ccccc1Br)OC,coverage,47.0,1.8317500939966918,False
681,PI1M,C/C=C/C(C)CCCC(C)C,C/C=C/C(C)CCCC(C)C,coverage,33.0,0.707498434008989,False
682,PI1M,COc1ccc(C(C)(C)c2ccc(Cc3ccc(C)cc3)cc2)cc1,COc1ccc(C(C)(C)c2ccc(Cc3ccc(C)cc3)cc2)cc1,coverage,51.0,2.2818482460254073,False
683,PI1M,COP(=O)(OCc1ccc(C#CCOc2ccc(C)cc2)cc1)Oc1ccc(C#N)cc1,COP(=O)(OCc1ccc(C#CCOc2ccc(C)cc2)cc1)Oc1ccc(C#N)cc1,random,54.0,2.6611061495015087,True
684,PI1M,CCC(C#[SH])C(=O)OC,CCC(C#[SH])C(=O)OC,feature,19.0,0.16023971771432066,False
685,omics,*CCN(*)C(=O)c1ccc(OCCCC)cc1,CCCCOc1ccc(C(=O)N(C)CCC)cc1,coverage,41.0,1.2685615949723126,False
686,PI1M,Cc1ccc(C(C)CCCCCCCCCCCC)cc1,CCCCCCCCCCCCC(C)c1ccc(C)cc1,coverage,57.0,3.0777004384750812,False
687,OMG,*Oc1ccccc1C(C)OC(=O)C1CCC(C(*)=O)S1,COc1ccccc1C(C)OC(=O)C1CCC(C(C)=O)S1,coverage,41.0,1.2685615949723126,False
688,OMG,*OC(C)C(C)OC(=O)CCOCCOCCOCCOCCOCCOCCOCCC(*)=O,COC(C)C(C)OC(=O)CCOCCOCCOCCOCCOCCOCCOCCC(C)=O,coverage,81.0,7.920410401396693,False
689,PI1M,CCc1ccc(-n2on2-c2ccc(C)s2)s1,CCc1ccc(-n2on2-c2ccc(C)s2)s1,feature,28.0,0.4547556347186134,False
690,PI1M,CO[Si](C)(C)CCCCCCCCCCOc1ccc(-c2ccc(OCCCCCCCCCC)cc2)cc1,CCCCCCCCCCOc1ccc(-c2ccc(OCCCCCCCCCC[Si](C)(C)OC)cc2)cc1,random,97.0,12.862901673682583,True
691,OMG,*OCC(COC(=O)C1CC1C(*)=O)Cc1ccc(Cl)c(Cl)c1,COCC(COC(=O)C1CC1C(C)=O)Cc1ccc(Cl)c(Cl)c1,random,43.0,1.4419597242422257,True
692,OMG,*OC1C(OC(=O)c2ccc(N=Cc3ccc(C(*)=O)cc3)cc2)N(C(C)=O)C(=O)N1C(C)=O,COC1C(OC(=O)c2ccc(N=Cc3ccc(C(C)=O)cc3)cc2)N(C(C)=O)C(=O)N1C(C)=O,random,57.0,3.0777004384750812,True
693,PI1M,CNc1ccc(Sc2ccc(Sc3ccc(C)nc3)cc2)cc1,CNc1ccc(Sc2ccc(Sc3ccc(C)nc3)cc2)cc1,coverage,41.0,1.2685615949723126,False
694,PI1M,C/C=C(\C)c1ccc(CCc2ccc(C#N)cc2)cc1,C/C=C(\C)c1ccc(CCc2ccc(C#N)cc2)cc1,coverage,39.0,1.1088856862834737,False
695,OMG,*OC(C)=NS(=O)(=O)c1ccc(N=NN2CCN(N=Nc3ccc(S(=O)(=O)N=C(C)OC(=O)C(CC(*)=O)NC(=O)OCC4c5ccccc5-c5ccccc54)cc3)CC2)cc1,COC(C)=NS(=O)(=O)c1ccc(N=NN2CCN(N=Nc3ccc(S(=O)(=O)N=C(C)OC(=O)C(CC(C)=O)NC(=O)OCC4c5ccccc5-c5ccccc54)cc3)CC2)cc1,coverage,105.0,15.919235194198889,False
696,omics,*Oc1ccc(C(C)(C)c2ccc(C(c3ccccc3)c3ccc(OC(*)=O)cc3)cc2)cc1C,COc1ccc(C(C)(C)c2ccc(C(c3ccccc3)c3ccc(OC(C)=O)cc3)cc2)cc1C,coverage,67.0,4.754055023099274,False
697,PI1M,CCCCCCCCCCCCCCCCC(=O)Nc1ccc(NC(=O)CCCCCCCCCC(=O)Nc2cccc(C(=O)OC)c2)cc1,CCCCCCCCCCCCCCCCC(=O)Nc1ccc(NC(=O)CCCCCCCCCC(=O)Nc2cccc(C(=O)OC)c2)cc1,coverage,115.0,20.332939817297486,False
698,PI1M,COC(C)C(C)CC(C)(C)CC,CCC(C)(C)CC(C)C(C)OC,coverage,36.0,0.8940806826961882,False
699,PolyInfo,*CC#CCOC(=O)CCCCCCCCCCC(=O)O*,CCC#CCOC(=O)CCCCCCCCCCC(=O)OC,coverage,52.0,2.404207673904035,False
700,PI1M,C/C=C/C=C(C)C(=O)OC,C/C=C/C=C(C)C(=O)OC,coverage,22.0,0.23770591902308572,False
701,OMG,*Nc1ccc(NC(=O)c2c3ccccc3c(C(*)=O)c3ccccc23)c(C)c1C,CNc1ccc(NC(=O)c2c3ccccc3c(C(C)=O)c3ccccc23)c(C)c1C,coverage,54.0,2.6611061495015087,False
702,PI1M,CC/C=C/C=C(C)c1ccccc1,CC/C=C/C=C(C)c1ccccc1,coverage,29.0,0.49977393112088747,False
703,omics,*[C@H](N=O)c1ccc2nc(-c3cccc([C@@H](N=O)N4C(=O)c5ccc(-c6ccc7c(c6)C(=O)N(*)C7=O)cc5C4=O)c3)[nH]c2c1,C[C@H](N=O)c1ccc2nc(-c3cccc([C@@H](N=O)N4C(=O)c5ccc(-c6ccc7c(c6)C(=O)N(C)C7=O)cc5C4=O)c3)[nH]c2c1,random,67.0,4.754055023099274,True
704,PI1M,CCC(C)c1ccccc1CBr,CCC(C)c1ccccc1CBr,coverage,27.0,0.41237422298650106,False
705,PI1M,CCC(CCCCCCCCCCCC(=O)OC)c1ccc([N+](=O)[O-])cc1,CCC(CCCCCCCCCCCC(=O)OC)c1ccc([N+](=O)[O-])cc1,coverage,62.0,3.858838735716932,False
706,OMG,*OCCOCCOCCOCCOCCOCCOCCOCCOCCOCCOCCOCCOCCOCCOC(=O)c1cc(C(*)=O)c(=O)[nH]c1C,COCCOCCOCCOCCOCCOCCOCCOCCOCCOCCOCCOCCOCCOCCOC(=O)c1cc(C(C)=O)c(=O)[nH]c1C,coverage,124.0,24.90160373066553,False
707,OMG,*OC1C2C3C(OC(=O)c4cc(C(*)=O)ccc4S)C4C1C1(Cl)C2(Cl)C(OC)(OC)C3(Cl)C41Cl,COC1C2C3C(OC(=O)c4cc(C(C)=O)ccc4S)C4C1C1(Cl)C2(Cl)C(OC)(OC)C3(Cl)C41Cl,dopt,56.0,2.934599081644776,False
708,OMG,*Oc1cc(C=Nc2ccc(C)cc2)ccc1OC(=O)C(CSCC(*)=O)NS(=O)(=O)c1ccc(C)cc1,COc1cc(C=Nc2ccc(C)cc2)ccc1OC(=O)C(CSCC(C)=O)NS(=O)(=O)c1ccc(C)cc1,coverage,68.0,4.947342301951497,False
709,PI1M,CNc1ccc(Sc2ccc(NC(=O)c3ccc(C(C)=S)cc3)cc2)cc1,CNc1ccc(Sc2ccc(NC(=O)c3ccc(C(C)=S)cc3)cc2)cc1,coverage,47.0,1.8317500939966918,False
710,PI1M,CN=P(C)(Br)c1cc(Cl)cc(Cl)c1F,CN=P(C)(Br)c1cc(Cl)cc(Cl)c1F,feature,22.0,0.23770591902308572,False
711,PI1M,CNc1cc(C)c(O)c(OC)c1C,CNc1cc(C)c(O)c(OC)c1C,coverage,28.0,0.4547556347186134,False
712,OMG,*Oc1c(Cl)c(S(=O)(=O)O)cc2cc(S(=O)(=O)O)c(Cl)c(OC(=O)c3cnc(C)cc3C(*)=O)c12,COc1c(Cl)c(S(=O)(=O)O)cc2cc(S(=O)(=O)O)c(Cl)c(OC(=O)c3cnc(C)cc3C(C)=O)c12,random,50.0,2.1634770685187323,True
713,omics,*c1ccc(C2C(C#N)(C(=O)OCC)C(*)C2(C(=O)OCC)C(=O)OC(C)C)cc1,CCOC(=O)C1(C#N)C(C)C(C(=O)OCC)(C(=O)OC(C)C)C1c1ccc(C)cc1,coverage,59.0,3.3768743086298603,False
714,PI1M,CCCCCCCCCC1CCN(C)C1,CCCCCCCCCC1CCN(C)C1,coverage,44.0,1.5339481655863532,False
715,OMG,*OC(CC)CCC(CC)OC(=O)C(C)(C(*)=O)C(C)C,CCC(CCC(CC)OC(=O)C(C)(C(C)=O)C(C)C)OC,random,53.0,2.5306091492877196,True
716,OMG,*OC(c1nnc(S)n1C)C(OC(=O)CCN(CCCC(*)=O)S(=O)(=O)c1ccc(C)cc1)c1nnc(S)n1C,COC(c1nnc(S)n1C)C(OC(=O)CCN(CCCC(C)=O)S(=O)(=O)c1ccc(C)cc1)c1nnc(S)n1C,dopt,73.0,5.987719929256527,False
717,PI1M,CNc1ccc(NC(=O)c2ccc(C(C)=O)cc2)cc1C(=O)Nc1ccccc1,CNc1ccc(NC(=O)c2ccc(C(C)=O)cc2)cc1C(=O)Nc1ccccc1,coverage,50.0,2.1634770685187323,False
718,OMG,*OC(CCC(OC(=O)C1CS(=O)(=O)CC1C(*)=O)c1ccccc1)c1ccccc1,COC(CCC(OC(=O)C1CS(=O)(=O)CC1C(C)=O)c1ccccc1)c1ccccc1,coverage,59.0,3.3768743086298603,False
719,OMG,*Oc1ccc(C(C)=NN=C(C)c2ccc(OC(=O)C(OC(=O)c3ccc(C)cc3)C(OC(=O)c3ccc(C)cc3)C(*)=O)cc2)cc1,COc1ccc(C(C)=NN=C(C)c2ccc(OC(=O)C(OC(=O)c3ccc(C)cc3)C(OC(=O)c3ccc(C)cc3)C(C)=O)cc2)cc1,random,84.0,8.734423876530629,True
720,OMG,*OC(COCc1ccccc1)COC(=O)C(C)(C(*)=O)C(C)C,COC(COCc1ccccc1)COC(=O)C(C)(C(C)=O)C(C)C,coverage,52.0,2.404207673904035,False
721,PI1M,CSc1ccc(/C=C/C(C)C(C)=O)cc1,CSc1ccc(/C=C/C(C)C(C)=O)cc1,random,31.0,0.597979011686388,True
722,PI1M,CCCCCCCCCCCOC(=O)SN1CCN(C)CC1,CCCCCCCCCCCOC(=O)SN1CCN(C)CC1,coverage,56.0,2.934599081644776,False
723,PI1M,COS(=O)(=O)c1ccc(Oc2ccc(C(=O)N3C=CC4=CC=C(C(=O)c5cc(C(C)=O)ccc5O4)C3=O)cc2)cc1,COS(=O)(=O)c1ccc(Oc2ccc(C(=O)N3C=CC4=CC=C(C(=O)c5cc(C(C)=O)ccc5O4)C3=O)cc2)cc1,dopt,62.0,3.858838735716932,False
724,PI1M,COc1ccccc1C(=O)OCCCCC(=O)Oc1ccccc1OC(=O)CCCCCCCCCCC(C)=O,COc1ccccc1C(=O)OCCCCC(=O)Oc1ccccc1OC(=O)CCCCCCCCCCC(C)=O,coverage,82.0,8.18619805320074,False
725,OMG,*OC(COc1ccccc1OC(=O)c1cnc(C)cc1C(*)=O)c1ccccc1,COC(COc1ccccc1OC(=O)c1cnc(C)cc1C(C)=O)c1ccccc1,random,53.0,2.5306091492877196,True
726,PI1M,Cc1ccc(C(C)(C)[Si](C)(C)[Si](C)(C)O[Si](C)(C)O[Si](C)(C)O[Si](C)(C)O[Si](C)(C)[Si](C)(C)C)cc1,Cc1ccc(C(C)(C)[Si](C)(C)[Si](C)(C)O[Si](C)(C)O[Si](C)(C)O[Si](C)(C)O[Si](C)(C)[Si](C)(C)C)cc1,dopt,94.0,11.820528946214294,False
727,omics,*CCC(OC(=O)c1ccc(-c2ccccc2)cc1)C(*)Cl,CCCC(OC(=O)c1ccc(-c2ccccc2)cc1)C(C)Cl,coverage,43.0,1.4419597242422257,False
728,PI1M,CNc1ccc(CCc2ccc(C(C)(C)C)cc2)cc1,CNc1ccc(CCc2ccc(C(C)(C)C)cc2)cc1,coverage,45.0,1.629538578803666,False
729,PI1M,CNNC(=O)c1ccccc1NC(=O)CCCCC(=O)NNC(=O)c1ccc(Cc2ccc(NC(=O)SSSSSSSNc3ccc(C)cc3)cc2)cc1,CNNC(=O)c1ccccc1NC(=O)CCCCC(=O)NNC(=O)c1ccc(Cc2ccc(NC(=O)SSSSSSSNc3ccc(C)cc3)cc2)cc1,dopt,94.0,11.820528946214294,False
730,OMG,*OC(C)(C)CN(CC(C)(C)OC(=O)CCC(=NN=C(CCC(*)=O)c1ccccc1)c1ccccc1)C(=O)CCC,CCCC(=O)N(CC(C)(C)OC)CC(C)(C)OC(=O)CCC(=NN=C(CCC(C)=O)c1ccccc1)c1ccccc1,coverage,89.0,10.204273787941979,False
731,PI1M,CCCCCCCCOC(=O)C/C(C)=C/CCC(=O)OC,CCCCCCCCOC(=O)C/C(C)=C/CCC(=O)OC,random,51.0,2.2818482460254073,True
732,PI1M,C/C(C#N)=C/c1ccc(-c2ccc(C)cc2)cc1,C/C(C#N)=C/c1ccc(-c2ccc(C)cc2)cc1,coverage,33.0,0.707498434008989,False
733,OMG,*OC(COC(=O)c1cc(C(*)=O)ccc1S)C(C(F)(F)F)C(F)(F)F,COC(COC(=O)c1cc(C(C)=O)ccc1S)C(C(F)(F)F)C(F)(F)F,random,40.0,1.187037287474881,True
734,omics,*Oc1cccc(S(=O)(=O)c2ccc(-c3ccc(S(=O)(=O)c4ccc(-c5ccc(S(=O)(=O)c6ccc(*)cc6)cc5)cc4)cc3)cc2)c1,COc1cccc(S(=O)(=O)c2ccc(-c3ccc(S(=O)(=O)c4ccc(-c5ccc(S(=O)(=O)c6ccc(C)cc6)cc5)cc4)cc3)cc2)c1,dopt,78.0,7.155788006079488,False
735,OMG,*Oc1ccc(OCCCOC(=O)c2ccccc2N=Cc2ccc(C=Nc3ccccc3C(*)=O)cc2)cc1,COc1ccc(OCCCOC(=O)c2ccccc2N=Cc2ccc(C=Nc3ccccc3C(C)=O)cc2)cc1,coverage,70.0,5.348558032191515,False
736,PI1M,CO[Si](C)(C)CCc1ccccc1C,CO[Si](C)(C)CCc1ccccc1C,coverage,34.0,0.7666572932453927,False
737,omics,*CCCCCCCCCNC(=O)NCCCCNC(=O)NCCCCCC*,CCCCCCCCCCNC(=O)NCCCCNC(=O)NCCCCCCC,coverage,77.0,6.911670651446108,False
738,omics,*CC(*)CCCC1CCC1,CCC(C)CCCC1CCC1,coverage,33.0,0.707498434008989,False
739,OMG,*OC1C2CCC(NO2)C1OC(=O)C(CC)(Cc1ccccc1)C(*)=O,CCC(Cc1ccccc1)(C(C)=O)C(=O)OC1C2CCC(ON2)C1OC,random,53.0,2.5306091492877196,True
740,PI1M,CCCCCCCCC(=O)NCc1ccc(/C=C/C(=O)/C=C/c2ccc(OC)cc2)cc1,CCCCCCCCC(=O)NCc1ccc(/C=C/C(=O)/C=C/c2ccc(OC)cc2)cc1,random,67.0,4.754055023099274,True
741,PI1M,CCC(C)(C)C(=O)OCCCCCCCCCCCOc1ccc(S(=O)(=O)N(CCCC[PH](F)(F)F)S(=O)(=O)O)cc1,CCC(C)(C)C(=O)OCCCCCCCCCCCOc1ccc(S(=O)(=O)N(CCCC[PH](F)(F)F)S(=O)(=O)O)cc1,dopt,89.0,10.204273787941979,False
742,PolyInfo,*CC(*)OCC(C)(C)C,CCC(C)OCC(C)(C)C,coverage,30.0,0.5474937425136082,False
743,OMG,*Oc1cc(Cl)c(Cl)cc1COC(=O)c1ccc(N=Cc2ccc(C(*)=O)cc2)cc1,COc1cc(Cl)c(Cl)cc1COC(=O)c1ccc(N=Cc2ccc(C(C)=O)cc2)cc1,random,50.0,2.1634770685187323,True
744,OMG,*Oc1cc(OC(=O)CCOCCOCCOCCOCCOCCOCCOCCOCCOCCOCCOCCOCCC(*)=O)cnn1,COc1cc(OC(=O)CCOCCOCCOCCOCCOCCOCCOCCOCCOCCOCCOCCOCCC(C)=O)cnn1,random,112.0,18.937361326636623,True
745,PI1M,CNC(=O)CCCCCCC(=O)NCCCCC(NC)c1ccccc1,CNC(=O)CCCCCCC(=O)NCCCCC(NC)c1ccccc1,coverage,61.0,3.6936882750981668,False
746,PI1M,CCCCCCCCCS(=O)(=O)c1ccc(-c2ccc(-c3ccc(OC)cc3)cc2)cc1,CCCCCCCCCS(=O)(=O)c1ccc(-c2ccc(-c3ccc(OC)cc3)cc2)cc1,coverage,66.0,4.5655822516472835,False
747,OMG,*Oc1ccc2ccccc2c1C=Nc1cccc2c(N=Cc3c(OC(=O)c4ccc(CSCC(*)=O)cc4)ccc4ccccc34)cccc12,COc1ccc2ccccc2c1C=Nc1cccc2c(N=Cc3c(OC(=O)c4ccc(CSCC(C)=O)cc4)ccc4ccccc34)cccc12,random,85.0,9.016954844909401,True
748,PI1M,C[Si](C)(C)CCCCCCCCCCCCCCCCCCCCCCCCCCCC,CCCCCCCCCCCCCCCCCCCCCCCCCCCC[Si](C)(C)C,coverage,98.0,13.22272994707856,False
749,PI1M,CCC[Si](C)(CCC[Si](C)(C)C[Si](C)(C)C)CC(C)C,CCC[Si](C)(CCC[Si](C)(C)C[Si](C)(C)C)CC(C)C,dopt,62.0,3.858838735716932,False
750,PI1M,CCCCCCC[SH](C)(C)CC(C)(C)CCCC(=O)NC(CC)CC(=O)NC,CCCCCCC[SH](C)(C)CC(C)(C)CCCC(=O)NC(CC)CC(=O)NC,random,77.0,6.911670651446108,True
751,PI1M,Cc1cc2cc(Cc3ccc(N4C(=O)c5ccc(Sc6ccc(Oc7ccc8c(c7)C(=O)N(C)C8=O)cc6)cc5C4=O)cc3)ccc3ccn-3c(=O)c-2c1,Cc1cc2cc(Cc3ccc(N4C(=O)c5ccc(Sc6ccc(Oc7ccc8c(c7)C(=O)N(C)C8=O)cc6)cc5C4=O)cc3)ccc3ccn-3c(=O)c-2c1,dopt,83.0,8.457520383218988,False
752,omics,*c1ccc(-c2ccc(-c3ccc(-c4sc(*)c(CCCC)c4CCCC)s3)s2)s1,CCCCc1c(C)sc(-c2ccc(-c3ccc(-c4ccc(C)s4)s3)s2)c1CCCC,dopt,60.0,3.533050524994261,False
753,PolyInfo,*/C=C/c1cc(OCCCCCCCCC)c(/C=C/c2ccc(*)cc2)cc1OCCCCCCCCC,C/C=C/c1cc(OCCCCCCCCC)c(/C=C/c2ccc(C)cc2)cc1OCCCCCCCCC,coverage,92.0,11.156095933866299,False
754,PI1M,CC(=O)COc1cc(C(=O)OCCCCNC(C)(C)C)c(-c2ccc(C)c(C)c2)cc1OC,COc1cc(-c2ccc(C)c(C)c2)c(C(=O)OCCCCNC(C)(C)C)cc1OCC(C)=O,random,70.0,5.348558032191515,True
755,PI1M,CCC(C)ONC(=O)CCCCCCCCCC(=O)NC,CCC(C)ONC(=O)CCCCCCCCCC(=O)NC,random,53.0,2.5306091492877196,True
756,OMG,*OC(c1nnc(S)n1C)C(OC(=O)C(S)CC(*)=O)c1nnc(S)n1C,COC(c1nnc(S)n1C)C(OC(=O)C(S)CC(C)=O)c1nnc(S)n1C,dopt,47.0,1.8317500939966918,False
757,PI1M,CO[Si](C)(C)CCc1cc(F)ccc1Br,CO[Si](C)(C)CCc1cc(F)ccc1Br,coverage,31.0,0.597979011686388,False
758,PI1M,CO[Si](C)(C)CCCOC(=O)N(CCC)CCCCCC,CCCCCCN(CCC)C(=O)OCCC[Si](C)(C)OC,random,56.0,2.934599081644776,True
759,PI1M,Cc1ccc([Si](C)(Cl)CCCN(C)S(=O)(=O)Cl)cc1,Cc1ccc([Si](C)(Cl)CCCN(C)S(=O)(=O)Cl)cc1,dopt,38.0,1.0340483823546922,False
760,PI1M,CCCCCCNC(=O)CCCCCCCC(=O)NCCCCNC(=O)CCC,CCCCCCNC(=O)CCCCCCCC(=O)NCCCCNC(=O)CCC,random,74.0,6.210925368545501,True
761,PI1M,CO[Si]1CC(C)S1,CO[Si]1CC(C)S1,feature,16.0,0.1009266220636141,False
762,PI1M,Cc1ccc(OP(=O)(O)Oc2ccc(C(C)c3ccc(Oc4ccc(S(C)(=O)=O)cc4)cc3)cc2)cc1,Cc1ccc(OP(=O)(O)Oc2ccc(C(C)c3ccc(Oc4ccc(S(C)(=O)=O)cc4)cc3)cc2)cc1,random,64.0,4.202881203832011,True
763,PI1M,CCC(F)(F)C(C)(C)C(=O)OCCC(F)(F)C(F)(F)C(F)(F)C(F)(F)C(F)(F)C(F)(F)C(F)(F)C(F)(F)C(F)(F)C(F)(F)C(F)(F)C(F)(F)C(F)(F)C(F)(F)C(F)(F)C(F)(F)CF,CCC(F)(F)C(C)(C)C(=O)OCCC(F)(F)C(F)(F)C(F)(F)C(F)(F)C(F)(F)C(F)(F)C(F)(F)C(F)(F)C(F)(F)C(F)(F)C(F)(F)C(F)(F)C(F)(F)C(F)(F)C(F)(F)C(F)(F)CF,dopt,80.0,7.66011076664799,False
764,OMG,*OC1C(OC(=O)C(N)CC(Cl)C(*)=O)CNC1C(=O)OCC,CCOC(=O)C1NCC(OC(=O)C(N)CC(Cl)C(C)=O)C1OC,coverage,46.0,1.7287872538090088,False
765,PI1M,C/C=C/C(C#C[Si](C)(C#N)C#N)=P(C)(OCCC)OCCCCCCC,C/C=C/C(C#C[Si](C)(C#N)C#N)=P(C)(OCCC)OCCCCCCC,dopt,59.0,3.3768743086298603,False
766,OMG,*OCCOC(=O)C(CCc1ccccc1Br)C(*)=O,COCCOC(=O)C(CCc1ccccc1Br)C(C)=O,coverage,39.0,1.1088856862834737,False
767,PI1M,C/N=N/c1ccc(/C=C/c2ccc(/C=C/c3ccc(C)cc3)cc2)cc1,C/N=N/c1ccc(/C=C/c2ccc(/C=C/c3ccc(C)cc3)cc2)cc1,coverage,48.0,1.9384826272146733,False
768,PI1M,CNC(C)CC(C)CC(C)=O,CNC(C)CC(C)CC(C)=O,coverage,30.0,0.5474937425136082,False
769,PI1M,COC(=O)c1ccc(-c2ccc(C(C)=O)cc2)cc1OCCCCCCC(=O)O,COC(=O)c1ccc(-c2ccc(C(C)=O)cc2)cc1OCCCCCCC(=O)O,random,55.0,2.7957518399460364,True
770,OMG,*OCCOc1cc(Br)ccc1OCCOC(=O)C(CCCCc1ccccc1)C(*)=O,COCCOc1cc(Br)ccc1OCCOC(=O)C(CCCCc1ccccc1)C(C)=O,random,63.0,4.0285528241783775,True
771,PI1M,COC1=CC=C(C)[SH]=C(C)CC1=O,COC1=CC=C(C)[SH]=C(C)CC1=O,feature,27.0,0.41237422298650106,False
772,OMG,*Nc1cc(CC(=O)OCC)c(C)cc1NC(=O)c1cc(C)sc1C(*)=O,CCOC(=O)Cc1cc(NC)c(NC(=O)c2cc(C)sc2C(C)=O)cc1C,random,51.0,2.2818482460254073,True
773,PI1M,CCCCCCCCCNC(=O)c1ccc(C(=O)OC)cc1,CCCCCCCCCNC(=O)c1ccc(C(=O)OC)cc1,coverage,49.0,2.04904001620089,False
774,OMG,*Oc1cc(C(F)(F)F)cc(OC(=O)c2ccc(N=Nc3ccc(C(*)=O)cc3)cc2)c1OCC,CCOc1c(OC)cc(C(F)(F)F)cc1OC(=O)c1ccc(N=Nc2ccc(C(C)=O)cc2)cc1,random,56.0,2.934599081644776,True
775,OMG,*Oc1cc(COC(=O)CCOCCOCCOCCOCCOCCOCCC(*)=O)cc(Br)c1F,COc1cc(COC(=O)CCOCCOCCOCCOCCOCCOCCC(C)=O)cc(Br)c1F,random,75.0,6.439287015998562,True
776,omics,*CCOCCOC(=O)NCc1ccc(*)o1,CCCOCCOC(=O)NCc1ccc(C)o1,random,36.0,0.8940806826961882,True
777,PI1M,COc1ccc(NC(=O)c2ccc(C(=O)c3ccc(C(=O)Cc4ccc(C(C)=O)c(C)c4)cc3C)cc2)cc1C(C)Cl,COc1ccc(NC(=O)c2ccc(C(=O)c3ccc(C(=O)Cc4ccc(C(C)=O)c(C)c4)cc3C)cc2)cc1C(C)Cl,random,74.0,6.210925368545501,True
778,OMG,*OC(C)(C)CN(CC(C)(C)OC(=O)C(N)C(*)=O)C(=O)c1ccc(Cl)cc1,COC(C)(C)CN(CC(C)(C)OC(=O)C(N)C(C)=O)C(=O)c1ccc(Cl)cc1,coverage,57.0,3.0777004384750812,False
779,OMG,*OC1(C2(COC(=O)c3[nH]c(C(F)(F)F)nc3C(*)=O)CC2)CCCCC1,COC1(C2(COC(=O)c3[nH]c(C(F)(F)F)nc3C(C)=O)CC2)CCCCC1,random,50.0,2.1634770685187323,True
780,OMG,*Oc1c(OC)ccc(OC(=O)C2(C(*)=O)CC(OC)C2)c1Cl,COc1ccc(OC(=O)C2(C(C)=O)CC(OC)C2)c(Cl)c1OC,random,42.0,1.3535165667832443,True
781,PI1M,CCc1ccc(COP(=O)(c2ccccc2)c2ccc(/C=N/c3ccc(C)cc3)cc2)cc1,CCc1ccc(COP(=O)(c2ccccc2)c2ccc(/C=N/c3ccc(C)cc3)cc2)cc1,random,61.0,3.6936882750981668,True
782,PI1M,COCCCCCOC(=O)SSSCCSCCSSCCSCCSCC(=O)NC(C)SC,COCCCCCOC(=O)SSSCCSCCSSCCSCCSCC(=O)NC(C)SC,dopt,73.0,5.987719929256527,False
783,OMG,*Oc1cc(OC(=O)C(CS)NCCNC(CS)C(*)=O)c(S(=O)(=O)O)cc1S(=O)(=O)O,COc1cc(OC(=O)C(CS)NCCNC(CS)C(C)=O)c(S(=O)(=O)O)cc1S(=O)(=O)O,dopt,56.0,2.934599081644776,False
784,PI1M,CC#Cc1ccc(CCCCCC(=O)OC)cc1,CC#Cc1ccc(CCCCCC(=O)OC)cc1,coverage,38.0,1.0340483823546922,False
785,OMG,*Oc1ccc(CCOC(=O)C2OC(C(*)=O)C3C2C(F)(F)C3(F)F)cc1Br,COc1ccc(CCOC(=O)C2OC(C(C)=O)C3C2C(F)(F)C3(F)F)cc1Br,random,45.0,1.629538578803666,True
786,PI1M,COC(=O)c1ccc(C(=O)OCCOC(=O)c2ccc(C(C)=O)cc2)cc1C,COC(=O)c1ccc(C(=O)OCCOC(=O)c2ccc(C(C)=O)cc2)cc1C,coverage,48.0,1.9384826272146733,False
787,PI1M,CCC(O)COC(=O)C(C)C(C)=O,CCC(O)COC(=O)C(C)C(C)=O,coverage,29.0,0.49977393112088747,False
788,omics,*C#Cc1ccc(CC*)c(OCCCCCC)c1,CC#Cc1ccc(CCC)c(OCCCCCC)c1,coverage,45.0,1.629538578803666,False
789,PI1M,CCc1ccc(OCl)c(C)c1,CCc1ccc(OCl)c(C)c1,dopt,22.0,0.23770591902308572,False
790,PI1M,CO[Si](C)(F)[Si](F)(F)c1cc(F)c(F)c(F)c1F,CO[Si](C)(F)[Si](F)(F)c1cc(F)c(F)c(F)c1F,feature,25.0,0.33525989756051233,False
791,OMG,*NS(=O)(=O)OCCCCCCCOS(=O)(=O)NC(=O)CN(CC(*)=O)S(=O)(=O)c1ccc(OC)cc1,CNS(=O)(=O)OCCCCCCCOS(=O)(=O)NC(=O)CN(CC(C)=O)S(=O)(=O)c1ccc(OC)cc1,dopt,70.0,5.348558032191515,False
792,PI1M,CCCOC(=O)/C(C)=C(\C)C(=O)OC,CCCOC(=O)/C(C)=C(\C)C(=O)OC,coverage,30.0,0.5474937425136082,False
793,PI1M,CNc1ccccc1CNC(=O)c1cccc(C(=O)NNC(=O)c2cccc(C(=O)OCCOC(C)=S)c2)c1,CNc1ccccc1CNC(=O)c1cccc(C(=O)NNC(=O)c2cccc(C(=O)OCCOC(C)=S)c2)c1,random,67.0,4.754055023099274,True
794,PI1M,CNc1cc(NC(=O)c2ccc(C(C)=O)cc2)ccc1C(=O)Oc1ccccc1S(=O)(=O)O,CNc1cc(NC(=O)c2ccc(C(C)=O)cc2)ccc1C(=O)Oc1ccccc1S(=O)(=O)O,random,53.0,2.5306091492877196,True
795,PI1M,CCC(C)C(=O)Nc1ccc(C)cc1Cl,CCC(C)C(=O)Nc1ccc(C)cc1Cl,coverage,31.0,0.597979011686388,False
796,PolyInfo,*CCCCCCOc1ccc(/C=C/c2ccc(O*)cc2)cc1,CCCCCCCOc1ccc(/C=C/c2ccc(OC)cc2)cc1,coverage,52.0,2.404207673904035,False
797,PI1M,CCCN(C)C(=O)c1ccc(Cl)cc1Cl,CCCN(C)C(=O)c1ccc(Cl)cc1Cl,coverage,28.0,0.4547556347186134,False
798,PI1M,Cc1ccc(/C=C/N=C/c2ccc(Oc3ccc(C)c(-c4ccccc4)c3)cc2C)o1,Cc1ccc(/C=C/N=C/c2ccc(Oc3ccc(C)c(-c4ccccc4)c3)cc2C)o1,random,56.0,2.934599081644776,True
799,OMG,*OC1CC(OC(=O)c2cccc(NCC(*)=O)c2)C1(C)C,COC1CC(OC(=O)c2cccc(NCC(C)=O)c2)C1(C)C,random,45.0,1.629538578803666,True
800,OMG,*Oc1c(C)cc(C(OC(=O)C2C=C(C(*)=O)N=N2)C(F)(F)F)cc1C,COc1c(C)cc(C(OC(=O)C2C=C(C(C)=O)N=N2)C(F)(F)F)cc1C,random,43.0,1.4419597242422257,True
801,OMG,*Oc1c(Cl)cc(Cl)c(Cl)c1Sc1c(Cl)c(Cl)cc(Cl)c1OC(=O)C(Cl)CCC(*)=O,COc1c(Cl)cc(Cl)c(Cl)c1Sc1c(Cl)c(Cl)cc(Cl)c1OC(=O)C(Cl)CCC(C)=O,dopt,44.0,1.5339481655863532,False
802,PI1M,CCC(C)C1=NN=[PH]1,CCC(C)C1=NN=[PH]1,feature,18.0,0.1385498383381463,False
803,PI1M,CC#CC#CC#CCOC(=O)CCC(=O)OC,CC#CC#CC#CCOC(=O)CCC(=O)OC,coverage,29.0,0.49977393112088747,False
804,OMG,*OCC(OC(=O)C(OC)C(OC)C(*)=O)c1ccc(C)cc1,COCC(OC(=O)C(OC)C(OC)C(C)=O)c1ccc(C)cc1,coverage,47.0,1.8317500939966918,False
805,OMG,*OCC12CN(C(=O)OCc3ccccc3)CC1(COC(=O)C1CCC1C(*)=O)C2,COCC12CN(C(=O)OCc3ccccc3)CC1(COC(=O)C1CCC1C(C)=O)C2,random,59.0,3.3768743086298603,True
806,OMG,*OCC12CCCC(COC(=O)CC3CNCC3CC(*)=O)(CC1)CC2,COCC12CCCC(COC(=O)CC3CNCC3CC(C)=O)(CC1)CC2,dopt,61.0,3.6936882750981668,False
807,PI1M,CCCCCCCCCCCCCCOC(=O)CCCCCCCCC(=O)OCCCCCCOC(=O)SC,CCCCCCCCCCCCCCOC(=O)CCCCCCCCC(=O)OCCCCCCOC(=O)SC,coverage,99.0,13.588817252236698,False
808,PI1M,CCC(C)C(=O)OCCCCCCOc1ccc(C(=O)Oc2c(Cl)cc(F)c(F)c2F)cc1F,CCC(C)C(=O)OCCCCCCOc1ccc(C(=O)Oc2c(Cl)cc(F)c(F)c2F)cc1F,random,59.0,3.3768743086298603,True
809,OMG,*OC(COC(=O)CC(CC(*)=O)c1cc(F)cc(F)c1)c1ccc(F)cc1,COC(COC(=O)CC(CC(C)=O)c1cc(F)cc(F)c1)c1ccc(F)cc1,coverage,49.0,2.04904001620089,False
810,omics,*c1ccc(-c2ccc3[nH]c(-c4nc5cc(-c6ccc7[nH]c(-c8nc9ccc(*)cc9[nH]8)nc7c6)ccc5[nH]4)nc3c2)cc1,Cc1ccc(-c2ccc3[nH]c(-c4nc5cc(-c6ccc7[nH]c(-c8nc9ccc(C)cc9[nH]8)nc7c6)ccc5[nH]4)nc3c2)cc1,dopt,70.0,5.348558032191515,False
811,PI1M,CCCCCCC(F)(F)C(F)(F)COC(=O)C(C=C)C(=O)OC,C=CC(C(=O)OC)C(=O)OCC(F)(F)C(F)(F)CCCCCC,random,45.0,1.629538578803666,True
812,PI1M,C/N=C(/NC(=O)c1cc(C(=O)OC)cc(N(C)C)c1)c1ccccc1,C/N=C(/NC(=O)c1cc(C(=O)OC)cc(N(C)C)c1)c1ccccc1,random,46.0,1.7287872538090088,True
813,PI1M,CN=P(C)(F)C(F)(F)F,CN=P(C)(F)C(F)(F)F,feature,15.0,0.08484152603281661,False
814,PI1M,CC#CC#CC#CC#CCOc1ccc(/C=C/c2ccc(Cn3c(=O)c4cc5c(=O)n(C)c(=O)c5cc4c3=O)cc2)cc1,CC#CC#CC#CC#CCOc1ccc(/C=C/c2ccc(Cn3c(=O)c4cc5c(=O)n(C)c(=O)c5cc4c3=O)cc2)cc1,dopt,65.0,4.381874289318153,False
815,PI1M,CCCOCCOCCOCCCCOC(=O)NCCCCCCNC(=O)OC,CCCOCCOCCOCCCCOC(=O)NCCCCCCNC(=O)OC,random,69.0,5.145493557044269,True
816,PI1M,CNNC(=O)CCCCC(=O)NNC(=O)c1ccc(C(C)=O)cc1,CNNC(=O)CCCCC(=O)NNC(=O)c1ccc(C(C)=O)cc1,coverage,46.0,1.7287872538090088,False
817,PI1M,Cc1nnc(-c2ccc(Oc3ccc(C)c(S#N)c3)cc2)o1,Cc1nnc(-c2ccc(Oc3ccc(C)c(S#N)c3)cc2)o1,feature,35.0,0.828831072009792,False
818,PI1M,CCN(C)C(=O)c1ccc(C(C)C)cc1,CCN(C)C(=O)c1ccc(C(C)C)cc1,coverage,34.0,0.7666572932453927,False
819,omics,*CC(O)CN(C)S(=O)(=O)c1ccc(-c2ccc(-c3ccc(OCC(O)CN(C)S(=O)(=O)c4cccc(S(=O)(=O)N(C)CC(O)C*)c4)cc3)cc2)cc1,CCC(O)CN(C)S(=O)(=O)c1ccc(-c2ccc(-c3ccc(OCC(O)CN(C)S(=O)(=O)c4cccc(S(=O)(=O)N(C)CC(O)CC)c4)cc3)cc2)cc1,coverage,103.0,15.11663472847618,False
820,PI1M,CC1=NN2C=CC=CC2=C(C)C=C1,CC1=NN2C=CC=CC2=C(C)C=C1,feature,25.0,0.33525989756051233,False
821,PI1M,CN=P(C)(C)c1ccc(-c2ccccc2)cc1,CN=P(C)(C)c1ccc(-c2ccccc2)cc1,coverage,35.0,0.828831072009792,False
822,PI1M,COc1ccc(Cc2ccc(OC(=O)Nc3ccc(Cc4ccc(NC(C)=O)cc4)cc3)cc2)cc1C,COc1ccc(Cc2ccc(OC(=O)Nc3ccc(Cc4ccc(NC(C)=O)cc4)cc3)cc2)cc1C,random,67.0,4.754055023099274,True
823,OMG,*NP(=S)(NCCC)NC(=O)c1nc(N)[nH]c1C(*)=O,CCCNP(=S)(NC)NC(=O)c1nc(N)[nH]c1C(C)=O,feature,39.0,1.1088856862834737,False
824,PI1M,CNc1ccccc1NC(=O)CCCCCCCC(=O)NCCCCCCNC(C)=O,CNc1ccccc1NC(=O)CCCCCCCC(=O)NCCCCCCNC(C)=O,coverage,71.0,5.556584750444072,False
825,omics,*c1cccc(-c2ccc(-c3cccc(*)n3)s2)n1,Cc1cccc(-c2ccc(-c3cccc(C)n3)s2)n1,coverage,33.0,0.707498434008989,False
826,OMG,*Nc1nsnc1NC(=O)C(CCCC)(CCCC)C(*)=O,CCCCC(CCCC)(C(C)=O)C(=O)Nc1nsnc1NC,dopt,48.0,1.9384826272146733,False
827,OMG,*OCc1cc(COC(=O)CC(CC(*)=O)c2cc(F)cc(F)c2)cc(OCC)c1,CCOc1cc(COC)cc(COC(=O)CC(CC(C)=O)c2cc(F)cc(F)c2)c1,random,56.0,2.934599081644776,True
828,PI1M,CC(=O)C(C)[N+](=O)[O-],CC(=O)C(C)[N+](=O)[O-],feature,15.0,0.08484152603281661,False
829,OMG,*OC(C)(C)P1(=O)OCC2(CO1)COP(=O)(C(C)(C)OC(=O)C(CC(*)=O)NC(=O)C(F)(F)F)OC2,COC(C)(C)P1(=O)OCC2(CO1)COP(=O)(C(C)(C)OC(=O)C(CC(C)=O)NC(=O)C(F)(F)F)OC2,dopt,66.0,4.5655822516472835,False
830,OMG,*OCCOC(=O)NCCCCCCNC(=O)OCCOC(=O)C(CSCC(*)=O)NS(=O)(=O)c1ccc(C)cc1,COCCOC(=O)NCCCCCCNC(=O)OCCOC(=O)C(CSCC(C)=O)NS(=O)(=O)c1ccc(C)cc1,random,82.0,8.18619805320074,True
831,PI1M,CCC(C)(C)N(F)C(=O)O,CCC(C)(C)N(F)C(=O)O,feature,22.0,0.23770591902308572,False
832,OMG,*OC1CCC1COC(=O)C(CSSCC(NC(C)=O)C(*)=O)NC(C)=O,COC1CCC1COC(=O)C(CSSCC(NC(C)=O)C(C)=O)NC(C)=O,random,55.0,2.7957518399460364,True
833,PI1M,CC(=O)CCCCCCCCCCc1ccc(C)c(C)c1,CC(=O)CCCCCCCCCCc1ccc(C)c(C)c1,coverage,53.0,2.5306091492877196,False
834,PI1M,CN=P(C)(NBr)NCCC,CCCNP(C)(=NC)NBr,feature,25.0,0.33525989756051233,False
835,PI1M,COP(=O)(OC)[SH](C)(=O)F,COP(=O)(OC)[SH](C)(=O)F,feature,20.0,0.1839474081746623,False
836,omics,*CC(*)(CC(=O)OCCc1ccccc1)C(=O)OC,CCC(C)(CC(=O)OCCc1ccccc1)C(=O)OC,coverage,42.0,1.3535165667832443,False
837,OMG,*OCc1ccccc1COC(=O)C1CC(C(*)=O)CO1,COCc1ccccc1COC(=O)C1CC(C(C)=O)CO1,coverage,41.0,1.2685615949723126,False
838,OMG,*Nn1cnc(C#N)c1NC(=O)c1c2ccccc2c(C(*)=O)c2ccccc12,CNn1cnc(C#N)c1NC(=O)c1c2ccccc2c(C(C)=O)c2ccccc12,random,46.0,1.7287872538090088,True
839,PI1M,Cn1c(=O)c2ccccc3ccc(C=C)c(=O)c-3cc=2c1=O,C=Cc1ccc2ccccc3c(=O)n(C)c(=O)c=3cc-2c1=O,feature,35.0,0.828831072009792,False
840,OMG,*OCC(OC(=O)C(OC)C(OC)C(*)=O)C1(C)CC1,COCC(OC(=O)C(OC)C(OC)C(C)=O)C1(C)CC1,coverage,44.0,1.5339481655863532,False
841,PI1M,CCCCCCC(=O)NCCCCNC(=O)c1ccc(C)cc1,CCCCCCC(=O)NCCCCNC(=O)c1ccc(C)cc1,coverage,53.0,2.5306091492877196,False
842,omics,*C(c1ccccc1C)C(*)[N+](=O)[O-],Cc1ccccc1C(C)C(C)[N+](=O)[O-],coverage,29.0,0.49977393112088747,False
843,PolyInfo,*c1cccc(-c2nc3cc(-c4ccc5oc(*)nc5c4)ccc3o2)c1,Cc1cccc(-c2nc3cc(-c4ccc5oc(C)nc5c4)ccc3o2)c1,coverage,42.0,1.3535165667832443,False
844,omics,*N=P(*)(OCCCCC)OCCCCCCCC,CCCCCCCCOP(C)(=NC)OCCCCC,coverage,53.0,2.5306091492877196,False
845,PI1M,CCCCSSCCCSC(=O)NC,CCCCSSCCCSC(=O)NC,coverage,33.0,0.707498434008989,False
846,PI1M,C/C=C(/C)CN(Br)C#N,C/C=C(/C)CN(Br)C#N,feature,18.0,0.1385498383381463,False
847,PI1M,CCC(C)COc1cc(C)c(C)c(C)c1C,CCC(C)COc1cc(C)c(C)c(C)c1C,coverage,40.0,1.187037287474881,False
848,PI1M,C/C=N/c1ccc(C=C)cc1C,C=Cc1ccc(/N=C/C)c(C)c1,coverage,25.0,0.33525989756051233,False
849,PI1M,CNC1=C(C)NC=CC=C1,CNC1=C(C)NC=CC=C1,feature,22.0,0.23770591902308572,False
850,PI1M,CCCC(C)N(C)C(=O)c1ccccc1,CCCC(C)N(C)C(=O)c1ccccc1,coverage,34.0,0.7666572932453927,False
851,PI1M,CC(=O)CCCCCCNc1ccc(NC(=O)CCCCCCCCCCC(=O)Nc2cc(C(C)=O)cc(C(C)(C)C)c2)cc1,CC(=O)CCCCCCNc1ccc(NC(=O)CCCCCCCCCCC(=O)Nc2cc(C(C)=O)cc(C(C)(C)C)c2)cc1,random,102.0,14.725072667614862,True
852,PI1M,COC(=O)C1=CC=C(C#N)C(C)C(=O)OC1=O,COC(=O)C1=CC=C(C#N)C(C)C(=O)OC1=O,feature,26.0,0.372564345698904,False
853,OMG,*Nc1nc(O)c(N=O)c(NC(=O)C2CCC3(CCC(C(*)=O)CC3)CC2)n1,CNc1nc(O)c(N=O)c(NC(=O)C2CCC3(CCC(C(C)=O)CC3)CC2)n1,random,55.0,2.7957518399460364,True
854,PI1M,CC1=CC=C(C)C(C)=NC(C)C1=O,CC1=CC=C(C)C(C)=NC(C)C1=O,feature,28.0,0.4547556347186134,False
855,omics,*C(=O)Cc1ccc(CC(*)=O)cc1,CC(=O)Cc1ccc(CC(C)=O)cc1,coverage,28.0,0.4547556347186134,False
856,OMG,*OC1C(OC(=O)C(CC(*)=O)Cc2ccccc2)COC12CN(C(=O)OC(C)(C)C)C2,COC1C(OC(=O)C(CC(C)=O)Cc2ccccc2)COC12CN(C(=O)OC(C)(C)C)C2,coverage,65.0,4.381874289318153,False
857,OMG,*OC(CCl)C(COc1ccccc1C=O)OC(=O)C12COCC(C(*)=O)(C1)C2,COC(CCl)C(COc1ccccc1C=O)OC(=O)C12COCC(C(C)=O)(C1)C2,coverage,54.0,2.6611061495015087,False
858,PI1M,COc1ccc(Oc2ccc(S(=O)(=O)c3ccc(Oc4ccc(C)cc4)cc3)cc2)cc1C,COc1ccc(Oc2ccc(S(=O)(=O)c3ccc(Oc4ccc(C)cc4)cc3)cc2)cc1C,coverage,57.0,3.0777004384750812,False
859,OMG,*Nc1c(Cl)cccc1S(=O)(=O)NC(=O)c1nc2ccccc2nc1C(*)=O,CNc1c(Cl)cccc1S(=O)(=O)NC(=O)c1nc2ccccc2nc1C(C)=O,random,43.0,1.4419597242422257,True
860,OMG,*OCc1ccc(COC(=O)c2sc(Br)cc2C(*)=O)cc1,COCc1ccc(COC(=O)c2sc(Br)cc2C(C)=O)cc1,coverage,37.0,0.9624665003915307,False
861,PI1M,CC(=O)Nc1ccc(Oc2ccc(S(=O)(=O)c3ccc4cc(c3=O)N4C(=O)c3ccc(Oc4cccc5c4C(=O)N(C)C5=O)cc3)c(OC)c2)cc1,COc1cc(Oc2ccc(NC(C)=O)cc2)ccc1S(=O)(=O)c1ccc2cc(c1=O)N2C(=O)c1ccc(Oc2cccc3c2C(=O)N(C)C3=O)cc1,dopt,79.0,7.405252308862643,False
862,PI1M,COC(COC(C)=O)C(C)OCC,CCOC(C)C(COC(C)=O)OC,coverage,31.0,0.597979011686388,False
863,PI1M,CCCSCCS#C,C#SCCSCCC,feature,20.0,0.1839474081746623,False
864,PI1M,CC(=O)c1ccc(Oc2ccc(C(=O)c3ccc(Oc4ccc(-c5ccc(C)cc5)cc4)cc3)cc2)cc1,CC(=O)c1ccc(Oc2ccc(C(=O)c3ccc(Oc4ccc(-c5ccc(C)cc5)cc4)cc3)cc2)cc1,coverage,64.0,4.202881203832011,False
865,OMG,*OC(CCl)C(COc1cc(Cl)cc(C=O)c1)OC(=O)C(CS)NCCNC(CS)C(*)=O,COC(CCl)C(COc1cc(Cl)cc(C=O)c1)OC(=O)C(CS)NCCNC(CS)C(C)=O,random,63.0,4.0285528241783775,True
866,PI1M,CCCCCCCCCCCCCCCCCOC(=O)OC,CCCCCCCCCCCCCCCCCOC(=O)OC,coverage,60.0,3.533050524994261,False
867,OMG,*OCCCCCCCCCCCCOC(=O)CC1CS(=O)(=O)CC1CC(*)=O,COCCCCCCCCCCCCOC(=O)CC1CS(=O)(=O)CC1CC(C)=O,coverage,69.0,5.145493557044269,False
868,PI1M,CCC(C)(CC)CC(=O)NCC1COC(C)C1O,CCC(C)(CC)CC(=O)NCC1COC(C)C1O,random,45.0,1.629538578803666,True
869,omics,*CC(F)(F)C(*)(F)Cl,CCC(F)(F)C(C)(F)Cl,coverage,17.0,0.11880386870633687,False
870,OMG,*OCC(COC)OC(=O)c1c(C(*)=O)n[nH]c1C,COCC(COC)OC(=O)c1c(C(C)=O)n[nH]c1C,coverage,37.0,0.9624665003915307,False
871,PI1M,Cc1cc(OCCCCCCCCCCCCCCC)c(C)cc1OC,CCCCCCCCCCCCCCCOc1cc(C)c(OC)cc1C,coverage,68.0,4.947342301951497,False
872,omics,*CCCCCCN(*)CC,CCCCCCCN(C)CC,coverage,34.0,0.7666572932453927,False
873,PI1M,COC1C=COC(C)OC1,COC1C=COC(C)OC1,feature,22.0,0.23770591902308572,False
874,PI1M,CO[Si](C)(C)CCCCCOC(=O)c1ccc(C(=O)OCCCCCOC(=O)c2ccc(C(C)=O)cc2)cc1,CO[Si](C)(C)CCCCCOC(=O)c1ccc(C(=O)OCCCCCOC(=O)c2ccc(C(C)=O)cc2)cc1,coverage,79.0,7.405252308862643,False
875,PI1M,COc1ccc(OC(C)=O)c(Cl)c1,COc1ccc(OC(C)=O)c(Cl)c1,coverage,22.0,0.23770591902308572,False
876,PolyInfo,*CCCOc1ccc(/C=C(\C)c2ccc(O*)cc2)cc1,CCCCOc1ccc(/C=C(\C)c2ccc(OC)cc2)cc1,coverage,46.0,1.7287872538090088,False
877,PI1M,CCC(C)C(=O)OCCOCCOCCOCCOCCCC,CCCCOCCOCCOCCOCCOC(=O)C(C)CC,coverage,57.0,3.0777004384750812,False
878,OMG,*Oc1cc(C)cc(Oc2cc(C)cc(OC(=O)C(CC(*)=O)NC(=O)C(F)(F)F)c2)c1,COc1cc(C)cc(Oc2cc(C)cc(OC(=O)C(CC(C)=O)NC(=O)C(F)(F)F)c2)c1,random,54.0,2.6611061495015087,True
879,PI1M,CC(=O)n1cc(C(C)C)c(N2COC2=C)c(C)cc2c(=O)n2c1=O,C=C1OCN1c1c(C)cc2c(=O)n2c(=O)n(C(C)=O)cc1C(C)C,feature,43.0,1.4419597242422257,False
880,OMG,*NNC(=O)c1ccc(C(=O)NNC(=O)c2ccc(F)c(C(*)=O)c2)cc1,CNNC(=O)c1ccc(C(=O)NNC(=O)c2ccc(F)c(C(C)=O)c2)cc1,coverage,44.0,1.5339481655863532,False
881,PI1M,CN=P(C)(F)C1OCCCCCCO1,CN=P(C)(F)C1OCCCCCCO1,feature,33.0,0.707498434008989,False
882,PI1M,CCC(C)(COC(C)=O)OC,CCC(C)(COC(C)=O)OC,coverage,27.0,0.41237422298650106,False
883,PI1M,CCCCCSC(=O)NCCCCCCNC(=O)OC,CCCCCSC(=O)NCCCCCCNC(=O)OC,coverage,48.0,1.9384826272146733,False
884,PI1M,CCC(C)[SH](Br)(C#Cc1ccccc1)Oc1ccccc1,CCC(C)[SH](Br)(C#Cc1ccccc1)Oc1ccccc1,feature,41.0,1.2685615949723126,False
885,OMG,*Oc1cc(Br)c(CC(=O)OC)c(OC(=O)C(CCCCc2ccccc2)C(*)=O)c1,COC(=O)Cc1c(Br)cc(OC)cc1OC(=O)C(CCCCc1ccccc1)C(C)=O,random,58.0,3.2251081841016833,True
886,PI1M,COc1ccc(-c2ccc(C)c(OCCCCCCCCCCCC)c2)cc1,CCCCCCCCCCCCOc1cc(-c2ccc(OC)cc2)ccc1C,coverage,66.0,4.5655822516472835,False
887,PI1M,CCC(OCl)C(C)C(=O)OC,CCC(OCl)C(C)C(=O)OC,feature,24.0,0.30039397989449834,False
888,PI1M,CCCCCCC/C=C(/C)CCCCCCCCCCCC,CCCCCCC/C=C(/C)CCCCCCCCCCCC,coverage,66.0,4.5655822516472835,False
889,PI1M,CC(=O)c1ccc(/N=N/c2ccc(N=C)cc2)cc1,C=Nc1ccc(/N=N/c2ccc(C(C)=O)cc2)cc1,coverage,32.0,0.6512930237899227,False
890,OMG,*OC1C(OC(C)(C)C)OC(C2COC(C)(C)O2)C1OC(=O)CCN(CCC(*)=O)S(=O)(=O)c1ccc(C)c(C)c1,COC1C(OC(C)(C)C)OC(C2COC(C)(C)O2)C1OC(=O)CCN(CCC(C)=O)S(=O)(=O)c1ccc(C)c(C)c1,coverage,86.0,9.30515942952161,False
891,PI1M,CC1C(=O)N(CCCCCCCCCCCC)C(=O)C1C,CCCCCCCCCCCCN1C(=O)C(C)C(C)C1=O,coverage,54.0,2.6611061495015087,False
892,PI1M,COc1ccc(C(C)(C)c2ccc(OC(C)=O)c(-c3ccc(C)cc3)c2)cc1,COc1ccc(C(C)(C)c2ccc(OC(C)=O)c(-c3ccc(C)cc3)c2)cc1,random,54.0,2.6611061495015087,True
893,PI1M,CCCC(=O)OCCn1nc(C)s1,CCCC(=O)OCCn1nc(C)s1,feature,27.0,0.41237422298650106,False
894,OMG,*OCC1CC1COC(=O)CC1(CC(*)=O)CCOCC1,COCC1CC1COC(=O)CC1(CC(C)=O)CCOCC1,coverage,47.0,1.8317500939966918,False
895,PI1M,CCCCCCCCCCCCCCCCCOc1ccc(C(=O)OC)cc1,CCCCCCCCCCCCCCCCCOc1ccc(C(=O)OC)cc1,coverage,70.0,5.348558032191515,False
896,PI1M,CCCCCCOCCCCCCOCCSC,CCCCCCOCCCCCCOCCSC,coverage,50.0,2.1634770685187323,False
897,PI1M,COC(C)COC(=O)CCCCC(=O)OC(=O)CCCCC(C)=O,COC(C)COC(=O)CCCCC(=O)OC(=O)CCCCC(C)=O,coverage,52.0,2.404207673904035,False
898,PI1M,CO[Si](C)(C)O[Si](C)(C)O[Si](C)(C)O[Si](C)(C)O[Si](C)(C)S[Si](C)(C)Br,CO[Si](C)(C)O[Si](C)(C)O[Si](C)(C)O[Si](C)(C)O[Si](C)(C)S[Si](C)(C)Br,dopt,65.0,4.381874289318153,False
899,PI1M,CN=P(C)(Oc1ccc(Br)cc1)c1ccc(Br)cc1,CN=P(C)(Oc1ccc(Br)cc1)c1ccc(Br)cc1,coverage,33.0,0.707498434008989,False
900,omics,*C(*)(c1ccc(C)cc1)c1ccc(C(=O)c2ccccc2)cc1,Cc1ccc(C(C)(C)c2ccc(C(=O)c3ccccc3)cc2)cc1,coverage,46.0,1.7287872538090088,False
901,OMG,*OC1C(OC(=O)C2CC(C(*)=O)CN(C(=O)OCc3ccccc3)C2)CCCN1C(=O)OCc1ccccc1,COC1C(OC(=O)C2CC(C(C)=O)CN(C(=O)OCc3ccccc3)C2)CCCN1C(=O)OCc1ccccc1,coverage,76.0,6.672852850107062,False
902,PI1M,CNNC(=O)c1ccc(C(=O)NN[SH](C)(C)C)cc1,CNNC(=O)c1ccc(C(=O)NN[SH](C)(C)C)cc1,dopt,40.0,1.187037287474881,False
903,PI1M,COc1ccccc1CNC(C)=O,COc1ccccc1CNC(C)=O,random,26.0,0.372564345698904,True
904,PI1M,CN=[PH](C)/C=C/c1ccc(N(C)C)cc1,CN=[PH](C)/C=C/c1ccc(N(C)C)cc1,random,34.0,0.7666572932453927,True
905,PI1M,CC(=O)c1ccc2c(c1)C(=O)N(c1cc(OCCC)cc(N3C(=O)c4ccc(C)cc4C3=O)c1C)C2=O,CCCOc1cc(N2C(=O)c3ccc(C)cc3C2=O)c(C)c(N2C(=O)c3ccc(C(C)=O)cc3C2=O)c1,random,61.0,3.6936882750981668,True
906,PI1M,COc1ccc(Oc2ccc(C)cc2)cc1OC,COc1ccc(Oc2ccc(C)cc2)cc1OC,random,34.0,0.7666572932453927,True
907,OMG,*Oc1c(OC(=O)C2CCC(C(*)=O)S2)ccc2ccccc12,COc1c(OC(=O)C2CCC(C(C)=O)S2)ccc2ccccc12,random,41.0,1.2685615949723126,True
908,OMG,*Oc1c(OC(=O)C2C=C(C(*)=O)N=N2)c(=O)c1=O,COc1c(OC(=O)C2C=C(C(C)=O)N=N2)c(=O)c1=O,feature,27.0,0.41237422298650106,False
909,OMG,*Nc1ccc(S(=O)(=O)c2ccc(NC(=O)c3cc(NS(=O)(=O)c4ccc(C)cc4)c(C(*)=O)cc3NS(=O)(=O)c3ccc(C)cc3)cc2)cc1,CNc1ccc(S(=O)(=O)c2ccc(NC(=O)c3cc(NS(=O)(=O)c4ccc(C)cc4)c(C(C)=O)cc3NS(=O)(=O)c3ccc(C)cc3)cc2)cc1,coverage,85.0,9.016954844909401,False
910,omics,*CC(O)COc1ccc(C(C)(C)c2ccc(O*)cc2C)cc1,CCC(O)COc1ccc(C(C)(C)c2ccc(OC)cc2C)cc1,coverage,52.0,2.404207673904035,False
911,PI1M,CCCCS(=O)(=O)CCCS(=O)(=O)CCS(=O)(=O)CC(O)C(=O)NC,CCCCS(=O)(=O)CCCS(=O)(=O)CCS(=O)(=O)CC(O)C(=O)NC,dopt,52.0,2.404207673904035,False
912,OMG,*OC(C(=O)OCC)C1(CSSCC2(C(OC(=O)C(CC(*)=O)c3cccs3)C(=O)OCC)CC2)CC1,CCOC(=O)C(OC)C1(CSSCC2(C(OC(=O)C(CC(C)=O)c3cccs3)C(=O)OCC)CC2)CC1,dopt,73.0,5.987719929256527,False
913,PI1M,Cc1ccc2ccc(Br)ccc3n(c(=O)c2c1)N3C,Cc1ccc2ccc(Br)ccc3n(c(=O)c2c1)N3C,feature,32.0,0.6512930237899227,False
914,PI1M,CCCCCCCCCCCOc1ccc(C(=O)OCCCCCCOC)c(OC)c1,CCCCCCCCCCCOc1ccc(C(=O)OCCCCCCOC)c(OC)c1,random,75.0,6.439287015998562,True
915,PI1M,COc1cc(CCCCCCCCCC)c(C)cc1CCCCCC,CCCCCCCCCCc1cc(OC)c(CCCCCC)cc1C,coverage,67.0,4.754055023099274,False
916,PI1M,CN=P(C)(C(F)(F)F)[Si](F)(F)F,CN=P(C)(C(F)(F)F)[Si](F)(F)F,feature,18.0,0.1385498383381463,False
917,PI1M,CCCCCCCCCCCCCCCCCCCCCCCCCNS(C)(=O)=O,CCCCCCCCCCCCCCCCCCCCCCCCCNS(C)(=O)=O,coverage,85.0,9.016954844909401,False
918,PI1M,CO[Si](C)(CC(F)(F)F)C(F)(F)C(F)(F)C(F)(F)C(F)(F)C(F)(F)F,CO[Si](C)(CC(F)(F)F)C(F)(F)C(F)(F)C(F)(F)C(F)(F)C(F)(F)F,coverage,33.0,0.707498434008989,False
919,PI1M,C/C=C/C(C)=C(C)C[Si](C)(C)C,C/C=C/C(C)=C(C)C[Si](C)(C)C,coverage,34.0,0.7666572932453927,False
920,PI1M,CCCCCCCCCCCN(C)C(C)C,CCCCCCCCCCCN(C)C(C)C,coverage,49.0,2.04904001620089,False
921,PI1M,COc1cc(OC(=O)c2ccc(OCCCCCC)cc2)c(C(C)=O)cc1OCCOc1ccc(/N=N/c2ccc(C#N)cc2)cc1,CCCCCCOc1ccc(C(=O)Oc2cc(OC)c(OCCOc3ccc(/N=N/c4ccc(C#N)cc4)cc3)cc2C(C)=O)cc1,coverage,84.0,8.734423876530629,False
922,PI1M,CC1=C(C=O)C1C,CC1=C(C=O)C1C,feature,15.0,0.08484152603281661,False
923,PI1M,C/C(C)=C(/C)SS[SH]=O,CC(C)=C(C)SS[SH]=O,random,19.0,0.16023971771432066,True
924,OMG,*Oc1cc(OC(=O)C2NC(C(*)=O)SC2(C)C)c(Cl)cc1N,COc1cc(OC(=O)C2NC(C(C)=O)SC2(C)C)c(Cl)cc1N,random,42.0,1.3535165667832443,True
925,PI1M,CCC(C)(C)C(=O)NBr,CCC(C)(C)C(=O)NBr,feature,21.0,0.2097456137295212,False
926,OMG,*OC(C1COC(C)(C)O1)C(OC(=O)C(Cl)CCC(*)=O)C1COC(C)(C)O1,COC(C1COC(C)(C)O1)C(OC(=O)C(Cl)CCC(C)=O)C1COC(C)(C)O1,random,59.0,3.3768743086298603,True
927,PI1M,CCC(C)(C)C(=O)OCCCCCCCC(C)C,CCC(C)(C)C(=O)OCCCCCCCC(C)C,coverage,50.0,2.1634770685187323,False
928,PI1M,COc1ccc(C(C)(CCl)c2ccc(Oc3ccc(C(C)(C)c4ccc(O)c(C(C)=O)c4)cc3)cc2)cc1,COc1ccc(C(C)(CCl)c2ccc(Oc3ccc(C(C)(C)c4ccc(O)c(C(C)=O)c4)cc3)cc2)cc1,random,71.0,5.556584750444072,True
929,OMG,*OC(CSc1ccccn1)C(CCl)OC(=O)CCC(=NN=C(CCC(*)=O)c1ccccc1)c1ccccc1,COC(CSc1ccccn1)C(CCl)OC(=O)CCC(=NN=C(CCC(C)=O)c1ccccc1)c1ccccc1,coverage,74.0,6.210925368545501,False
930,PI1M,CC(=O)CCCCCCCCCCCCCCS(C)(=O)=O,CC(=O)CCCCCCCCCCCCCCS(C)(=O)=O,coverage,55.0,2.7957518399460364,False
931,PI1M,CO[Si](C)(C)Oc1c(Cl)cc(C)c(Cl)c1Br,CO[Si](C)(C)Oc1c(Cl)cc(C)c(Cl)c1Br,random,29.0,0.49977393112088747,True
932,PI1M,CCCC(C)(COC)CC(c1ccccc1)c1ccccc1,CCCC(C)(COC)CC(c1ccccc1)c1ccccc1,random,50.0,2.1634770685187323,True
933,PolyInfo,*CCCCOC(=O)c1cccc(NC(=O)O*)c1,CCCCCOC(=O)c1cccc(NC(=O)OC)c1,coverage,38.0,1.0340483823546922,False
934,OMG,*Oc1ccc(OCCCOC(=O)C(CCCN)C(*)=O)cc1,COc1ccc(OCCCOC(=O)C(CCCN)C(C)=O)cc1,coverage,48.0,1.9384826272146733,False
935,OMG,*OCC(COC)OC(=O)c1nccc(C(*)=O)c1N,COCC(COC)OC(=O)c1nccc(C(C)=O)c1N,coverage,38.0,1.0340483823546922,False
936,PI1M,CCC(C)(C)C(=O)/C=C/c1ccc(/N=N/c2ccc([N+](=O)[O-])cc2)cc1,CCC(C)(C)C(=O)/C=C/c1ccc(/N=N/c2ccc([N+](=O)[O-])cc2)cc1,coverage,47.0,1.8317500939966918,False
937,OMG,*OC(CSCc1ccccc1)C(CCl)OC(=O)C(CC(*)=O)NC(=O)OC(C)(C)C,COC(CSCc1ccccc1)C(CCl)OC(=O)C(CC(C)=O)NC(=O)OC(C)(C)C,coverage,63.0,4.0285528241783775,False
938,OMG,*OC(C)C(OC(=O)c1ccc(Br)cc1CC(*)=O)C(=O)OC,COC(=O)C(OC(=O)c1ccc(Br)cc1CC(C)=O)C(C)OC,random,42.0,1.3535165667832443,True
939,PI1M,C/C=C/c1cccc(N=C)c1,C=Nc1cccc(/C=C/C)c1,coverage,22.0,0.23770591902308572,False
940,OMG,*NP(=S)(NCCC)NC(=O)C(=O)NC(C)C(*)=O,CCCNP(=S)(NC)NC(=O)C(=O)NC(C)C(C)=O,feature,40.0,1.187037287474881,False
941,PI1M,CCCCCC(=O)NC1CCC(C)C1,CCCCCC(=O)NC1CCC(C)C1,coverage,37.0,0.9624665003915307,False
942,OMG,*Oc1ccccc1OC(=O)C(N)C(*)=O,COc1ccccc1OC(=O)C(N)C(C)=O,coverage,29.0,0.49977393112088747,False
943,PI1M,CCC(C)(C)C(=O)Oc1ccc(C(F)(F)F)c(Br)c1,CCC(C)(C)C(=O)Oc1ccc(C(F)(F)F)c(Br)c1,coverage,33.0,0.707498434008989,False
944,PI1M,CNc1cccc(NC(CCCCCCC(F)(F)C(F)(F)C(F)(F)C(F)(F)C(F)(F)C(F)(F)C(F)(F)C(F)(F)C(F)(F)F)=C(C#N)C(C)=O)c1,CNc1cccc(NC(CCCCCCC(F)(F)C(F)(F)C(F)(F)C(F)(F)C(F)(F)C(F)(F)C(F)(F)C(F)(F)C(F)(F)F)=C(C#N)C(C)=O)c1,random,74.0,6.210925368545501,True
945,OMG,*OC1C(OC(=O)C2COCC2C(*)=O)CNCC1C(=O)OC(C)(C)C,COC1C(OC(=O)C2COCC2C(C)=O)CNCC1C(=O)OC(C)(C)C,coverage,55.0,2.7957518399460364,False
946,OMG,*Oc1cc(NC(=O)OC(C)(C)C)ccc1COC(=O)C(CC(*)=O)OC,COc1cc(NC(=O)OC(C)(C)C)ccc1COC(=O)C(CC(C)=O)OC,coverage,54.0,2.6611061495015087,False
947,PI1M,CC[SiH](C)CCCCCCC,CCCCCCC[SiH](C)CC,coverage,35.0,0.828831072009792,False
948,PI1M,CSc1ccc(Sc2ccc(NC(=O)c3ccc(NC(=O)c4ccc(NC(=O)c5ccc(C(=O)Nc6ccc(C)cc6)cc5)cc4)cc3)cc2)cc1,CSc1ccc(Sc2ccc(NC(=O)c3ccc(NC(=O)c4ccc(NC(=O)c5ccc(C(=O)Nc6ccc(C)cc6)cc5)cc4)cc3)cc2)cc1,coverage,86.0,9.30515942952161,False
949,OMG,*Nc1cc(F)cc(NC(=O)CCCCCCCCCCCCCCCCCCCCCCCCCCCCCCC(*)=O)c1C(=O)CCl,CNc1cc(F)cc(NC(=O)CCCCCCCCCCCCCCCCCCCCCCCCCCCCCCC(C)=O)c1C(=O)CCl,random,121.0,23.313937656831943,True
950,OMG,*Oc1ccc(OC(=O)C(CC(*)=O)NC(=O)C(F)(F)F)c2ccccc12,COc1ccc(OC(=O)C(CC(C)=O)NC(=O)C(F)(F)F)c2ccccc12,coverage,43.0,1.4419597242422257,False
951,omics,*/C=C(/*)c1ccc(OCCCCCC)cc1,C/C=C(/C)c1ccc(OCCCCCC)cc1,coverage,41.0,1.2685615949723126,False
952,PI1M,CCCCCCCCOc1ccc(/C=C/c2ccc(/C=C/C(C)=O)cc2)cc1,CCCCCCCCOc1ccc(/C=C/c2ccc(/C=C/C(C)=O)cc2)cc1,coverage,60.0,3.533050524994261,False
953,PI1M,COc1ccc(Oc2ccc(-c3ccccc3)cc2)c(C)c1,COc1ccc(Oc2ccc(-c3ccccc3)cc2)c(C)c1,coverage,40.0,1.187037287474881,False
954,OMG,*OCC(COC)OC(=O)CC1CNCC1CC(*)=O,COCC(COC)OC(=O)CC1CNCC1CC(C)=O,coverage,45.0,1.629538578803666,False
955,PI1M,Cc1ccc(Oc2ccc(Oc3ccc(Oc4ccc(C(C)(C)c5ccc(C)cc5)cc4)cc3)cc2)cc1,Cc1ccc(Oc2ccc(Oc3ccc(Oc4ccc(C(C)(C)c5ccc(C)cc5)cc4)cc3)cc2)cc1,coverage,70.0,5.348558032191515,False
956,omics,*CCCCCNC(=O)CCCCCCCCOCCCCCCOCCCCCO*,CCCCCCNC(=O)CCCCCCCCOCCCCCCOCCCCCOC,coverage,87.0,9.599083603550964,False
957,OMG,*Oc1c(OC(=O)C23CCCC(C(*)=O)(C2)C3)c(=O)c1=O,COc1c(OC(=O)C23CCCC(C(C)=O)(C2)C3)c(=O)c1=O,dopt,37.0,0.9624665003915307,False
958,OMG,*Oc1nc(OC(=O)C(CSSCC(NC(C)=O)C(*)=O)NC(C)=O)ncc1CCl,COc1nc(OC(=O)C(CSSCC(NC(C)=O)C(C)=O)NC(C)=O)ncc1CCl,random,53.0,2.5306091492877196,True
959,OMG,*Nc1cc(NC(=O)CCC(NC(=O)OC(C)(C)C)C(*)=O)c(Cl)cn1,CNc1cc(NC(=O)CCC(NC(=O)OC(C)(C)C)C(C)=O)c(Cl)cn1,random,51.0,2.2818482460254073,True
960,PI1M,CCC(C)C(=O)N(CCCCC)CC(C)C,CCCCCN(CC(C)C)C(=O)C(C)CC,coverage,45.0,1.629538578803666,False
961,PI1M,CCC(O)COC(=O)CCCCC(=O)OCCOC(=O)CCCCC(=O)OC,CCC(O)COC(=O)CCCCC(=O)OCCOC(=O)CCCCC(=O)OC,coverage,60.0,3.533050524994261,False
962,PI1M,CCCCCCCCCOP(=O)(COC)S[Si](C)(C)C,CCCCCCCCCOP(=O)(COC)S[Si](C)(C)C,dopt,53.0,2.5306091492877196,False
963,PI1M,C/C=C(\C)c1cc(F)c(F)c(Br)c1Cl,C/C=C(\C)c1cc(F)c(F)c(Br)c1Cl,coverage,22.0,0.23770591902308572,False
964,PI1M,CCCCS(=O)(=S)C(C)=O,CCCCS(=O)(=S)C(C)=O,feature,22.0,0.23770591902308572,False
965,PI1M,CCC(C)(OCCO)O[Si](C)(C)C#N,CCC(C)(OCCO)O[Si](C)(C)C#N,random,33.0,0.707498434008989,True
966,OMG,*OCCOCCOCCOCCOC(=O)C(OC)C(OC)C(*)=O,COCCOCCOCCOCCOC(=O)C(OC)C(OC)C(C)=O,coverage,55.0,2.7957518399460364,False
967,PI1M,CC(=O)c1ccc2c(=O)n(Cn3c(=O)c4cc5c(=O)n(C)c(=O)c5cc4c3=O)cc-2s1,CC(=O)c1ccc2c(=O)n(Cn3c(=O)c4cc5c(=O)n(C)c(=O)c5cc4c3=O)cc-2s1,dopt,44.0,1.5339481655863532,False
968,PI1M,COc1ccc(-c2ccccc2)cc2c3ccc(C)cc3c-2c1,COc1ccc(-c2ccccc2)cc2c3ccc(C)cc3c-2c1,feature,41.0,1.2685615949723126,False
969,PI1M,COc1ccc(-c2ccc(/N=C/c3ccc(C)cc3)cc2)cc1,COc1ccc(-c2ccc(/N=C/c3ccc(C)cc3)cc2)cc1,coverage,42.0,1.3535165667832443,False
970,PI1M,C/C=C/c1ccc(C(=O)CCCCC(=O)c2ccc(NC(=O)c3ccc(C(=O)Oc4nnc(C)s4)cc3)cc2)cc1,C/C=C/c1ccc(C(=O)CCCCC(=O)c2ccc(NC(=O)c3ccc(C(=O)Oc4nnc(C)s4)cc3)cc2)cc1,random,70.0,5.348558032191515,True
971,OMG,*Nc1ccc(Oc2cccc(NC(=O)CN(CC(*)=O)c3ccc(OC)cc3)c2)cc1,CNc1ccc(Oc2cccc(NC(=O)CN(CC(C)=O)c3ccc(OC)cc3)c2)cc1,coverage,59.0,3.3768743086298603,False
972,PI1M,CCCCCc1ccc(C(C)=O)cc1,CCCCCc1ccc(C(C)=O)cc1,coverage,32.0,0.6512930237899227,False
973,PI1M,COC(COCl)OC,COC(COCl)OC,feature,17.0,0.11880386870633687,False
974,PI1M,CCC(C)OCCCCCCS(=O)(=O)O,CCC(C)OCCCCCCS(=O)(=O)O,coverage,37.0,0.9624665003915307,False
975,OMG,*Oc1ccc(OC(=O)C(CCC(*)=O)NC(=O)c2ccccc2)cc1Br,COc1ccc(OC(=O)C(CCC(C)=O)NC(=O)c2ccccc2)cc1Br,coverage,47.0,1.8317500939966918,False
976,omics,*CC(CO*)(COc1ccccc1)C(F)(F)F,CCC(COC)(COc1ccccc1)C(F)(F)F,coverage,35.0,0.828831072009792,False
977,OMG,*OCC(C)(N)COC(=O)C12c3ccccc3C(C(*)=O)(c3ccccc31)c1ccccc12,COCC(C)(N)COC(=O)C12c3ccccc3C(C(C)=O)(c3ccccc31)c1ccccc12,random,60.0,3.533050524994261,True
978,OMG,*Oc1ccc(OC(=O)c2cc(S)cc(C(*)=O)c2)c(C)c1C,COc1ccc(OC(=O)c2cc(S)cc(C(C)=O)c2)c(C)c1C,coverage,41.0,1.2685615949723126,False
979,OMG,*Oc1nc(S)nc(OC(=O)C(CCC(*)=O)NC(C)=O)c1OC,COc1nc(S)nc(OC(=O)C(CCC(C)=O)NC(C)=O)c1OC,random,43.0,1.4419597242422257,True
980,PI1M,COc1ccc(Oc2ccc(Oc3ccc(NC(=O)CCCCCCCCCC(C)=O)cc3)cc2)cc1C(O)CCCCCC,CCCCCCC(O)c1cc(Oc2ccc(Oc3ccc(NC(=O)CCCCCCCCCC(C)=O)cc3)cc2)ccc1OC,random,96.0,12.509288293103786,True
981,PI1M,COc1ccc(/N=C/c2ccc(C)cc2)c(OC)c1,COc1ccc(/N=C/c2ccc(C)cc2)c(OC)c1,coverage,36.0,0.8940806826961882,False
982,OMG,*OC1=C(C(C2=C(OC(=O)C(Cc3ccc(Br)cc3F)C(*)=O)CC(C)(C)CC2=O)c2ccc(Br)cc2)C(=O)CC(C)(C)C1,COC1=C(C(C2=C(OC(=O)C(Cc3ccc(Br)cc3F)C(C)=O)CC(C)(C)CC2=O)c2ccc(Br)cc2)C(=O)CC(C)(C)C1,coverage,81.0,7.920410401396693,False
983,PI1M,CCCCCCCCCCCOc1ccc(CCCCC(=O)OC)cc1,CCCCCCCCCCCOc1ccc(CCCCC(=O)OC)cc1,coverage,64.0,4.202881203832011,False
984,PI1M,CCCCCOC(=O)OCCCCCCCCCCOC(=O)OCCCCCCCCCCOC(=O)CCCCCCCCCCC(=O)OC,CCCCCOC(=O)OCCCCCCCCCCOC(=O)OCCCCCCCCCCOC(=O)CCCCCCCCCCC(=O)OC,random,124.0,24.90160373066553,True
985,PI1M,CC(=O)NNC(=O)c1cccc(C(C)=O)c1,CC(=O)NNC(=O)c1cccc(C(C)=O)c1,coverage,28.0,0.4547556347186134,False
986,OMG,*Oc1ccc(CCOC(=O)c2ncc(C(*)=O)cn2)cc1,COc1ccc(CCOC(=O)c2ncc(C(C)=O)cn2)cc1,coverage,38.0,1.0340483823546922,False
987,PI1M,CCC(C)(C)C(=O)OCCCCCCCCn1c(=O)ccc2ccc(Cl)cc2c(=O)c1=O,CCC(C)(C)C(=O)OCCCCCCCCn1c(=O)ccc2ccc(Cl)cc2c(=O)c1=O,dopt,64.0,4.202881203832011,False
988,OMG,*OCC1SCC(OC(=O)C2CSC(C)(C(*)=O)N2)C1OS(=O)(=O)c1ccc(C)cc1,COCC1SCC(OC(=O)C2CSC(C)(C(C)=O)N2)C1OS(=O)(=O)c1ccc(C)cc1,coverage,58.0,3.2251081841016833,False
989,PI1M,CCCCCCCCCCCCCCCCCCCCNC(=O)/C=C/C(=O)NC,CCCCCCCCCCCCCCCCCCCCNC(=O)/C=C/C(=O)NC,coverage,77.0,6.911670651446108,False
990,PI1M,COC(=O)C(Cc1ccccc1)C(C)c1ccccc1,COC(=O)C(Cc1ccccc1)C(C)c1ccccc1,coverage,40.0,1.187037287474881,False
991,PI1M,COc1ccc(OC(=O)c2ccc(OCC(C)CCCCCCCCCCC(C)=O)cc2)cc1,COc1ccc(OC(=O)c2ccc(OCC(C)CCCCCCCCCCC(C)=O)cc2)cc1,random,74.0,6.210925368545501,True
992,omics,*CCN(*)C(=O)CCCOc1ccc(C#N)cc1,CCCN(C)C(=O)CCCOc1ccc(C#N)cc1,random,39.0,1.1088856862834737,True
993,OMG,*OCCC(CCC)(CCC)OC(=O)CCN(CCCC(*)=O)S(=O)(=O)c1ccc(C)cc1,CCCC(CCC)(CCOC)OC(=O)CCN(CCCC(C)=O)S(=O)(=O)c1ccc(C)cc1,random,74.0,6.210925368545501,True
994,OMG,*NCCOCCOCCOCCOCCOCCOCCOCCOCCOCCOCCOCCOCCNC(=O)CSc1nc2ccccc2nc1SCC(*)=O,CNCCOCCOCCOCCOCCOCCOCCOCCOCCOCCOCCOCCOCCNC(=O)CSc1nc2ccccc2nc1SCC(C)=O,coverage,128.0,27.12175590448529,False
995,PI1M,CCCC(C)(CCCOc1ccc(C#Cc2ccc(S#N)cc2)cc1)COC,CCCC(C)(CCCOc1ccc(C#Cc2ccc(S#N)cc2)cc1)COC,dopt,57.0,3.0777004384750812,False
996,PI1M,CCC(C)OC(=O)c1ccc(S#N)cc1,CCC(C)OC(=O)c1ccc(S#N)cc1,feature,28.0,0.4547556347186134,False
997,PI1M,CCCCCCCCCOC(=O)OCCCCCCOC(=O)OCCC(F)(F)C(F)(F)C(F)(F)C(F)(F)C(F)(F)COC(=O)OC,CCCCCCCCCOC(=O)OCCCCCCOC(=O)OCCC(F)(F)C(F)(F)C(F)(F)C(F)(F)C(F)(F)COC(=O)OC,coverage,86.0,9.30515942952161,False
998,PI1M,CN=P(C)(SCC(F)(F)C(F)(F)Cl)[Si](C)(F)C(F)(F)F,CN=P(C)(SCC(F)(F)C(F)(F)Cl)[Si](C)(F)C(F)(F)F,feature,31.0,0.597979011686388,False
999,OMG,*OC1CN(C(=O)OC(C)(C)C)CC1OC(=O)c1cc(C=O)ccc1C(*)=O,COC1CN(C(=O)OC(C)(C)C)CC1OC(=O)c1cc(C=O)ccc1C(C)=O,coverage,53.0,2.5306091492877196,False
1000,OMG,*OC1C2OC(C)(C)OC2C(OC(=O)C2CC(C)C(C)CC2C(*)=O)C2OC(C)(C)OC12,COC1C2OC(C)(C)OC2C(OC(=O)C2CC(C)C(C)CC2C(C)=O)C2OC(C)(C)OC12,coverage,70.0,5.348558032191515,False
1001,PI1M,CCC(COc1ccc(C(O)CN(PCC(C)C)c2ccc(C(C)(C)c3ccc(OC)cc3)cc2)cc1)Oc1ccc(/N=N/c2ccc(OC)cc2)cc1,CCC(COc1ccc(C(O)CN(PCC(C)C)c2ccc(C(C)(C)c3ccc(OC)cc3)cc2)cc1)Oc1ccc(/N=N/c2ccc(OC)cc2)cc1,dopt,108.0,17.172474767285724,False
1002,PI1M,C/C=C/C(C)=C(/C)C#[SH],C/C=C/C(C)=C(/C)C#[SH],feature,21.0,0.2097456137295212,False
1003,OMG,*Oc1c(Br)cc(Br)cc1C=NNC(=O)NN=Cc1cc(Br)cc(Br)c1OC(=O)C1C2CC(C(Br)C2Br)C1C(*)=O,COc1c(Br)cc(Br)cc1C=NNC(=O)NN=Cc1cc(Br)cc(Br)c1OC(=O)C1C2CC(C(Br)C2Br)C1C(C)=O,dopt,63.0,4.0285528241783775,False
1004,PI1M,Cc1ccc([Si](C)(C)[Si](C)Cl)cc1,Cc1ccc([Si](C)(C)[Si](C)Cl)cc1,feature,29.0,0.49977393112088747,False
1005,OMG,*OCc1ccc(SSc2ccc(COC(=O)C(CSSCC(NC(C)=O)C(*)=O)NC(C)=O)cc2)cc1,COCc1ccc(SSc2ccc(COC(=O)C(CSSCC(NC(C)=O)C(C)=O)NC(C)=O)cc2)cc1,coverage,70.0,5.348558032191515,False
1006,PI1M,COC(=O)OCCOC(=O)c1cccc(C(=O)OCCCCCCOc2ccc(OC(=O)c3ccc(C)cc3)cc2)c1,COC(=O)OCCOC(=O)c1cccc(C(=O)OCCCCCCOc2ccc(OC(=O)c3ccc(C)cc3)cc2)c1,coverage,76.0,6.672852850107062,False
1007,PI1M,CCc1ccc(Cc2ccc(N=C)cc2OC)cc1,C=Nc1ccc(Cc2ccc(CC)cc2)c(OC)c1,coverage,38.0,1.0340483823546922,False
1008,PI1M,CCCCCCCCOC(=O)CCCCCCC(=O)OCCCCCCOc1ccc(-c2ccc(OC)cc2)cc1,CCCCCCCCOC(=O)CCCCCCC(=O)OCCCCCCOc1ccc(-c2ccc(OC)cc2)cc1,random,93.0,11.48529398776902,True
1009,OMG,*Nc1ccc(OC(=O)c2ccc(C(=O)Oc3ccc(NC(=O)c4cnc(SC)nc4C(*)=O)cc3)cc2)cc1,CNc1ccc(OC(=O)c2ccc(C(=O)Oc3ccc(NC(=O)c4cnc(SC)nc4C(C)=O)cc3)cc2)cc1,random,64.0,4.202881203832011,True
1010,PI1M,COc1ccc(C(=O)CCCCC(=O)c2ccc(C)cc2)c(C(=O)OCCCCCCCCCCCC)c1,CCCCCCCCCCCCOC(=O)c1cc(OC)ccc1C(=O)CCCCC(=O)c1ccc(C)cc1,random,84.0,8.734423876530629,True
1011,OMG,*OC(OC(=O)C(CSSCC(NC(=O)OCc1ccccc1)C(*)=O)NC(=O)OCc1ccccc1)C(=O)c1ccc(C)cc1,COC(OC(=O)C(CSSCC(NC(=O)OCc1ccccc1)C(C)=O)NC(=O)OCc1ccccc1)C(=O)c1ccc(C)cc1,random,82.0,8.18619805320074,True
1012,PI1M,CCC(F)(F)C(F)(F)COC(=O)CCCCCCC(=O)OC,CCC(F)(F)C(F)(F)COC(=O)CCCCCCC(=O)OC,coverage,44.0,1.5339481655863532,False
1013,OMG,*OC(OC(=O)C1(CC(*)=O)CCOCC1)C(Cl)(Cl)P(=O)(N1CCOCC1)N1CCOCC1,COC(OC(=O)C1(CC(C)=O)CCOCC1)C(Cl)(Cl)P(=O)(N1CCOCC1)N1CCOCC1,coverage,66.0,4.5655822516472835,False
1014,PI1M,CCC(C)(C)C(=O)OCCCCCCCCCCN(C)c1ccccc1,CCC(C)(C)C(=O)OCCCCCCCCCCN(C)c1ccccc1,coverage,65.0,4.381874289318153,False
1015,PI1M,CCCCCCCCCCCCCNC(=O)Nc1ccc(-c2ccc(NC(=O)OC)cc2)cc1,CCCCCCCCCCCCCNC(=O)Nc1ccc(-c2ccc(NC(=O)OC)cc2)cc1,coverage,75.0,6.439287015998562,False
1016,OMG,*OC(c1cccs1)(c1cccs1)C(OC(=O)c1cc(C(*)=O)cc(C)n1)(c1cccs1)c1cccs1,COC(c1cccs1)(c1cccs1)C(OC(=O)c1cc(C(C)=O)cc(C)n1)(c1cccs1)c1cccs1,dopt,60.0,3.533050524994261,False
1017,omics,*CC(*)c1ccc(OCCCCCC)nc1,CCCCCCOc1ccc(C(C)CC)cn1,random,42.0,1.3535165667832443,True
1018,PI1M,CCC(C)(C)C(=O)OCCCCOc1ccc(/C=N/c2ccc(C#N)cc2)cc1,CCC(C)(C)C(=O)OCCCCOc1ccc(/C=N/c2ccc(C#N)cc2)cc1,random,57.0,3.0777004384750812,True
1019,PI1M,COc1c(C)cc(Cc2cc(C)c(C)c(C)c2)cc1C,COc1c(C)cc(Cc2cc(C)c(C)c(C)c2)cc1C,coverage,44.0,1.5339481655863532,False
1020,PolyInfo,*CC(*)c1ccc(CC)cc1,CCc1ccc(C(C)CC)cc1,coverage,30.0,0.5474937425136082,False
1021,PI1M,COC(=O)Oc1ccc(C(C)(C)c2ccc(OC(=O)OCCCCCCCCOc3ccc(C(C)=O)cc3)cc2)cc1,COC(=O)Oc1ccc(C(C)(C)c2ccc(OC(=O)OCCCCCCCCOc3ccc(C(C)=O)cc3)cc2)cc1,coverage,82.0,8.18619805320074,False
1022,PI1M,CCCOCCOC(=O)c1ccc(NC(=O)CCCCCC(=S)NNC(=O)CC(C)CCC(=O)NC)cc1,CCCOCCOC(=O)c1ccc(NC(=O)CCCCCC(=S)NNC(=O)CC(C)CCC(=O)NC)cc1,random,80.0,7.66011076664799,True
1023,PolyInfo,*Oc1ccc(/N=N/c2ccc(S(=O)(=O)c3ccc(/N=N/c4ccc(OC(=O)c5ccc(/N=N/c6ccc(C(*)=O)cc6)cc5)cc4)cc3[N+](=O)[O-])c([N+](=O)[O-])c2)cc1,COc1ccc(/N=N/c2ccc(S(=O)(=O)c3ccc(/N=N/c4ccc(OC(=O)c5ccc(/N=N/c6ccc(C(C)=O)cc6)cc5)cc4)cc3[N+](=O)[O-])c([N+](=O)[O-])c2)cc1,dopt,87.0,9.599083603550964,False
1024,PI1M,COP(=O)(OCCOC)[Si](C)(C)c1ccc(C#N)cc1,COCCOP(=O)(OC)[Si](C)(C)c1ccc(C#N)cc1,dopt,40.0,1.187037287474881,False
1025,PI1M,C/C=C(/C)c1ccccc1CCCCCC,C/C=C(/C)c1ccccc1CCCCCC,coverage,40.0,1.187037287474881,False
1026,OMG,*OC(C)CC(C)OC(=O)C1C2OC(C3OC32)C1C(*)=O,COC(C)CC(C)OC(=O)C1C2OC(C3OC32)C1C(C)=O,coverage,43.0,1.4419597242422257,False
1027,PI1M,COC(=O)[Si](C)PC(=O)c1ccccc1,COC(=O)[Si](C)PC(=O)c1ccccc1,feature,27.0,0.41237422298650106,False
1028,PI1M,C/C=C/c1cc(C)c(C)cc1-c1ccccc1,C/C=C/c1cc(C)c(C)cc1-c1ccccc1,coverage,35.0,0.828831072009792,False
1029,PI1M,COc1ccc(CCC(C)=O)cc1C,COc1ccc(CCC(C)=O)cc1C,coverage,30.0,0.5474937425136082,False
1030,PI1M,CCCOCCCCOC(=O)CCc1ccc(CNC(=O)C(=O)NC)cc1,CCCOCCCCOC(=O)CCc1ccc(CNC(=O)C(=O)NC)cc1,random,57.0,3.0777004384750812,True
1031,omics,*CCCCCOC(=O)c1ccc(NC(=O)c2ccc(N3C(=O)c4ccc(*)cc4C3=O)cc2)cc1,CCCCCCOC(=O)c1ccc(NC(=O)c2ccc(N3C(=O)c4ccc(C)cc4C3=O)cc2)cc1,coverage,64.0,4.202881203832011,False
1032,PI1M,COc1c(C)cc(-c2cc(C)c(OC(C)=O)c(C)c2)cc1Cl,COc1c(C)cc(-c2cc(C)c(OC(C)=O)c(C)c2)cc1Cl,coverage,41.0,1.2685615949723126,False
1033,PI1M,COc1ccccc1C(=O)OCC(C)=O,COc1ccccc1C(=O)OCC(C)=O,coverage,27.0,0.41237422298650106,False
1034,OMG,*OC(CCl)C(CCl)OC(=O)c1ccc(-c2ccc(C(*)=O)c(F)c2)cc1F,COC(CCl)C(CCl)OC(=O)c1ccc(-c2ccc(C(C)=O)c(F)c2)cc1F,coverage,46.0,1.7287872538090088,False
1035,PI1M,CCCCCCOCCCCCCCCCCCCOC(=O)c1ccc(C(=O)OCCCCCOC(=O)CCCCCCCCC(=O)OC)cc1,CCCCCCOCCCCCCCCCCCCOC(=O)c1ccc(C(=O)OCCCCCOC(=O)CCCCCCCCC(=O)OC)cc1,random,121.0,23.313937656831943,True
1036,omics,*c1ncnc(N2C(=O)c3ccc(S(=O)(=O)c4ccc5c(c4)C(=O)N(*)C5=O)cc3C2=O)c1/N=N/c1ccccc1,Cc1ncnc(N2C(=O)c3ccc(S(=O)(=O)c4ccc5c(c4)C(=O)N(C)C5=O)cc3C2=O)c1/N=N/c1ccccc1,random,59.0,3.3768743086298603,True
1037,OMG,*OCC(C)(COC)COC(=O)C1C=C(C(*)=O)N=N1,COCC(C)(COC)COC(=O)C1C=C(C(C)=O)N=N1,coverage,40.0,1.187037287474881,False
1038,PI1M,CCCCCC(=O)Nc1ccc(NC(=O)CCCCCCCCN2C(=O)c3ccc(C)cc3C2=O)cc1,CCCCCC(=O)Nc1ccc(NC(=O)CCCCCCCCN2C(=O)c3ccc(C)cc3C2=O)cc1,coverage,76.0,6.672852850107062,False
1039,PI1M,CO[Si](C)(C)OCCCCCCCCCOc1ccc(C(C)(CCC)c2ccc(OC(=O)c3cccc(C(C)=O)c3)cc2)cc1,CCCC(C)(c1ccc(OCCCCCCCCCO[Si](C)(C)OC)cc1)c1ccc(OC(=O)c2cccc(C(C)=O)c2)cc1,random,97.0,12.862901673682583,True
1040,OMG,*OC(OC(=O)CCN(CCCC(*)=O)S(=O)(=O)c1ccc(C)cc1)C(=O)OC1CC(C)CCC1C(C)C,COC(OC(=O)CCN(CCCC(C)=O)S(=O)(=O)c1ccc(C)cc1)C(=O)OC1CC(C)CCC1C(C)C,coverage,81.0,7.920410401396693,False
1041,OMG,*Oc1c(F)cc(C(C)=O)cc1OC(=O)C1=CC(C)C=C(C(*)=O)O1,COc1c(F)cc(C(C)=O)cc1OC(=O)C1=CC(C)C=C(C(C)=O)O1,random,42.0,1.3535165667832443,True
1042,PI1M,CO[Si](C)(C)O[Si](C)(C)O[Si](C)(C)O[Si](C)(C)O[Si](C)(C)O[Si](C)(C)O[Si](C)(C)O[Si](C)(C)CCCOc1ccc(C)cc1,CO[Si](C)(C)O[Si](C)(C)O[Si](C)(C)O[Si](C)(C)O[Si](C)(C)O[Si](C)(C)O[Si](C)(C)O[Si](C)(C)CCCOc1ccc(C)cc1,coverage,108.0,17.172474767285724,False
1043,PI1M,CCC(C)S(=O)(=O)CCC,CCCS(=O)(=O)C(C)CC,coverage,26.0,0.372564345698904,False
1044,PI1M,COc1ccc(Oc2ccc(-c3ccc(Oc4ccc(C(=O)c5ccc(C)cc5)cc4)cc3)cc2)cc1-c1ccccc1,COc1ccc(Oc2ccc(-c3ccc(Oc4ccc(C(=O)c5ccc(C)cc5)cc4)cc3)cc2)cc1-c1ccccc1,coverage,73.0,5.987719929256527,False
1045,PI1M,CCCCCCCCCCCCCCCCCCCCC[PH](C)(CCCC)CCCCCCCCCCC,CCCCCCCCCCCCCCCCCCCCC[PH](C)(CCCC)CCCCCCCCCCC,random,117.0,21.298202540382935,True
1046,OMG,*OCC(OC(=O)C1NC(C(*)=O)CS1)C(C)=O,COCC(OC(=O)C1NC(C(C)=O)CS1)C(C)=O,coverage,35.0,0.828831072009792,False
1047,PI1M,CCCCCCCCCCCCCOc1ccc(-c2ccc(OCCCCCCOc3ccc(-c4ccc(OC)cc4C)cc3)cc2)cc1,CCCCCCCCCCCCCOc1ccc(-c2ccc(OCCCCCCOc3ccc(-c4ccc(OC)cc4C)cc3)cc2)cc1,coverage,109.0,17.603550241513325,False
1048,PI1M,CCC(CCl)(CBr)COC(=O)NCC[Si](C)(C)C,CCC(CCl)(CBr)COC(=O)NCC[Si](C)(C)C,random,43.0,1.4419597242422257,True
1049,OMG,*OC(c1cccs1)(c1cccs1)C(OC(=O)c1ccc(C=Nc2ccc(N=Cc3ccc(C(*)=O)cc3)cc2)cc1)(c1cccs1)c1cccs1,COC(c1cccs1)(c1cccs1)C(OC(=O)c1ccc(C=Nc2ccc(N=Cc3ccc(C(C)=O)cc3)cc2)cc1)(c1cccs1)c1cccs1,dopt,84.0,8.734423876530629,False
1050,PI1M,Cc1nc(C)c(Br)c(C(F)(F)I)c1F,Cc1nc(C)c(Br)c(C(F)(F)I)c1F,feature,20.0,0.1839474081746623,False
1051,OMG,*Nc1ccc2c3c(ccc(NC(=O)CN(CC(*)=O)S(=O)(=O)c4ccc(OC)cc4)c13)CC2,CNc1ccc2c3c(ccc(NC(=O)CN(CC(C)=O)S(=O)(=O)c4ccc(OC)cc4)c13)CC2,random,61.0,3.6936882750981668,True
1052,PI1M,CO[Si](C)(C)CCCOc1ccc(/N=N/c2ccccc2)cc1,CO[Si](C)(C)CCCOc1ccc(/N=N/c2ccccc2)cc1,coverage,47.0,1.8317500939966918,False
1053,PI1M,CCCCCCCC[SH](C)(C)C(=O)NC,CCCCCCCC[SH](C)(C)C(=O)NC,coverage,43.0,1.4419597242422257,False
1054,PI1M,CCC(OC)C(OC)C(=O)OC,CCC(OC)C(OC)C(=O)OC,coverage,28.0,0.4547556347186134,False
1055,OMG,*Nc1nnc(SSc2nnc(NC(=O)C34CCC(C(*)=O)(CC3=O)C(=O)C4)s2)s1,CNc1nnc(SSc2nnc(NC(=O)C34CCC(C(C)=O)(CC3=O)C(=O)C4)s2)s1,dopt,46.0,1.7287872538090088,False
1056,OMG,*NC(=N)NN=C1CCC(=NNC(=N)NC(=O)CC(SCC(C)C)C(*)=O)CC1,CNC(=N)NN=C1CCC(=NNC(=N)NC(=O)CC(SCC(C)C)C(C)=O)CC1,dopt,61.0,3.6936882750981668,False
1057,PI1M,CC[Si](C)(F)Cl,CC[Si](C)(F)Cl,feature,14.0,0.07047050774391327,False
1058,PI1M,CCC(CCl)(COC)COCCCCCCCC,CCCCCCCCOCC(CC)(CCl)COC,random,49.0,2.04904001620089,True
1059,PI1M,COc1cccc(NC(=O)c2cccc(C(=O)Nc3cccc(C(C)=O)c3)c2)c1,COc1cccc(NC(=O)c2cccc(C(=O)Nc3cccc(C(C)=O)c3)c2)c1,coverage,49.0,2.04904001620089,False
1060,PI1M,CC(=O)c1ccc(C(=O)N(C)CCCCCCCCCCCCCCCC)cc1,CCCCCCCCCCCCCCCCN(C)C(=O)c1ccc(C(C)=O)cc1,coverage,72.0,5.769622518212583,False
1061,PI1M,CCC(C)(CC(=O)OCCCCCCOc1ccc([N+](=O)[O-])cc1)c1ccc([N+](=O)[O-])cc1,CCC(C)(CC(=O)OCCCCCCOc1ccc([N+](=O)[O-])cc1)c1ccc([N+](=O)[O-])cc1,coverage,63.0,4.0285528241783775,False
1062,OMG,*OCC(COC(=O)C(Cc1ccc(Br)cc1F)C(*)=O)Cc1ccccc1F,COCC(COC(=O)C(Cc1ccc(Br)cc1F)C(C)=O)Cc1ccccc1F,random,52.0,2.404207673904035,True
1063,PI1M,CCC(C)(C)C(=O)OCCCCCCCCCCOc1ccc(F)cc1,CCC(C)(C)C(=O)OCCCCCCCCCCOc1ccc(F)cc1,coverage,61.0,3.6936882750981668,False
1064,OMG,*NNC(=O)C1CC1C(=O)NNC(=O)C(CCCC)(CCCC)C(*)=O,CCCCC(CCCC)(C(C)=O)C(=O)NNC(=O)C1CC1C(=O)NNC,random,58.0,3.2251081841016833,True
1065,PI1M,CCCCCCCCCCCCCCOC(=O)c1ccc(C(=O)OC)c(C(=O)OCCCCCCCCCC)c1,CCCCCCCCCCCCCCOC(=O)c1ccc(C(=O)OC)c(C(=O)OCCCCCCCCCC)c1,random,96.0,12.509288293103786,True
1066,PI1M,CCC(C)(C)C(=O)OCCCCCCN1CCN(C#N)CC(=O)N(c2ccc([N+](=O)[O-])cc2Br)C1,CCC(C)(C)C(=O)OCCCCCCN1CCN(C#N)CC(=O)N(c2ccc([N+](=O)[O-])cc2Br)C1,dopt,69.0,5.145493557044269,False
1067,PolyInfo,*NC(C=C)CC(*)=O,C=CC(CC(C)=O)NC,coverage,22.0,0.23770591902308572,False
1068,PI1M,CO[Si](C)(C)CCCCCCCCCCCCOc1ccc(Cl)cc1Cl,CO[Si](C)(C)CCCCCCCCCCCCOc1ccc(Cl)cc1Cl,coverage,62.0,3.858838735716932,False
1069,PI1M,CCC(C)C(=O)OC(C)C(F)(F)C(F)(F)C(F)(F)C(F)(F)C(F)(F)C(F)(F)F,CCC(C)C(=O)OC(C)C(F)(F)C(F)(F)C(F)(F)C(F)(F)C(F)(F)C(F)(F)F,coverage,41.0,1.2685615949723126,False
1070,PI1M,CCCCCOC(=O)C(CCCCCCCCCOc1ccccc1)C(=O)OC,CCCCCOC(=O)C(CCCCCCCCCOc1ccccc1)C(=O)OC,coverage,67.0,4.754055023099274,False
1071,PI1M,COC(=O)Nc1cccc(NC(=O)OCCCCCCCCCOC(C)=O)c1,COC(=O)Nc1cccc(NC(=O)OCCCCCCCCCOC(C)=O)c1,coverage,58.0,3.2251081841016833,False
1072,PI1M,CCCCCCCCCCCCCCCCCOc1ccc(/N=C/c2ccc(OC)c(OCCC)c2)cc1OC,CCCCCCCCCCCCCCCCCOc1ccc(/N=C/c2ccc(OC)c(OCCC)c2)cc1OC,coverage,95.0,12.161845525102757,False
1073,PI1M,CO[Si](C)(C)c1ccc(S(=O)(=O)c2ccccc2)cc1,CO[Si](C)(C)c1ccc(S(=O)(=O)c2ccccc2)cc1,coverage,38.0,1.0340483823546922,False
1074,PI1M,COc1ccc(NC(=O)c2cc(OCCCCCCCCCCCCCCCCCC)c(C(C)=O)cc2C)cc1C,CCCCCCCCCCCCCCCCCCOc1cc(C(=O)Nc2ccc(OC)c(C)c2)c(C)cc1C(C)=O,coverage,96.0,12.509288293103786,False
1075,PI1M,Cc1ccc(-c2ccc(N3C(=O)c4ccc(Oc5ccc6c(c5)C(=O)N(C)C6=O)cc4C3=O)c(C(F)(F)F)c2)cc1,Cc1ccc(-c2ccc(N3C(=O)c4ccc(Oc5ccc6c(c5)C(=O)N(C)C6=O)cc4C3=O)c(C(F)(F)F)c2)cc1,coverage,60.0,3.533050524994261,False
1076,PolyInfo,*CC(*)(C)C(=O)Oc1ccccc1C,CCC(C)(C)C(=O)Oc1ccccc1C,coverage,33.0,0.707498434008989,False
1077,PI1M,COc1ccc(-c2ccc(Oc3ccc(NC(=O)c4ccc(C(=O)Nc5ccc(C)cc5)cc4)cc3)cc2)cc1C,COc1ccc(-c2ccc(Oc3ccc(NC(=O)c4ccc(C(=O)Nc5ccc(C)cc5)cc4)cc3)cc2)cc1C,random,71.0,5.556584750444072,True
1078,OMG,*OC(CCCc1ccccc1)COC(=O)C(CC)(Cc1ccccc1)C(*)=O,CCC(Cc1ccccc1)(C(C)=O)C(=O)OCC(CCCc1ccccc1)OC,coverage,61.0,3.6936882750981668,False
1079,PI1M,CCCCCCNC(=O)C1CC(=C)C1C(=O)OCCCCCCCCCC,C=C1CC(C(=O)NCCCCCC)C1C(=O)OCCCCCCCCCC,random,68.0,4.947342301951497,True
1080,PI1M,COCC(O)COC(=O)c1ccccc1C(C)=O,COCC(O)COC(=O)c1ccccc1C(C)=O,coverage,34.0,0.7666572932453927,False
1081,PolyInfo,*CC(=O)NC(C)C(=O)O*,CCC(=O)NC(C)C(=O)OC,coverage,24.0,0.30039397989449834,False
1082,PolyInfo,*OC1CCC(OC(=O)NCCNC(*)=O)CC1,COC1CCC(OC(=O)NCCNC(C)=O)CC1,coverage,40.0,1.187037287474881,False
1083,PI1M,CNC(CC(C)=O)C(C)CC,CCC(C)C(CC(C)=O)NC,coverage,30.0,0.5474937425136082,False
1084,PI1M,CNc1c(C)cc(C(C)=O)cc1Cl,CNc1c(C)cc(C(C)=O)cc1Cl,coverage,25.0,0.33525989756051233,False
1085,PI1M,CO[Si](C)(C)CCCCCCCC(=O)Oc1ccc(C(=O)Oc2ccc(OC(=O)c3ccc(OCCCCCCCC)cc3)cc2)cc1,CCCCCCCCOc1ccc(C(=O)Oc2ccc(OC(=O)c3ccc(OC(=O)CCCCCCC[Si](C)(C)OC)cc3)cc2)cc1,coverage,100.0,13.96120758869343,False
1086,PI1M,CCC(C)CS(=O)(=O)Br,CCC(C)CS(=O)(=O)Br,feature,20.0,0.1839474081746623,False
1087,PI1M,CO[Si](C)(CCCCC)CCCCCCCCCCCC,CCCCCCCCCCCC[Si](C)(CCCCC)OC,coverage,63.0,4.0285528241783775,False
1088,OMG,*OC(COC(=O)C1CCC1C(*)=O)c1ccccc1Cl,COC(COC(=O)C1CCC1C(C)=O)c1ccccc1Cl,coverage,40.0,1.187037287474881,False
1089,OMG,*OCCOCCOCCOCCOCCOCCOCCOCCOCCOCCOC(=O)C(CSSCC(NC(C)=O)C(*)=O)NC(C)=O,COCCOCCOCCOCCOCCOCCOCCOCCOCCOCCOC(=O)C(CSSCC(NC(C)=O)C(C)=O)NC(C)=O,coverage,111.0,18.485951002195634,False
1090,PI1M,COc1ccc(C(C#CC(C)C)c2ccc(OC(=O)CCCCCCCCC(C)=O)cc2)cc1,COc1ccc(C(C#CC(C)C)c2ccc(OC(=O)CCCCCCCCC(C)=O)cc2)cc1,random,72.0,5.769622518212583,True
1091,PI1M,CC(C)=N[SH]=C,C=[SH]N=C(C)C,feature,15.0,0.08484152603281661,False
1092,PI1M,CSc1ccc(/C=N/c2ccc(C)cc2)cc1OC,COc1cc(/C=N/c2ccc(C)cc2)ccc1SC,random,36.0,0.8940806826961882,True
1093,PI1M,CCCCCCCCCNC(=O)c1ccc(C(=O)NCCCCCN2CCN(C)CC2)cc1,CCCCCCCCCNC(=O)c1ccc(C(=O)NCCCCCN2CCN(C)CC2)cc1,random,79.0,7.405252308862643,True
1094,PI1M,CCC(C)OCCOCCOCCOCCO,CCC(C)OCCOCCOCCOCCO,coverage,43.0,1.4419597242422257,False
1095,OMG,*Oc1cc(C(=O)OCC)c(OC(=O)c2cccc(F)c2CC(*)=O)cc1C(=O)OCC,CCOC(=O)c1cc(OC(=O)c2cccc(F)c2CC(C)=O)c(C(=O)OCC)cc1OC,coverage,55.0,2.7957518399460364,False
1096,OMG,*OC(C)CC(C)OC(=O)C(N)C(*)=O,COC(C)CC(C)OC(=O)C(N)C(C)=O,coverage,34.0,0.7666572932453927,False
1097,PI1M,COC(=O)c1cc(Cl)c(Cl)c(C)c1OI,COC(=O)c1cc(Cl)c(Cl)c(C)c1OI,dopt,22.0,0.23770591902308572,False
1098,PI1M,CNc1ccc(Sc2ccc(S(C)(=O)=O)cc2C)cc1,CNc1ccc(Sc2ccc(S(C)(=O)=O)cc2C)cc1,coverage,37.0,0.9624665003915307,False
1099,PI1M,CC(=O)CCCCCCCCCCC(=O)N(C)c1ccccc1,CC(=O)CCCCCCCCCCC(=O)N(C)c1ccccc1,coverage,54.0,2.6611061495015087,False
1100,PI1M,CCNC(=O)CCCCCCCCC(=O)NCC(=O)NC,CCNC(=O)CCCCCCCCC(=O)NCC(=O)NC,coverage,50.0,2.1634770685187323,False
1101,PI1M,COc1ccc(-n2on2-n2on2-c2ccc(OC(C)=O)c(C)c2)cc1OC,COc1ccc(-n2on2-n2on2-c2ccc(OC(C)=O)c(C)c2)cc1OC,dopt,45.0,1.629538578803666,False
1102,OMG,*NC(=S)c1ccc(C(=S)NC(=O)c2cc(C(*)=O)cc(S(=O)(=O)Cl)c2)o1,CNC(=S)c1ccc(C(=S)NC(=O)c2cc(C(C)=O)cc(S(=O)(=O)Cl)c2)o1,dopt,40.0,1.187037287474881,False
1103,PI1M,CCC(C)c1cc(C(=O)OC)ccc1C(=O)O,CCC(C)c1cc(C(=O)OC)ccc1C(=O)O,coverage,33.0,0.707498434008989,False
1104,omics,*C#Cc1cc(C)c(*)cc1C,CC#Cc1cc(C)c(C)cc1C,coverage,26.0,0.372564345698904,False
1105,PI1M,C/C=C/c1cc(OCCCCCCCCC)c(C)cc1OC,C/C=C/c1cc(OCCCCCCCCC)c(C)cc1OC,coverage,54.0,2.6611061495015087,False
1106,PI1M,COCCCCCOC(=O)NCCNCCCCCCSCCNC(=O)OCCCCCCOC(=O)SSC,COCCCCCOC(=O)NCCNCCCCCCSCCNC(=O)OCCCCCCOC(=O)SSC,random,90.0,10.515630927412102,True
1107,OMG,*Oc1ccc(OC(=O)CC2CS(=O)(=O)CC2CC(*)=O)c(C)c1C,COc1ccc(OC(=O)CC2CS(=O)(=O)CC2CC(C)=O)c(C)c1C,coverage,49.0,2.04904001620089,False
1108,OMG,*Nc1ccc(-c2ccc(NC(=O)C3CCC4(CCC(C(*)=O)CC4)CC3)cc2)cc1,CNc1ccc(-c2ccc(NC(=O)C3CCC4(CCC(C(C)=O)CC4)CC3)cc2)cc1,coverage,65.0,4.381874289318153,False
1109,OMG,*OC1CCCCC1COC(=O)C(S)CC(*)=O,COC1CCCCC1COC(=O)C(S)CC(C)=O,coverage,40.0,1.187037287474881,False
1110,omics,*CC(*)c1cc(OC(=O)c2ccc(-c3ccc(-c4ccc(C)cc4)c4nsnc34)cc2)ccc1OC(=O)c1ccc(CCCC)cc1,CCCCc1ccc(C(=O)Oc2ccc(OC(=O)c3ccc(-c4ccc(-c5ccc(C)cc5)c5nsnc45)cc3)cc2C(C)CC)cc1,dopt,86.0,9.30515942952161,False
1111,PolyInfo,*[Si](*)(CCCCCC)CCCCCC,CCCCCC[Si](C)(C)CCCCCC,coverage,47.0,1.8317500939966918,False
1112,OMG,*Oc1cc(Br)c(C2(OC(=O)c3cccnc3NCC(*)=O)CC2)cc1OC,COc1cc(Br)c(C2(OC(=O)c3cccnc3NCC(C)=O)CC2)cc1OC,random,49.0,2.04904001620089,True
1113,PI1M,CCC(c1ccccc1)C(C)c1ccc(O)cc1,CCC(c1ccccc1)C(C)c1ccc(O)cc1,coverage,38.0,1.0340483823546922,False
1114,PI1M,Cc1cc(CCCOCCCCCCCC)c(C)s1,CCCCCCCCOCCCc1cc(C)sc1C,coverage,49.0,2.04904001620089,False
1115,OMG,*Oc1ccc(Br)c(C2(C(C)OC(=O)C3CC3C(*)=O)CC2)c1,COc1ccc(Br)c(C2(C(C)OC(=O)C3CC3C(C)=O)CC2)c1,random,44.0,1.5339481655863532,True
1116,omics,*CC(*)OC(=O)CCCC(=O)c1ccc(CC)cc1,CCc1ccc(C(=O)CCCC(=O)OC(C)CC)cc1,random,44.0,1.5339481655863532,True
1117,PI1M,COc1ccc(S(=O)(=O)c2ccc(Oc3ccc(C(C)=O)cc3)c(C)c2)cc1C,COc1ccc(S(=O)(=O)c2ccc(Oc3ccc(C(C)=O)cc3)c(C)c2)cc1C,coverage,51.0,2.2818482460254073,False
1118,PI1M,CCCCCCC(C)C=CCCCCCC,CCCCCCC=CC(C)CCCCCC,coverage,48.0,1.9384826272146733,False
1119,omics,*CC(*)c1cc(C(C)C)cc(C(C)C)c1,CCC(C)c1cc(C(C)C)cc(C(C)C)c1,coverage,42.0,1.3535165667832443,False
1120,PI1M,CCC1(C)CCC(C)(CC)CC1,CCC1(C)CCC(C)(CC)CC1,coverage,36.0,0.8940806826961882,False
1121,PI1M,Cc1snc(N=C)c1O,C=Nc1nsc(C)c1O,feature,15.0,0.08484152603281661,False
1122,omics,*NC(=O)c1ccc(C(=O)NC(=O)CCCCC(*)=O)cc1,CNC(=O)c1ccc(C(=O)NC(=O)CCCCC(C)=O)cc1,coverage,42.0,1.3535165667832443,False
1123,OMG,*OCC(CN(C)C)OC(=O)C(C(*)=O)C1CCOC1,COCC(CN(C)C)OC(=O)C(C(C)=O)C1CCOC1,random,45.0,1.629538578803666,True
1124,PI1M,COC(=O)c1ccc(S(=O)(=O)CCCC(C)=O)cc1,COC(=O)c1ccc(S(=O)(=O)CCCC(C)=O)cc1,coverage,35.0,0.828831072009792,False
1125,PI1M,Cc1ccc2c(c1)C(=O)N1CCC(CC(C)(C)C)=C3C1=CC=C(S(=O)(=O)c1ccc(N=C)cc1)C=C2C(=O)N3CC,C=Nc1ccc(S(=O)(=O)C2=CC=C3C4=C(CC(C)(C)C)CCN3C(=O)c3cc(C)ccc3C(=C2)C(=O)N4CC)cc1,dopt,76.0,6.672852850107062,False
1126,OMG,*Oc1c(C(=O)OCC)ccc(Cl)c1OC(=O)c1ccc(Cl)c2c(Cl)ccc(C(*)=O)c12,CCOC(=O)c1ccc(Cl)c(OC(=O)c2ccc(Cl)c3c(Cl)ccc(C(C)=O)c23)c1OC,coverage,49.0,2.04904001620089,False
1127,OMG,*OCN1CCN(COC(=O)C23c4ccccc4C(C(*)=O)(c4ccccc42)c2ccccc23)CC1,COCN1CCN(COC(=O)C23c4ccccc4C(C(C)=O)(c4ccccc42)c2ccccc23)CC1,random,66.0,4.5655822516472835,True
1128,PI1M,COc1ccc(C(C)=O)cc1CCCCCCCCCCC,CCCCCCCCCCCc1cc(C(C)=O)ccc1OC,coverage,54.0,2.6611061495015087,False
1129,PI1M,CCCCCCCCCCCCCCCCCCC(C)CCCCCCCCCC,CCCCCCCCCCCCCCCCCCC(C)CCCCCCCCCC,coverage,92.0,11.156095933866299,False
1130,PI1M,C/C=C(/C)[Si](C)(CCC)CCCC,C/C=C(/C)[Si](C)(CCC)CCCC,coverage,39.0,1.1088856862834737,False
1131,PI1M,C/N=N/N=C(/C)C#N,C/N=N/N=C(/C)C#N,feature,14.0,0.07047050774391327,False
1132,OMG,*OC1CS(=O)(=O)CC1OC(=O)C(CSCC(*)=O)NS(=O)(=O)c1ccc(C)cc1,COC1CS(=O)(=O)CC1OC(=O)C(CSCC(C)=O)NS(=O)(=O)c1ccc(C)cc1,random,55.0,2.7957518399460364,True
1133,OMG,*Oc1cc(OC)ccc1OC(=O)C(Br)CC(*)=O,COc1ccc(OC(=O)C(Br)CC(C)=O)c(OC)c1,coverage,34.0,0.7666572932453927,False
1134,PI1M,CCC(C)OCCCCCCCCCCCCCC(=O)O,CCC(C)OCCCCCCCCCCCCCC(=O)O,random,57.0,3.0777004384750812,True
1135,PI1M,Cc1ccc([SH](C#N)(C#N)C(C)(C(F)(F)F)C(F)(F)F)cc1,Cc1ccc([SH](C#N)(C#N)C(C)(C(F)(F)F)C(F)(F)F)cc1,dopt,33.0,0.707498434008989,False
1136,PI1M,CCC(O)COc1ccc(-c2ccc(OC)c(C)c2)cc1C,CCC(O)COc1ccc(-c2ccc(OC)c(C)c2)cc1C,coverage,46.0,1.7287872538090088,False
1137,PI1M,CN=P(C)(OCCOCCOCCOC)OCC(CC)CCCC,CCCCC(CC)COP(C)(=NC)OCCOCCOCCOC,random,62.0,3.858838735716932,True
1138,PI1M,COc1ccc(C(=O)Nc2cc(OCCCCCCCCCCCC)cc(C(=O)Nc3ccc(Oc4ccc(Oc5ccccc5)c(C)c4CCCC)cc3)c2)cc1,CCCCCCCCCCCCOc1cc(NC(=O)c2ccc(OC)cc2)cc(C(=O)Nc2ccc(Oc3ccc(Oc4ccccc4)c(C)c3CCCC)cc2)c1,random,118.0,21.791422663881537,True
1139,PI1M,CCC(C1=C(C)OC1=O)c1ccccc1,CCC(C1=C(C)OC1=O)c1ccccc1,random,29.0,0.49977393112088747,True
1140,PI1M,CCCCCCCCCCCCCCCCOC(=O)OCC1CO[PH](C)(OC)O1,CCCCCCCCCCCCCCCCOC(=O)OCC1CO[PH](C)(OC)O1,dopt,74.0,6.210925368545501,False
1141,PI1M,C/C=C(/C)CCCCCCCCCCCCC(F)(F)C(F)(F)C(F)(F)C(F)(F)C(F)(F)C(F)(F)C(F)(F)C(F)(F)C(F)(F)F,C/C=C(/C)CCCCCCCCCCCCC(F)(F)C(F)(F)C(F)(F)C(F)(F)C(F)(F)C(F)(F)C(F)(F)C(F)(F)C(F)(F)F,coverage,75.0,6.439287015998562,False
1142,PI1M,CC#SCC(C)(C)C,CC#SCC(C)(C)C,feature,22.0,0.23770591902308572,False
1143,PI1M,CO[Si](C)(Br)c1ccc(Cl)cc1Br,CO[Si](C)(Br)c1ccc(Cl)cc1Br,feature,22.0,0.23770591902308572,False
1144,PolyInfo,*Oc1ccc(S(=O)(=O)c2ccc(Oc3ccc(C(C)(C)c4ccc(*)cc4)cc3)cc2)c([N-][N+]#N)c1,COc1ccc(S(=O)(=O)c2ccc(Oc3ccc(C(C)(C)c4ccc(C)cc4)cc3)cc2)c([N-][N+]#N)c1,dopt,64.0,4.202881203832011,False
1145,PI1M,Cc1ccc(-n2sc3ccccc32)cc1C,Cc1ccc(-n2sc3ccccc32)cc1C,feature,29.0,0.49977393112088747,False
1146,PI1M,CCC(C)C(=O)N(Cl)C(F)(F)C(F)(F)C(F)(F)C(F)(F)C(F)(F)C(F)(F)C(F)(F)C(F)(F)C(F)(F)C(F)(F)C(F)(F)C(F)(F)C(F)(F)C(F)(F)C(F)(F)F,CCC(C)C(=O)N(Cl)C(F)(F)C(F)(F)C(F)(F)C(F)(F)C(F)(F)C(F)(F)C(F)(F)C(F)(F)C(F)(F)C(F)(F)C(F)(F)C(F)(F)C(F)(F)C(F)(F)C(F)(F)F,dopt,63.0,4.0285528241783775,False
1147,PI1M,CCC(OC)c1ccc(C(C)(C)c2ccc([N+](=O)[O-])cc2)cc1,CCC(OC)c1ccc(C(C)(C)c2ccc([N+](=O)[O-])cc2)cc1,coverage,46.0,1.7287872538090088,False
1148,OMG,*OCCSCCSCCSCCOC(=O)C(CS)NCCNC(CS)C(*)=O,COCCSCCSCCSCCOC(=O)C(CS)NCCNC(CS)C(C)=O,dopt,65.0,4.381874289318153,False
1149,PI1M,CC(=O)C(F)=C(C)C(=O)N(F)F,CC(=O)C(F)=C(C)C(=O)N(F)F,feature,18.0,0.1385498383381463,False
1150,PI1M,CCCCCOC(=O)OSC(=O)N(C)C,CCCCCOC(=O)OSC(=O)N(C)C,random,32.0,0.6512930237899227,True
1151,PI1M,CCCCCCCCCCCOC(=O)OCc1ccc(CSC(=O)OC)cc1,CCCCCCCCCCCOC(=O)OCc1ccc(CSC(=O)OC)cc1,random,62.0,3.858838735716932,True
1152,PI1M,CCC(C)CC(C)(C)O,CCC(C)CC(C)(C)O,coverage,27.0,0.41237422298650106,False
1153,PI1M,Cc1nnc(C)n1N,Cc1nnc(C)n1N,feature,16.0,0.1009266220636141,False
1154,OMG,*Nc1cc(C(F)(F)F)cc(NC(=O)C(C(C(*)=O)N(Cc2ccccc2)C(=O)OCC)N(Cc2ccccc2)C(=O)OCC)c1C#N,CCOC(=O)N(Cc1ccccc1)C(C(C)=O)C(C(=O)Nc1cc(C(F)(F)F)cc(NC)c1C#N)N(Cc1ccccc1)C(=O)OCC,random,84.0,8.734423876530629,True
1155,omics,*C(=N/N=C/c1ccc(Cl)cc1Cl)N1C(=O)c2ccc(-c3ccc4c(c3)C(=O)N(*)C4=O)cc2C1=O,CC(=N/N=C/c1ccc(Cl)cc1Cl)N1C(=O)c2ccc(-c3ccc4c(c3)C(=O)N(C)C4=O)cc2C1=O,coverage,52.0,2.404207673904035,False
1156,PI1M,CNNC(=O)c1ccccc1C,CNNC(=O)c1ccccc1C,coverage,24.0,0.30039397989449834,False
1157,PI1M,COc1ccc(/C(C#N)=C/c2ccc(OCc3ccc(C)cc3)cc2)cc1,COc1ccc(/C(C#N)=C/c2ccc(OCc3ccc(C)cc3)cc2)cc1,coverage,48.0,1.9384826272146733,False
1158,PI1M,Cc1ccc(CC(=O)NC(=O)CCCCOc2ccc(N3C=Cc4ccc(c(=O)c5cc(C(=O)c6ccc7c(c6)C(=O)N(C)C7=O)ccc45)C3=O)cc2)cc1,Cc1ccc(CC(=O)NC(=O)CCCCOc2ccc(N3C=Cc4ccc(c(=O)c5cc(C(=O)c6ccc7c(c6)C(=O)N(C)C7=O)ccc45)C3=O)cc2)cc1,dopt,90.0,10.515630927412102,False
1159,omics,*N=S(*)(=O)NCC,CCNS(C)(=O)=NC,feature,20.0,0.1839474081746623,False
1160,OMG,*Oc1cccc(OC(=O)C23c4ccccc4C(C(*)=O)(c4ccccc42)c2ccccc23)c1Cl,COc1cccc(OC(=O)C23c4ccccc4C(C(C)=O)(c4ccccc42)c2ccccc23)c1Cl,coverage,56.0,2.934599081644776,False
1161,OMG,*OC(C)C(C)OC(=O)C(OC(C)=O)C(OC(C)=O)C(*)=O,COC(C)C(C)OC(=O)C(OC(C)=O)C(OC(C)=O)C(C)=O,coverage,44.0,1.5339481655863532,False
1162,OMG,*OC(C)(C)C(C)(C)OC(=O)C1=CCC=C(C(*)=O)O1,COC(C)(C)C(C)(C)OC(=O)C1=CCC=C(C(C)=O)O1,coverage,42.0,1.3535165667832443,False
1163,omics,*CCCCOc1ccc(C(C)(C)c2ccc(OCC(O)CN(CCO)S(=O)(=O)c3ccc(-c4ccc(S(=O)(=O)N(CCO)CC(O)C*)cc4)cc3)cc2)cc1,CCCCCOc1ccc(C(C)(C)c2ccc(OCC(O)CN(CCO)S(=O)(=O)c3ccc(-c4ccc(S(=O)(=O)N(CCO)CC(O)CC)cc4)cc3)cc2)cc1,dopt,115.0,20.332939817297486,False
1164,PI1M,CCC(OC)[SH](=O)(Cl)Cl,CCC(OC)[SH](=O)(Cl)Cl,dopt,19.0,0.16023971771432066,False
1165,PI1M,CCc1ccc(C(=O)NCCNCC(=O)OC)cc1,CCc1ccc(C(=O)NCCNCC(=O)OC)cc1,random,39.0,1.1088856862834737,True
1166,OMG,*Oc1c(C)c(OC(=O)CCN(CCC(*)=O)S(=O)(=O)c2ccc(C)c(C)c2)cc(C)c1C(=O)OCc1ccccc1,COc1c(C)c(OC(=O)CCN(CCC(C)=O)S(=O)(=O)c2ccc(C)c(C)c2)cc(C)c1C(=O)OCc1ccccc1,coverage,79.0,7.405252308862643,False
1167,PI1M,C/C=C/C1CCCCOC(=O)C1C,C/C=C/C1CCCCOC(=O)C1C,random,31.0,0.597979011686388,True
1168,PI1M,CCCCCCCCCCCCCCCCCNC(=O)C(Cc1ccccc1)C(=O)OC,CCCCCCCCCCCCCCCCCNC(=O)C(Cc1ccccc1)C(=O)OC,coverage,79.0,7.405252308862643,False
1169,OMG,*Oc1ccc2ccccc2c1-c1c(OC(=O)C(OC(=O)c2ccc(OC)cc2)C(OC(=O)c2ccc(OC)cc2)C(*)=O)ccc2ccccc12,COc1ccc(C(=O)OC(C(C)=O)C(OC(=O)c2ccc(OC)cc2)C(=O)Oc2ccc3ccccc3c2-c2c(OC)ccc3ccccc23)cc1,random,86.0,9.30515942952161,True
1170,PI1M,CCC(C)c1cc(CCCCC)ccc1O,CCCCCc1ccc(O)c(C(C)CC)c1,coverage,40.0,1.187037287474881,False
1171,OMG,*OCCOCCOC(=O)C(C)(Cc1cccc(C)c1)C(*)=O,COCCOCCOC(=O)C(C)(Cc1cccc(C)c1)C(C)=O,coverage,49.0,2.04904001620089,False
1172,PI1M,COP(=O)(Oc1ccc(COC(C)=O)cc1)C(=O)OCC#Cc1ccc(/C=C/c2ccc(/N=P/c3ccc(C)cc3)cc2)cc1,COP(=O)(Oc1ccc(COC(C)=O)cc1)C(=O)OCC#Cc1ccc(/C=C/c2ccc(/N=P/c3ccc(C)cc3)cc2)cc1,dopt,76.0,6.672852850107062,False
1173,PolyInfo,*c1ccc(N(*)CCCCCCCCCC)cc1,CCCCCCCCCCN(C)c1ccc(C)cc1,coverage,50.0,2.1634770685187323,False
1174,OMG,*NNC(=O)c1cc(F)c(NNC(=O)c2ccc(F)c(C(*)=O)c2)c(F)c1F,CNNC(=O)c1cc(F)c(NNC(=O)c2ccc(F)c(C(C)=O)c2)c(F)c1F,random,42.0,1.3535165667832443,True
1175,PolyInfo,*C(c1ccoc1)C(*)[N+](=O)[O-],CC(c1ccoc1)C(C)[N+](=O)[O-],feature,23.0,0.2678988587629254,False
1176,OMG,*NC(=S)c1ccc(C(=S)NC(=O)c2c(Cl)c(Cl)c(C(*)=O)c(Cl)c2Cl)c2ccccc12,CNC(=S)c1ccc(C(=S)NC(=O)c2c(Cl)c(Cl)c(C(C)=O)c(Cl)c2Cl)c2ccccc12,dopt,46.0,1.7287872538090088,False
1177,PI1M,CNc1ccc(NC(=O)c2ccc(C(=O)Nc3ccc(C)cc3)cc2)cc1C(C)(C)C,CNc1ccc(NC(=O)c2ccc(C(=O)Nc3ccc(C)cc3)cc2)cc1C(C)(C)C,coverage,60.0,3.533050524994261,False
1178,omics,*CC(*)Oc1ccc(C(=O)Oc2ccc(C#N)cc2)cc1,CCC(C)Oc1ccc(C(=O)Oc2ccc(C#N)cc2)cc1,coverage,39.0,1.1088856862834737,False
1179,OMG,*Oc1ccccc1C(=O)C(=O)c1ccccc1OC(=O)CC1CNCC1CC(*)=O,COc1ccccc1C(=O)C(=O)c1ccccc1OC(=O)CC1CNCC1CC(C)=O,coverage,56.0,2.934599081644776,False
1180,OMG,*Oc1ccccc1OC(=O)C1CCC(C(*)=O)O1,COc1ccccc1OC(=O)C1CCC(C(C)=O)O1,coverage,35.0,0.828831072009792,False
1181,PI1M,CCC(C)(C)C(=O)OCC(O)COC,CCC(C)(C)C(=O)OCC(O)COC,coverage,34.0,0.7666572932453927,False
1182,OMG,*OC1CCCCC1N1CCC(OC(=O)C(OC)C(OC)C(*)=O)CC1,COC1CCCCC1N1CCC(OC(=O)C(OC)C(OC)C(C)=O)CC1,coverage,59.0,3.3768743086298603,False
1183,OMG,*OCC(Br)COC(=O)C(CCC(*)=O)NC(N)=O,COCC(Br)COC(=O)C(CCC(C)=O)NC(N)=O,coverage,38.0,1.0340483823546922,False
1184,PI1M,COc1cc(OCC(C)C)c(C)cc1O,COc1cc(OCC(C)C)c(C)cc1O,coverage,33.0,0.707498434008989,False
1185,omics,*c1cccc(P(=O)(c2ccc(C(F)(F)F)cc2)c2cccc(-n3c(=O)c4c(-c5cc(C(F)(F)F)cc(C(F)(F)F)c5)c5c(=O)n(*)c(=O)c5c(-c5cc(C(F)(F)F)cc(C(F)(F)F)c5)c4c3=O)c2)c1,Cc1cccc(P(=O)(c2ccc(C(F)(F)F)cc2)c2cccc(-n3c(=O)c4c(-c5cc(C(F)(F)F)cc(C(F)(F)F)c5)c5c(=O)n(C)c(=O)c5c(-c5cc(C(F)(F)F)cc(C(F)(F)F)c5)c4c3=O)c2)c1,dopt,94.0,11.820528946214294,False
1186,OMG,*OCC12CCCC(COC(=O)c3cc(C(*)=O)ccc3N)(CC1)CC2,COCC12CCCC(COC(=O)c3cc(C(C)=O)ccc3N)(CC1)CC2,dopt,55.0,2.7957518399460364,False
1187,PI1M,CSSSSSSSSSP(=O)(Cc1ccccc1)C(=O)NCCCCCNC(=O)C(=O)Nc1ccccc1C(C)=O,CSSSSSSSSSP(=O)(Cc1ccccc1)C(=O)NCCCCCNC(=O)C(=O)Nc1ccccc1C(C)=O,dopt,72.0,5.769622518212583,False
1188,omics,*Oc1ccc(C(C)(C)c2ccc(Oc3ccc(C(=O)c4cccc(C(=O)c5cccc(C(=O)c6ccc(*)c(C(C)C)c6)c5)c4)cc3CC)cc2)cc1,CCc1cc(C(=O)c2cccc(C(=O)c3cccc(C(=O)c4ccc(C)c(C(C)C)c4)c3)c2)ccc1Oc1ccc(C(C)(C)c2ccc(OC)cc2)cc1,coverage,100.0,13.96120758869343,False
1189,PI1M,CCC(CO)(COC)OCCCC,CCCCOC(CC)(CO)COC,coverage,35.0,0.828831072009792,False
1190,OMG,*Nc1nonc1-c1nonc1NC(=O)c1cc(Br)cnc1C(*)=O,CNc1nonc1-c1nonc1NC(=O)c1cc(Br)cnc1C(C)=O,dopt,35.0,0.828831072009792,False
1191,PI1M,C/C=C/c1ccc(Oc2ccc(-c3ccc(C)s3)cc2)cc1,C/C=C/c1ccc(Oc2ccc(-c3ccc(C)s3)cc2)cc1,coverage,40.0,1.187037287474881,False
1192,PI1M,COc1ccc(C(C)(C)c2ccc(Oc3ccc(C(c4ccc(C)cc4)(C(F)(F)F)C(F)(F)F)cc3)cc2)c(C)c1,COc1ccc(C(C)(C)c2ccc(Oc3ccc(C(c4ccc(C)cc4)(C(F)(F)F)C(F)(F)F)cc3)cc2)c(C)c1,coverage,71.0,5.556584750444072,False
1193,omics,*N=P(N=P(N=S(*)(=O)NCCC)(NC)NCC=C)(NCC=C)NCC=C,C=CCNP(=NP(=NC)(NCC=C)NCC=C)(N=S(C)(=O)NCCC)NC,dopt,63.0,4.0285528241783775,False
1194,PI1M,Cc1ccc(-c2ccc(/N=C/c3ccc(Oc4cc(OCCCCCCCCCC)c(C)s4)cc3)s2)s1,CCCCCCCCCCOc1cc(Oc2ccc(/C=N/c3ccc(-c4ccc(C)s4)s3)cc2)sc1C,random,74.0,6.210925368545501,True
1195,OMG,*Oc1ccc(C2OCC3(CO2)COC(c2ccc(OC(=O)C4CC(C)C(C)CC4C(*)=O)c(OC)c2)OC3)cc1OC,COc1ccc(C2OCC3(CO2)COC(c2ccc(OC(=O)C4CC(C)C(C)CC4C(C)=O)c(OC)c2)OC3)cc1OC,random,85.0,9.016954844909401,True
1196,OMG,*OC1CN(C(=O)OCc2ccccc2)CC1OC(=O)CCOCCOCCOCCOCCOCCOCCC(*)=O,COC1CN(C(=O)OCc2ccccc2)CC1OC(=O)CCOCCOCCOCCOCCOCCOCCC(C)=O,coverage,90.0,10.515630927412102,False
1197,OMG,*NC(=N)SCCCC(NC(=O)c1ccc(NCCNc2ccc(C(*)=O)cc2)cc1)C(=O)O,CNC(=N)SCCCC(NC(=O)c1ccc(NCCNc2ccc(C(C)=O)cc2)cc1)C(=O)O,random,65.0,4.381874289318153,True
1198,OMG,*OCC(OC(=O)C1OC(C(*)=O)C2C1C(F)(F)C2(F)F)c1c(OC)cccc1OC,COCC(OC(=O)C1OC(C(C)=O)C2C1C(F)(F)C2(F)F)c1c(OC)cccc1OC,coverage,53.0,2.5306091492877196,False
1199,OMG,*Oc1ccc(OC(=O)c2cc(C=O)ccc2C(*)=O)cc1CCl,COc1ccc(OC(=O)c2cc(C=O)ccc2C(C)=O)cc1CCl,random,39.0,1.1088856862834737,True
1200,PI1M,CCCCCCCN(C)C(=O)C(C)C,CCCCCCCN(C)C(=O)C(C)C,coverage,39.0,1.1088856862834737,False
1201,omics,*c1nc(CCCC)c(-c2sc(*)nc2CCCCCC)s1,CCCCCCc1nc(C)sc1-c1sc(C)nc1CCCC,coverage,50.0,2.1634770685187323,False
1202,PI1M,CCCC1CCCCC(COC)CC1,CCCC1CCCCC(COC)CC1,coverage,40.0,1.187037287474881,False
1203,OMG,*OC(C)=NS(=O)(=O)c1ccc(N=NN2CCN(N=Nc3ccc(S(=O)(=O)N=C(C)OC(=O)C(CSCC(*)=O)NC(C)=O)cc3)CC2)cc1,COC(C)=NS(=O)(=O)c1ccc(N=NN2CCN(N=Nc3ccc(S(=O)(=O)N=C(C)OC(=O)C(CSCC(C)=O)NC(C)=O)cc3)CC2)cc1,dopt,87.0,9.599083603550964,False
1204,PI1M,CC1=CC=C2Sc3cc(C)ccc3N=S1C2=O,CC1=CC=C2Sc3cc(C)ccc3N=S1C2=O,feature,28.0,0.4547556347186134,False
1205,OMG,*OC(CCOC(=O)c1[nH]c(C(F)(F)F)nc1C(*)=O)c1ccccc1Br,COC(CCOC(=O)c1[nH]c(C(F)(F)F)nc1C(C)=O)c1ccccc1Br,random,43.0,1.4419597242422257,True
1206,OMG,*OC1C(COC(=O)C(CCC(*)=O)NCc2ccccc2)OC(OCc2ccccc2)C(OCc2ccccc2)C1OCc1ccccc1,COC1C(COC(=O)C(CCC(C)=O)NCc2ccccc2)OC(OCc2ccccc2)C(OCc2ccccc2)C1OCc1ccccc1,coverage,97.0,12.862901673682583,False
1207,PI1M,CCCCCCNC(=O)C(CCCCCCCCCCCCCCCCCCCCCCCCCCCCCC)C(=O)NC,CCCCCCCCCCCCCCCCCCCCCCCCCCCCCCC(C(=O)NC)C(=O)NCCCCCC,coverage,124.0,24.90160373066553,False
1208,PI1M,Cc1ccc([Si](C)(C)[Si](C)(C)O[Si](C)(C)[Si](C)(C)C(=O)N(C)CCO)cc1,Cc1ccc([Si](C)(C)[Si](C)(C)O[Si](C)(C)[Si](C)(C)C(=O)N(C)CCO)cc1,dopt,66.0,4.5655822516472835,False
1209,PI1M,CC(=O)C(C)c1ccc(/N=N/c2ccc(C#N)cc2)cc1,CC(=O)C(C)c1ccc(/N=N/c2ccc(C#N)cc2)cc1,coverage,36.0,0.8940806826961882,False
1210,PI1M,CCNC(=O)NCCNC(=O)OC,CCNC(=O)NCCNC(=O)OC,coverage,28.0,0.4547556347186134,False
1211,PI1M,C/C=C/CC/C=C/C(C)=N[SiH]c1ccc([N+](=O)[O-])cc1,C/C=C/CC/C=C/C(C)=N[SiH]c1ccc([N+](=O)[O-])cc1,dopt,39.0,1.1088856862834737,False
1212,OMG,*Oc1ccc(OC(=O)C2=C(C(*)=O)CSC2)nn1,COc1ccc(OC(=O)C2=C(C(C)=O)CSC2)nn1,coverage,31.0,0.597979011686388,False
1213,PI1M,CCC(O)C(C)OC,CCC(O)C(C)OC,coverage,22.0,0.23770591902308572,False
1214,OMG,*Nc1ccc(Br)c(C(=O)O)c1NC(=O)c1ccc(NCCNc2ccc(C(*)=O)cc2)cc1,CNc1ccc(Br)c(C(=O)O)c1NC(=O)c1ccc(NCCNc2ccc(C(C)=O)cc2)cc1,random,59.0,3.3768743086298603,True
1215,PI1M,COc1ccccc1C(=O)OCCCCCCOC(=O)c1ccccc1NC(=O)CCCCCCCCC(C)=O,COc1ccccc1C(=O)OCCCCCCOC(=O)c1ccccc1NC(=O)CCCCCCCCC(C)=O,coverage,83.0,8.457520383218988,False
1216,PI1M,CCc1ccc(C[Si](C)(C)c2ccccc2)cc1,CCc1ccc(C[Si](C)(C)c2ccccc2)cc1,coverage,40.0,1.187037287474881,False
1217,PI1M,CCCCCCCOc1ccc(/C=C/c2ccc(OC(=O)CCCCCCOC(=O)OC)cc2)cc1,CCCCCCCOc1ccc(/C=C/c2ccc(OC(=O)CCCCCCOC(=O)OC)cc2)cc1,coverage,76.0,6.672852850107062,False
1218,OMG,*NCCCOCCOCCOCCOCCOCCCNC(=O)C(=O)NC(C)C(*)=O,CNCCCOCCOCCOCCOCCOCCCNC(=O)C(=O)NC(C)C(C)=O,coverage,73.0,5.987719929256527,False
1219,PI1M,CCC(C)C1CCCCC1C(C)CC,CCC(C)C1CCCCC1C(C)CC,coverage,42.0,1.3535165667832443,False
1220,OMG,*Oc1c(Br)cc(S(=O)c2cc(Br)c(OC(=O)c3ccc(Br)cc3CC(*)=O)c(Br)c2)cc1Br,COc1c(Br)cc(S(=O)c2cc(Br)c(OC(=O)c3ccc(Br)cc3CC(C)=O)c(Br)c2)cc1Br,dopt,49.0,2.04904001620089,False
1221,PI1M,CC/C=C/C(C)[SH](C)(F)Cl,CC/C=C/C(C)[SH](C)(F)Cl,feature,25.0,0.33525989756051233,False
1222,PI1M,C/C=C/c1ccc(/C=C/c2ccc(C)cc2-c2ccc(C#N)cc2)cc1,C/C=C/c1ccc(/C=C/c2ccc(C)cc2-c2ccc(C#N)cc2)cc1,coverage,47.0,1.8317500939966918,False
1223,PI1M,CCC(C)(C)C(=O)OC(C)C(=O)OC(F)(F)C(F)(F)C(F)(F)C(F)(F)C(F)(F)C(F)(F)C(F)(F)F,CCC(C)(C)C(=O)OC(C)C(=O)OC(F)(F)C(F)(F)C(F)(F)C(F)(F)C(F)(F)C(F)(F)C(F)(F)F,random,50.0,2.1634770685187323,True
1224,OMG,*OCC(OC(=O)C(CCCCc1ccccc1)C(*)=O)c1cccc(C(=O)OC)c1,COCC(OC(=O)C(CCCCc1ccccc1)C(C)=O)c1cccc(C(=O)OC)c1,random,61.0,3.6936882750981668,True
1225,PI1M,CO[Si](C)(C)CCCCCCCCC(F)(F)C(F)(F)F,CO[Si](C)(C)CCCCCCCCC(F)(F)C(F)(F)F,coverage,45.0,1.629538578803666,False
1226,PI1M,CCC1CCN(C)CCS(=O)(=O)C1(C)C,CCC1CCN(C)CCS(=O)(=O)C1(C)C,random,38.0,1.0340483823546922,True
1227,PI1M,COP(=O)(O)SC(C)=O,COP(=O)(O)SC(C)=O,feature,16.0,0.1009266220636141,False
1228,OMG,*OC1(CCOC(=O)C2CCC(C(*)=O)S2)CCOCC1,COC1(CCOC(=O)C2CCC(C(C)=O)S2)CCOCC1,random,45.0,1.629538578803666,True
1229,OMG,*NC1=C(C#N)C(c2ccccc2Br)C(C#N)=C(NC(=O)c2cc(C(*)=O)cc(S(=O)(=O)Cl)c2)N1,CNC1=C(C#N)C(c2ccccc2Br)C(C#N)=C(NC(=O)c2cc(C(C)=O)cc(S(=O)(=O)Cl)c2)N1,dopt,52.0,2.404207673904035,False
1230,PolyInfo,*CC(*)c1cc(C(=O)OCCCCCCCCCC)ccc1-c1ccc(OCCCCCCCC)cc1,CCCCCCCCCCOC(=O)c1ccc(-c2ccc(OCCCCCCCC)cc2)c(C(C)CC)c1,coverage,92.0,11.156095933866299,False
1231,OMG,*Oc1c(C=Nc2ccccc2)cccc1OC(=O)C(CC(*)=O)Cc1ccccc1,COc1c(C=Nc2ccccc2)cccc1OC(=O)C(CC(C)=O)Cc1ccccc1,coverage,56.0,2.934599081644776,False
1232,PI1M,Cc1ccc(Oc2ccc(P(=O)(c3ccccc3)c3ccc(C)cc3)cc2)cc1,Cc1ccc(Oc2ccc(P(=O)(c3ccccc3)c3ccc(C)cc3)cc2)cc1,coverage,52.0,2.404207673904035,False
1233,PI1M,CNc1cccc(NC(=O)CCCCCCC(=O)NC2=CC=C(C(C)C)CC3=CC=C(C=C2)NC(=O)C3=CC=C(CCCC)C(=O)Nc2ccc(C)cc2)c1,CCCCC(=CC=C1C(=O)NC2=CC=C1CC(C(C)C)=CC=C(NC(=O)CCCCCCC(=O)Nc1cccc(NC)c1)C=C2)C(=O)Nc1ccc(C)cc1,dopt,112.0,18.937361326636623,False
1234,PI1M,CO[Si](C)(C)CCOc1ccc(OC(=O)c2ccc(C(C)=O)cc2-c2ccccc2)cc1,CO[Si](C)(C)CCOc1ccc(OC(=O)c2ccc(C(C)=O)cc2-c2ccccc2)cc1,random,60.0,3.533050524994261,True
1235,OMG,*OCCOCCOCCOCCOCCOCCOCCOCCOCCOCCOCCOCCOC(=O)C(N)CC(Cl)C(*)=O,COCCOCCOCCOCCOCCOCCOCCOCCOCCOCCOCCOCCOC(=O)C(N)CC(Cl)C(C)=O,coverage,108.0,17.172474767285724,False
1236,PI1M,CN=P(C)(OCC(F)(F)F)OCC(F)(F)C(F)(F)C(F)(F)F,CN=P(C)(OCC(F)(F)F)OCC(F)(F)C(F)(F)C(F)(F)F,coverage,32.0,0.6512930237899227,False
1237,PI1M,CCCCCCCCCCCCCOC(=O)c1ccc(NC(=O)CCCCCN2CCN(C)CC2)cc1,CCCCCCCCCCCCCOC(=O)c1ccc(NC(=O)CCCCCN2CCN(C)CC2)cc1,random,90.0,10.515630927412102,True
1238,PI1M,Cc1ccc(Sc2ccc(-n3nc(C)s3)cc2)cc1,Cc1ccc(Sc2ccc(-n3nc(C)s3)cc2)cc1,feature,33.0,0.707498434008989,False
1239,PI1M,CCc1ccc(Sc2ccc(Cc3ccc(N=C)cc3)cc2)cc1,C=Nc1ccc(Cc2ccc(Sc3ccc(CC)cc3)cc2)cc1,coverage,45.0,1.629538578803666,False
1240,OMG,*Oc1nc(C)cc(OC(=O)C2CCC2C(*)=O)c1C(=O)OCC,CCOC(=O)c1c(OC(=O)C2CCC2C(C)=O)cc(C)nc1OC,coverage,45.0,1.629538578803666,False
1241,PI1M,COc1ccc(OC(=O)OCCCCCCOC(C)=O)cc1,COc1ccc(OC(=O)OCCCCCCOC(C)=O)cc1,coverage,44.0,1.5339481655863532,False
1242,OMG,*Oc1cscc1OC(=O)C1(CC(*)=O)CCOCC1,COc1cscc1OC(=O)C1(CC(C)=O)CCOCC1,coverage,38.0,1.0340483823546922,False
1243,PI1M,CCCCCCCCCCCCCCCCCOc1ccc(C(=O)NCCCCCCNC(=O)c2ccc(C)cc2)cc1,CCCCCCCCCCCCCCCCCOc1ccc(C(=O)NCCCCCCNC(=O)c2ccc(C)cc2)cc1,coverage,103.0,15.11663472847618,False
1244,PI1M,Cc1cc(OCCOCCOC)c(C)cc1OCCCC,CCCCOc1cc(C)c(OCCOCCOC)cc1C,coverage,49.0,2.04904001620089,False
1245,PI1M,CCCCCCCCCCCCCCCCC(=O)Nc1ccc(Cc2ccc(NSCc3ccc(OC)cc3)cc2)cc1,CCCCCCCCCCCCCCCCC(=O)Nc1ccc(Cc2ccc(NSCc3ccc(OC)cc3)cc2)cc1,random,97.0,12.862901673682583,True
1246,PI1M,C/C=[PH](/C)[SH](C)(C)C,C/C=[PH](/C)[SH](C)(C)C,feature,26.0,0.372564345698904,False
1247,PI1M,CCC(C)(C)C(=O)OCCCCCCOc1ccc(C(=O)Oc2ccccc2)cc1,CCC(C)(C)C(=O)OCCCCCCOc1ccc(C(=O)Oc2ccccc2)cc1,coverage,62.0,3.858838735716932,False
1248,OMG,*OCc1ccc(COC(=O)C2CSCN2C(=O)C(*)=O)cc1,COCc1ccc(COC(=O)C2CSCN2C(=O)C(C)=O)cc1,coverage,42.0,1.3535165667832443,False
1249,PI1M,CN=[PH]([PH]=C)c1cc(Cl)c(Cl)cc1I,C=[PH][PH](=NC)c1cc(Cl)c(Cl)cc1I,feature,23.0,0.2678988587629254,False
1250,PI1M,CCCN(CCOC(=O)c1ccc(C(=O)[SH]C)cc1)OC(=O)c1ccccc1,CCCN(CCOC(=O)c1ccc(C(=O)[SH]C)cc1)OC(=O)c1ccccc1,random,52.0,2.404207673904035,True
1251,OMG,*Oc1cc(COC)ccc1OC(=O)C(OC(=O)C(C)(C)C)C(OC(=O)C(C)(C)C)C(*)=O,COCc1ccc(OC(=O)C(OC(=O)C(C)(C)C)C(OC(=O)C(C)(C)C)C(C)=O)c(OC)c1,coverage,67.0,4.754055023099274,False
1252,OMG,*Oc1cc(C)ccc1OC(=O)C1(C(*)=O)CC(OC)C1,COc1cc(C)ccc1OC(=O)C1(C(C)=O)CC(OC)C1,coverage,41.0,1.2685615949723126,False
1253,PI1M,COc1ccc(C(C)(C)c2ccc(OC(C)=O)c(OCCCCCCCCCCCCCC)c2)cc1OC,CCCCCCCCCCCCCCOc1cc(C(C)(C)c2ccc(OC)c(OC)c2)ccc1OC(C)=O,coverage,88.0,9.898773174753035,False
1254,PI1M,CC[Si](C)(C)CCCCCCCCCC,CCCCCCCCCC[Si](C)(C)CC,coverage,47.0,1.8317500939966918,False
1255,OMG,*Oc1c(OC)ccc(OC(=O)C2(C(*)=O)CC(OC)C2)c1N,COc1ccc(OC(=O)C2(C(C)=O)CC(OC)C2)c(N)c1OC,random,44.0,1.5339481655863532,True
1256,OMG,*OC1(CNCCCOC(=O)C(CC(*)=O)NCC(F)(F)F)CCC1,COC1(CNCCCOC(=O)C(CC(C)=O)NCC(F)(F)F)CCC1,random,52.0,2.404207673904035,True
1257,PI1M,COC(=O)c1cccc(C(=O)NCCCCCCCCNC(=O)c2cccc(C(C)=O)c2)c1,COC(=O)c1cccc(C(=O)NCCCCCCCCNC(=O)c2cccc(C(C)=O)c2)c1,coverage,65.0,4.381874289318153,False
1258,OMG,*Nc1cccc(NC(=O)CCNC(=O)C(F)(F)C(F)(F)C(=O)NCCC(*)=O)c1F,CNc1cccc(NC(=O)CCNC(=O)C(F)(F)C(F)(F)C(=O)NCCC(C)=O)c1F,coverage,52.0,2.404207673904035,False
1259,OMG,*Oc1ccc(-c2ccc(-c3ccc(OC(=O)c4cccc(NCC(*)=O)c4)cc3)cc2)cc1,COc1ccc(-c2ccc(-c3ccc(OC(=O)c4cccc(NCC(C)=O)c4)cc3)cc2)cc1,coverage,59.0,3.3768743086298603,False
1260,PI1M,CC=C(C)C#CC[Si](C)(C)C,CC=C(C)C#CC[Si](C)(C)C,random,29.0,0.49977393112088747,True
1261,PI1M,COc1ccc(/N=N/c2ccc(OC(=O)NCCCCCCCCNC(C)=O)cc2)cc1,COc1ccc(/N=N/c2ccc(OC(=O)NCCCCCCCCNC(C)=O)cc2)cc1,coverage,64.0,4.202881203832011,False
1262,PI1M,CCCN(C)Cc1ccccc1C(CCCC)=C(C)C,CCCCC(=C(C)C)c1ccccc1CN(C)CCC,random,51.0,2.2818482460254073,True
1263,OMG,*OC1C(OC(=O)Cc2ccc(CC(*)=O)s2)OC(COCc2ccccc2)C(OCc2ccccc2)C1OCc1ccccc1,COC1C(OC(=O)Cc2ccc(CC(C)=O)s2)OC(COCc2ccccc2)C(OCc2ccccc2)C1OCc1ccccc1,random,86.0,9.30515942952161,True
1264,PI1M,Cc1ccc([Si](C)(C)C[Si](C)(C)c2ccc([Si](C)(C)C=C)cc2)cc1,C=C[Si](C)(C)c1ccc([Si](C)(C)C[Si](C)(C)c2ccc(C)cc2)cc1,dopt,59.0,3.3768743086298603,False
1265,OMG,*OC1C2CCC(CC2)C1OC(=O)C12c3ccccc3C(C(*)=O)(c3ccccc31)c1ccccc12,COC1C2CCC(CC2)C1OC(=O)C12c3ccccc3C(C(C)=O)(c3ccccc31)c1ccccc12,dopt,66.0,4.5655822516472835,False
1266,PI1M,C/N=N/NCNC(C)=O,C/N=N/NCNC(C)=O,feature,19.0,0.16023971771432066,False
1267,PI1M,CNc1cccc(S(=O)(=O)NCCCCCCNC(C)=O)c1,CNc1cccc(S(=O)(=O)NCCCCCCNC(C)=O)c1,coverage,47.0,1.8317500939966918,False
1268,PI1M,CCCOC(=O)CCC(C)=O,CCCOC(=O)CCC(C)=O,coverage,25.0,0.33525989756051233,False
1269,PI1M,CCC(C)c1ccccc1C(=O)OCCOCCCCCCCCO,CCC(C)c1ccccc1C(=O)OCCOCCCCCCCCO,random,59.0,3.3768743086298603,True
1270,PolyInfo,*C(=O)c1ccc2c(c1)C(=O)N(c1cc(N3C(=O)c4ccc(*)cc4C3=O)c(C)cc1C)C2=O,CC(=O)c1ccc2c(c1)C(=O)N(c1cc(N3C(=O)c4ccc(C)cc4C3=O)c(C)cc1C)C2=O,coverage,54.0,2.6611061495015087,False
1271,OMG,*OC(CCl)C(COc1ccc(OC)cc1)OC(=O)c1cccc(NCC(*)=O)c1,COc1ccc(OCC(OC(=O)c2cccc(NCC(C)=O)c2)C(CCl)OC)cc1,coverage,56.0,2.934599081644776,False
1272,PI1M,CO[Si](C)(C)CNC(=O)c1ccc(C(C)=O)cc1,CO[Si](C)(C)CNC(=O)c1ccc(C(C)=O)cc1,random,37.0,0.9624665003915307,True
1273,PI1M,CCC(C)(Cl)C(=O)OC(C)OC(C)CC,CCC(C)OC(C)OC(=O)C(C)(Cl)CC,random,36.0,0.8940806826961882,True
1274,OMG,*OCCN(CCOC(=O)CCN(CCC(*)=O)S(=O)(=O)c1ccc(F)cc1)S(=O)(=O)c1ccc(OCCOc2ccc(C)cc2)cc1,COCCN(CCOC(=O)CCN(CCC(C)=O)S(=O)(=O)c1ccc(F)cc1)S(=O)(=O)c1ccc(OCCOc2ccc(C)cc2)cc1,coverage,89.0,10.204273787941979,False
1275,PI1M,CCCCN(CC)C(=O)CCCCCCCCC(=O)N(C)CC,CCCCN(CC)C(=O)CCCCCCCCC(=O)N(C)CC,coverage,61.0,3.6936882750981668,False
1276,omics,*N(CCCC)c1ccc(Cc2ccc(N(*)CC(C)CC)c(C)c2)cc1C,CCCCN(C)c1ccc(Cc2ccc(N(C)CC(C)CC)c(C)c2)cc1C,random,68.0,4.947342301951497,True
1277,OMG,*OC(COC(=O)C(CCCN)C(*)=O)C1CC1,COC(COC(=O)C(CCCN)C(C)=O)C1CC1,coverage,41.0,1.2685615949723126,False
1278,OMG,*Oc1nc(C(=O)OC)ccc1OC(=O)C(CC(*)=O)c1ccccc1Cl,COC(=O)c1ccc(OC(=O)C(CC(C)=O)c2ccccc2Cl)c(OC)n1,random,45.0,1.629538578803666,True
1279,PI1M,COc1ccc(OC(=O)OCC(C)OC(C)=O)cc1,COc1ccc(OC(=O)OCC(C)OC(C)=O)cc1,coverage,35.0,0.828831072009792,False
1280,OMG,*NC(=NN=Cc1ccc(N(C)C)cc1)C(=NN=Cc1ccc(N(C)C)cc1)NC(=O)c1cccc(N=Cc2ccc(C=Nc3cccc(C(*)=O)c3)cc2)c1,CNC(=NN=Cc1ccc(N(C)C)cc1)C(=NN=Cc1ccc(N(C)C)cc1)NC(=O)c1cccc(N=Cc2ccc(C=Nc3cccc(C(C)=O)c3)cc2)c1,dopt,100.0,13.96120758869343,False
1281,OMG,*Oc1cc(P(=O)(OCC)OCC)c(OC(=O)C2C3CCC(O3)C2C(*)=O)cc1P(=O)(OCC)OCC,CCOP(=O)(OCC)c1cc(OC(=O)C2C3CCC(O3)C2C(C)=O)c(P(=O)(OCC)OCC)cc1OC,dopt,73.0,5.987719929256527,False
1282,PI1M,CCCOC(=O)COCCOCC(=O)OC,CCCOC(=O)COCCOCC(=O)OC,coverage,34.0,0.7666572932453927,False
1283,PI1M,CCC(C)c1cc(Br)c(Cl)cc1Br,CCC(C)c1cc(Br)c(Cl)cc1Br,coverage,24.0,0.30039397989449834,False
1284,PI1M,C[SiH][SH](C)(=O)Cl,C[SiH][SH](C)(=O)Cl,feature,14.0,0.07047050774391327,False
1285,OMG,*Oc1cc(OC(=O)C(C)(C)OC(C)(C)C(*)=O)ncn1,COc1cc(OC(=O)C(C)(C)OC(C)(C)C(C)=O)ncn1,coverage,41.0,1.2685615949723126,False
1286,PI1M,CCC(c1ccccc1)C(C)(C)C(C)=O,CCC(c1ccccc1)C(C)(C)C(C)=O,coverage,35.0,0.828831072009792,False
1287,omics,*/C=C/c1ccc(/C=C/c2ccc(/C=C/*)c3nsnc23)s1,C/C=C/c1ccc(/C=C/c2ccc(/C=C/C)c3nsnc23)s1,dopt,38.0,1.0340483823546922,False
1288,PI1M,CCCCCCCCOc1ccc(NC(=O)c2ccc(C(=O)Nc3ccc(-c4ccc(NC)cc4)cc3)cc2)cc1,CCCCCCCCOc1ccc(NC(=O)c2ccc(C(=O)Nc3ccc(-c4ccc(NC)cc4)cc3)cc2)cc1,coverage,80.0,7.66011076664799,False
1289,PI1M,CNc1ccc(C(=O)NOC(=O)c2ccc(S(C)(=O)=O)cc2)cc1,CNc1ccc(C(=O)NOC(=O)c2ccc(S(C)(=O)=O)cc2)cc1,random,40.0,1.187037287474881,True
1290,PI1M,COC(=O)CSCCCCCSCCC(C)=O,COC(=O)CSCCCCCSCCC(C)=O,coverage,39.0,1.1088856862834737,False
1291,PI1M,COc1ccc(OC(=O)c2ccc(C(C)=O)c(C(C)C)c2)cc1C,COc1ccc(OC(=O)c2ccc(C(C)=O)c(C(C)C)c2)cc1C,coverage,46.0,1.7287872538090088,False
1292,PI1M,CN=P(C)(Br)Oc1ccc(-c2ccc([N+](=O)[O-])cc2)cc1,CN=P(C)(Br)Oc1ccc(-c2ccc([N+](=O)[O-])cc2)cc1,feature,35.0,0.828831072009792,False
1293,omics,*c1nc(-c2ccccc2)nc(N(C)CCCCCCCN(c2ccccc2)c2nc(*)nc(-c3ccccc3)n2)n1,Cc1nc(-c2ccccc2)nc(N(C)CCCCCCCN(c2ccccc2)c2nc(C)nc(-c3ccccc3)n2)n1,coverage,80.0,7.66011076664799,False
1294,OMG,*NCc1ccc(NC(=O)C(C)(C)SC(=S)SC(C)(C)C(*)=O)cc1,CNCc1ccc(NC(=O)C(C)(C)SC(=S)SC(C)(C)C(C)=O)cc1,coverage,51.0,2.2818482460254073,False
1295,PI1M,Cc1ccc(-c2ccc(-n3c(=O)c4cc5c(=O)n(C)c(=O)c5cc4c3=O)cc2C)cc1,Cc1ccc(-c2ccc(-n3c(=O)c4cc5c(=O)n(C)c(=O)c5cc4c3=O)cc2C)cc1,coverage,49.0,2.04904001620089,False
1296,PI1M,CCCOCCOCCOCCOCCCCOC(=O)c1ccc(C(=O)NCCCCCCCNC(=O)c2ccc(C(=O)OC)cc2)cc1,CCCOCCOCCOCCOCCCCOC(=O)c1ccc(C(=O)NCCCCCCCNC(=O)c2ccc(C(=O)OC)cc2)cc1,random,103.0,15.11663472847618,True
1297,PI1M,CCC(C)(C)C(=O)OCC(C)(CC)c1ccccc1,CCC(C)(C)C(=O)OCC(C)(CC)c1ccccc1,coverage,45.0,1.629538578803666,False
1298,PI1M,CO[PH](C)(OCCCCCCCCCCCC)OCCCCCCCCCCCCCCCCCC,CCCCCCCCCCCCCCCCCCO[PH](C)(OC)OCCCCCCCCCCCC,dopt,105.0,15.919235194198889,False
1299,OMG,*Nc1cc(C(=O)OC)c(O)cc1NC(=O)C(c1ccccc1)C(C(*)=O)c1ccccc1,CNc1cc(C(=O)OC)c(O)cc1NC(=O)C(c1ccccc1)C(C(C)=O)c1ccccc1,random,59.0,3.3768743086298603,True
1300,PI1M,Cc1ccc(Oc2ccc(C(C)(C)c3ccc(Oc4ccc5cc(c4=O)N5C(=O)c4ccc(Oc5ccc(Oc6ccc7c(c6)C(=O)N(C)C7=O)cc5)cc4)cc3)cc2)cc1,Cc1ccc(Oc2ccc(C(C)(C)c3ccc(Oc4ccc5cc(c4=O)N5C(=O)c4ccc(Oc5ccc(Oc6ccc7c(c6)C(=O)N(C)C7=O)cc5)cc4)cc3)cc2)cc1,dopt,99.0,13.588817252236698,False
1301,omics,*CC(*)C(=O)OC(C)CCCC,CCCCC(C)OC(=O)C(C)CC,coverage,35.0,0.828831072009792,False
1302,PI1M,C/C=C(/C)C#C[Si]c1ccc(OCC(C)C)cc1,C/C=C(/C)C#C[Si]c1ccc(OCC(C)C)cc1,dopt,38.0,1.0340483823546922,False
1303,PI1M,CO[Si](C)(C)O[Si](C)(C)c1ccc(C)cc1Br,CO[Si](C)(C)O[Si](C)(C)c1ccc(C)cc1Br,coverage,38.0,1.0340483823546922,False
1304,OMG,*OC(c1cccc2ccccc12)(c1cccc2ccccc12)C1OC(C)(C)OC1C(OC(=O)C12c3ccccc3C(C(*)=O)(c3ccccc31)c1ccccc12)(c1cccc2ccccc12)c1cccc2ccccc12,COC(c1cccc2ccccc12)(c1cccc2ccccc12)C1OC(C)(C)OC1C(OC(=O)C12c3ccccc3C(C(C)=O)(c3ccccc31)c1ccccc12)(c1cccc2ccccc12)c1cccc2ccccc12,dopt,131.0,28.865744948045254,False
1305,omics,*CC(*)c1cc(C)c(C(C)C)cc1C,CCC(C)c1cc(C)c(C(C)C)cc1C,coverage,39.0,1.1088856862834737,False
1306,PI1M,CCCCCCCCCCCCCCCCOC(=O)c1ccc(NC(=O)CCCCCCCCCCC(=O)Nc2ccc(OC)cc2)cc1,CCCCCCCCCCCCCCCCOC(=O)c1ccc(NC(=O)CCCCCCCCCCC(=O)Nc2ccc(OC)cc2)cc1,coverage,115.0,20.332939817297486,False
1307,OMG,*OCC(OC(=O)C12c3ccccc3C(C(*)=O)(c3ccccc31)c1ccccc12)c1ccc(C)cc1F,COCC(OC(=O)C12c3ccccc3C(C(C)=O)(c3ccccc31)c1ccccc12)c1ccc(C)cc1F,random,65.0,4.381874289318153,True
1308,OMG,*Oc1c(C(C)=O)cc(C(C)=O)c(OC(=O)C2C(c3ccc(OC)cc3)C(C(*)=O)C2c2ccc(OC)cc2)c1C,COc1ccc(C2C(C(C)=O)C(c3ccc(OC)cc3)C2C(=O)Oc2c(C(C)=O)cc(C(C)=O)c(OC)c2C)cc1,random,75.0,6.439287015998562,True
1309,OMG,*OC1C(C)OC(OC(=O)C(C)(C(*)=O)C(C)C)CC1(C)OC,COC1C(C)OC(OC(=O)C(C)(C(C)=O)C(C)C)CC1(C)OC,coverage,53.0,2.5306091492877196,False
1310,OMG,*Nc1ccc(Nc2ccc(NC(=O)c3nc(C)c(C)nc3C(*)=O)cc2)cc1,CNc1ccc(Nc2ccc(NC(=O)c3nc(C)c(C)nc3C(C)=O)cc2)cc1,coverage,52.0,2.404207673904035,False
1311,OMG,*Oc1cc(Br)cc(F)c1COC(=O)C1(C(*)=O)CC2(CCOCC2)C1,COc1cc(Br)cc(F)c1COC(=O)C1(C(C)=O)CC2(CCOCC2)C1,random,48.0,1.9384826272146733,True
1312,PI1M,CCCCCCCCNC(=O)CCCCC(=O)NCCCCCSCCCCCCCC,CCCCCCCCNC(=O)CCCCC(=O)NCCCCCSCCCCCCCC,coverage,86.0,9.30515942952161,False
1313,OMG,*Nc1ccc(C(=O)c2ccc(NC(=O)c3ccc(C(=O)OCC)cc3C(*)=O)cc2)cc1,CCOC(=O)c1ccc(C(=O)Nc2ccc(C(=O)c3ccc(NC)cc3)cc2)c(C(C)=O)c1,coverage,57.0,3.0777004384750812,False
1314,OMG,*Oc1cccc2cccc(OC(=O)C(C)(Cc3ccccc3Cl)C(*)=O)c12,COc1cccc2cccc(OC(=O)C(C)(Cc3ccccc3Cl)C(C)=O)c12,random,49.0,2.04904001620089,True
1315,OMG,*OC(COC(=O)c1cccc(NCC(*)=O)c1)c1c(F)ccc(Cl)c1F,COC(COC(=O)c1cccc(NCC(C)=O)c1)c1c(F)ccc(Cl)c1F,random,45.0,1.629538578803666,True
1316,OMG,*Oc1ccc(OC(=O)C2(C(*)=O)CCOCC2)cc1Br,COc1ccc(OC(=O)C2(C(C)=O)CCOCC2)cc1Br,coverage,38.0,1.0340483823546922,False
1317,PI1M,Cc1cccc(C(C)O)c1,Cc1cccc(C(C)O)c1,coverage,22.0,0.23770591902308572,False
1318,OMG,*OCCOC(=O)c1ccccc1C(=O)OCCOC(=O)C12COCC(C(*)=O)(C1)C2,COCCOC(=O)c1ccccc1C(=O)OCCOC(=O)C12COCC(C(C)=O)(C1)C2,coverage,57.0,3.0777004384750812,False
1319,OMG,*NC(=S)c1ccc(Sc2ccc(C(=S)NC(=O)C3CCC4(CCC(C(*)=O)CC4)CC3)s2)s1,CNC(=S)c1ccc(Sc2ccc(C(=S)NC(=O)C3CCC4(CCC(C(C)=O)CC4)CC3)s2)s1,dopt,64.0,4.202881203832011,False
1320,OMG,*OCCn1c(=O)n(CCCl)c(=O)n(CCOC(=O)C(CCC(*)=O)NC(=O)CBr)c1=O,COCCn1c(=O)n(CCCl)c(=O)n(CCOC(=O)C(CCC(C)=O)NC(=O)CBr)c1=O,dopt,58.0,3.2251081841016833,False
1321,OMG,*Oc1cc(C(=O)C(=O)c2ccc(OC)c(OC(=O)c3cc(C(*)=O)c(Cl)nc3C)c2)ccc1OC,COc1ccc(C(=O)C(=O)c2ccc(OC)c(OC(=O)c3cc(C(C)=O)c(Cl)nc3C)c2)cc1OC,random,58.0,3.2251081841016833,True
1322,PI1M,CO[Si](C)(C)O[Si](C)(C)O[Si](C)(C)c1ccc([Si](C)(c2ccccc2)c2ccccc2)cc1,CO[Si](C)(C)O[Si](C)(C)O[Si](C)(C)c1ccc([Si](C)(c2ccccc2)c2ccccc2)cc1,coverage,71.0,5.556584750444072,False
1323,PI1M,CN=P(C)(CCl)[PH](F)(Cl)Cl,CN=P(C)(CCl)[PH](F)(Cl)Cl,feature,19.0,0.16023971771432066,False
1324,PI1M,CCC(OC(C)=O)c1ccc(S(=O)(=O)Oc2ccc(/C(C)=N/c3ccc(OC)cc3)cc2)c(C)c1,CCC(OC(C)=O)c1ccc(S(=O)(=O)Oc2ccc(/C(C)=N/c3ccc(OC)cc3)cc2)c(C)c1,random,64.0,4.202881203832011,True
1325,omics,*CC(*)(C)C(=O)NC(C)CCC,CCCC(C)NC(=O)C(C)(C)CC,coverage,36.0,0.8940806826961882,False
1326,PI1M,CCCCNC(=O)N(NC(=O)c1cccc(C(=O)Nc2ccc(NC(=O)c3ccc(C)cc3)cc2)c1)c1ccccc1,CCCCNC(=O)N(NC(=O)c1cccc(C(=O)Nc2ccc(NC(=O)c3ccc(C)cc3)cc2)c1)c1ccccc1,random,75.0,6.439287015998562,True
1327,PI1M,CCOC(=O)c1ccc(S(C)(=O)=O)cc1,CCOC(=O)c1ccc(S(C)(=O)=O)cc1,coverage,27.0,0.41237422298650106,False
1328,PI1M,CCC(P)(COC(=O)OC)C(C)(C)CC(C)(C)C,CCC(P)(COC(=O)OC)C(C)(C)CC(C)(C)C,dopt,47.0,1.8317500939966918,False
1329,PI1M,CCC(CC)COC(=O)NCCCCCCNC(=O)OC,CCC(CC)COC(=O)NCCCCCCNC(=O)OC,coverage,51.0,2.2818482460254073,False
1330,PI1M,CCC=C(C)COC(=O)c1cc(NC(=O)OC)c(C)cc1C,CCC=C(C)COC(=O)c1cc(NC(=O)OC)c(C)cc1C,random,45.0,1.629538578803666,True
1331,PI1M,CC(=O)c1c2cnc(C)n(-c3ccccc3)oc1-2,CC(=O)c1c2cnc(C)n(-c3ccccc3)oc1-2,feature,30.0,0.5474937425136082,False
1332,OMG,*OC1CCOC1COC(=O)c1nccc(C(*)=O)c1N,COC1CCOC1COC(=O)c1nccc(C(C)=O)c1N,random,39.0,1.1088856862834737,True
1333,PI1M,COc1ccc(-c2ccc(OS(=O)(=O)c3ccc(Oc4ccc(C=Cc5ccc(C)cc5)cc4)cc3)cc2)cc1,COc1ccc(-c2ccc(OS(=O)(=O)c3ccc(Oc4ccc(C=Cc5ccc(C)cc5)cc4)cc3)cc2)cc1,random,68.0,4.947342301951497,True
1334,OMG,*OCN1c2nonc2N(COC(=O)C(CSCC(*)=O)NC(C)=O)c2nonc21,COCN1c2nonc2N(COC(=O)C(CSCC(C)=O)NC(C)=O)c2nonc21,dopt,49.0,2.04904001620089,False
1335,PI1M,CCOC(=O)c1ccc2n(CC(=O)NC)nc-2c(OCCOC)c1,CCOC(=O)c1ccc2n(CC(=O)NC)nc-2c(OCCOC)c1,dopt,45.0,1.629538578803666,False
1336,PI1M,COc1ccc(-c2ccc(OC(=O)c3ccc(C(C)=O)cc3Br)c(C)c2)cc1C,COc1ccc(-c2ccc(OC(=O)c3ccc(C(C)=O)cc3Br)c(C)c2)cc1C,coverage,50.0,2.1634770685187323,False
1337,OMG,*Nc1cc(C(=O)OCC)c(NC(=O)C2(C(*)=O)CC3(CC(=O)C3)C2)cc1F,CCOC(=O)c1cc(NC)c(F)cc1NC(=O)C1(C(C)=O)CC2(CC(=O)C2)C1,random,51.0,2.2818482460254073,True
1338,PI1M,CCCCCCCCCCCOC(=O)NCCCCCCNC(C)=O,CCCCCCCCCCCOC(=O)NCCCCCCNC(C)=O,coverage,65.0,4.381874289318153,False
1339,OMG,*OC1=C(C(C2=C(OC(=O)c3cc(OC)cc(C(*)=O)n3)CCCC2=O)c2ccccc2)C(=O)CCC1,COC1=C(C(C2=C(OC(=O)c3cc(OC)cc(C(C)=O)n3)CCCC2=O)c2ccccc2)C(=O)CCC1,coverage,66.0,4.5655822516472835,False
1340,PI1M,Cc1ccc(N=C)n1Cl,C=Nc1ccc(C)n1Cl,feature,16.0,0.1009266220636141,False
1341,PI1M,CC(F)(F)C(F)(F)C(C)(F)C(F)(F)C(F)(F)C(F)(F)C(F)(F)C(F)(F)C(F)(F)C(F)(F)C(F)(F)C(F)(F)F,CC(F)(F)C(F)(F)C(C)(F)C(F)(F)C(F)(F)C(F)(F)C(F)(F)C(F)(F)C(F)(F)C(F)(F)C(F)(F)C(F)(F)F,coverage,44.0,1.5339481655863532,False
1342,OMG,*OCC(Br)C(COC(=O)C1NC(C(*)=O)CS1)OC,COCC(Br)C(COC(=O)C1NC(C(C)=O)CS1)OC,random,40.0,1.187037287474881,True
1343,PI1M,CCC(C)(CC(=O)Oc1ccc(Cl)cc1)OC(=O)c1ccccc1,CCC(C)(CC(=O)Oc1ccc(Cl)cc1)OC(=O)c1ccccc1,coverage,43.0,1.4419597242422257,False
1344,PI1M,CCCCS(=O)(=O)CCCSC,CCCCS(=O)(=O)CCCSC,coverage,30.0,0.5474937425136082,False
1345,omics,*OCCOCCNC(=O)CCCCC(O)CCCCOC(=O)NCCOCCOCCNC(=O)O*,COCCOCCNC(=O)CCCCC(O)CCCCOC(=O)NCCOCCOCCNC(=O)OC,random,84.0,8.734423876530629,True
1346,omics,*N=P(*)(OCCOCCOCCCC)Oc1cccc(-c2ccccc2)c1,CCCCOCCOCCOP(C)(=NC)Oc1cccc(-c2ccccc2)c1,random,60.0,3.533050524994261,True
1347,PI1M,C/C=C/C1CCC(COC(=O)NCCCCCCCCC(=O)OC)C1,C/C=C/C1CCC(COC(=O)NCCCCCCCCC(=O)OC)C1,random,60.0,3.533050524994261,True
1348,PI1M,Cc1nc(N2ON(c3ccccc3)O2)c(C)s1,Cc1nc(N2ON(c3ccccc3)O2)c(C)s1,dopt,28.0,0.4547556347186134,False
1349,PI1M,CC(=O)OC1COC(C)C1,CC(=O)OC1COC(C)C1,coverage,22.0,0.23770591902308572,False
1350,PI1M,CN=P(C)(OCCOCCOCCOCCOCCOCCOC)OCCOCCOCCOCCOCCOCCOCCOCCOCCOC,CN=P(C)(OCCOCCOCCOCCOCCOCCOC)OCCOCCOCCOCCOCCOCCOCCOCCOCCOC,dopt,125.0,25.445495929804235,False
1351,PI1M,CN=P(C)(F)c1c(F)c(F)c(I)c(F)c1F,CN=P(C)(F)c1c(F)c(F)c(I)c(F)c1F,feature,22.0,0.23770591902308572,False
1352,PI1M,CN=P(C)(O[Si](F)(F)F)C(F)(F)F,CN=P(C)(O[Si](F)(F)F)C(F)(F)F,feature,19.0,0.16023971771432066,False
1353,OMG,*OC(COC(=O)CSCCC(*)=O)(C1=CCC2(CC1)OCCO2)C(F)(F)F,COC(COC(=O)CSCCC(C)=O)(C1=CCC2(CC1)OCCO2)C(F)(F)F,coverage,53.0,2.5306091492877196,False
1354,PI1M,CCCC(CC)COC(=O)C(C)CC(=O)OC,CCCC(CC)COC(=O)C(C)CC(=O)OC,random,41.0,1.2685615949723126,True
1355,OMG,*OC(CSc1ccccc1)C(CCl)OC(=O)C(CCC(*)=O)N(Cc1ccccc1)Cc1ccccc1,COC(CSc1ccccc1)C(CCl)OC(=O)C(CCC(C)=O)N(Cc1ccccc1)Cc1ccccc1,coverage,74.0,6.210925368545501,False
1356,PI1M,CCCCCCCCCCCOC(=O)c1ccc(C(=O)NCCCCNC(=O)c2ccc(C)o2)o1,CCCCCCCCCCCOC(=O)c1ccc(C(=O)NCCCCNC(=O)c2ccc(C)o2)o1,coverage,75.0,6.439287015998562,False
1357,PI1M,CCC(CC)C(C)CC(=O)OC,CCC(CC)C(C)CC(=O)OC,coverage,32.0,0.6512930237899227,False
1358,OMG,*OCN1c2nonc2N(COC(=O)c2ccc(F)cc2CC(*)=O)c2nonc21,COCN1c2nonc2N(COC(=O)c2ccc(F)cc2CC(C)=O)c2nonc21,dopt,45.0,1.629538578803666,False
1359,OMG,*Oc1ccc(Cl)cc1C(c1cc(Cl)ccc1OC(=O)c1ccc(Cl)c2c(Cl)ccc(C(*)=O)c12)C(Cl)(Cl)Cl,COc1ccc(Cl)cc1C(c1cc(Cl)ccc1OC(=O)c1ccc(Cl)c2c(Cl)ccc(C(C)=O)c12)C(Cl)(Cl)Cl,dopt,56.0,2.934599081644776,False
1360,omics,*c1cnc2cc(-c3ccc4nc(-c5ccc(-c6ccc7nc(-c8ccccc8)c(-c8c(*)c(Cl)c(Cl)c(Cl)c8Cl)nc7c6)cc5)cnc4c3)ccc2n1,Cc1cnc2cc(-c3ccc4nc(-c5ccc(-c6ccc7nc(-c8ccccc8)c(-c8c(C)c(Cl)c(Cl)c(Cl)c8Cl)nc7c6)cc5)cnc4c3)ccc2n1,dopt,80.0,7.66011076664799,False
1361,PI1M,C/N=N/c1cccc([N+](=O)[O-])c1C,C/N=N/c1cccc([N+](=O)[O-])c1C,feature,22.0,0.23770591902308572,False
1362,omics,*CCCCCCCCS*,CCCCCCCCCSC,coverage,33.0,0.707498434008989,False
1363,PolyInfo,*CCCCCCCCCCNC(=O)CCc1ccc(CCC(=O)N*)cc1,CCCCCCCCCCCNC(=O)CCc1ccc(CCC(=O)NC)cc1,coverage,68.0,4.947342301951497,False
1364,OMG,*Nc1ccc2cc(S(=O)(=O)NC(=O)C(c3ccccc3)C(C(*)=O)c3ccccc3)ccc2c1,CNc1ccc2cc(S(=O)(=O)NC(=O)C(c3ccccc3)C(C(C)=O)c3ccccc3)ccc2c1,random,61.0,3.6936882750981668,True
1365,OMG,*OC1C=COC(COC(=O)C(CCC(*)=O)NC(=O)c2ccc(C)cc2)C1OCc1ccccc1,COC1C=COC(COC(=O)C(CCC(C)=O)NC(=O)c2ccc(C)cc2)C1OCc1ccccc1,random,69.0,5.145493557044269,True
1366,OMG,*OC1N(C)C2C(N1C)N(C)C(OC(=O)C1CC(C(*)=O)CO1)N2C,COC1N(C)C2C(N1C)N(C)C(OC(=O)C1CC(C(C)=O)CO1)N2C,dopt,53.0,2.5306091492877196,False
1367,PI1M,CO[Si](C)(CCCC(F)(F)F)O[Si](C)(C)[Si]c1cc(N)c(C)c(OC)c1Br,COc1c(C)c(N)cc([Si][Si](C)(C)O[Si](C)(CCCC(F)(F)F)OC)c1Br,dopt,54.0,2.6611061495015087,False
1368,PI1M,CCCc1ccc(C#Cc2ccc(C)cc2)cc1,CCCc1ccc(C#Cc2ccc(C)cc2)cc1,coverage,36.0,0.8940806826961882,False
1369,PI1M,CCCOCCOCCOC(=O)NCCCCCCNC(=O)OCCOC,CCCOCCOCCOC(=O)NCCCCCCNC(=O)OCCOC,coverage,63.0,4.0285528241783775,False
1370,OMG,*Oc1ccc(C2C(C(=O)OCC)C(=O)CC(C)(OC(=O)c3cnc(C)cc3C(*)=O)C2C(=O)OCC)cc1,CCOC(=O)C1C(=O)CC(C)(OC(=O)c2cnc(C)cc2C(C)=O)C(C(=O)OCC)C1c1ccc(OC)cc1,coverage,72.0,5.769622518212583,False
1371,PI1M,CNc1ccc(-c2ccc(S[PH](C)(C)C)cc2)cc1,CNc1ccc(-c2ccc(S[PH](C)(C)C)cc2)cc1,dopt,41.0,1.2685615949723126,False
1372,PI1M,Cc1ccc(-c2cccc([Si](C)(C)C)c2)cc1,Cc1ccc(-c2cccc([Si](C)(C)C)c2)cc1,random,37.0,0.9624665003915307,True
1373,PI1M,COc1cccc(OC(=O)c2ccc(C(=O)Nc3ccc(Oc4ccc(-c5ccc(C)cc5)cc4)cc3)cc2)c1,COc1cccc(OC(=O)c2ccc(C(=O)Nc3ccc(Oc4ccc(-c5ccc(C)cc5)cc4)cc3)cc2)c1,random,67.0,4.754055023099274,True
1374,OMG,*Oc1ccc(-c2ccc(OC(=O)C(CC)(Cc3ccccc3)C(*)=O)cc2)cc1,CCC(Cc1ccccc1)(C(C)=O)C(=O)Oc1ccc(-c2ccc(OC)cc2)cc1,coverage,56.0,2.934599081644776,False
1375,PI1M,CNc1cc(NC(=O)CCCCCCC(C)=O)ccc1-c1ccccc1,CNc1cc(NC(=O)CCCCCCC(C)=O)ccc1-c1ccccc1,coverage,54.0,2.6611061495015087,False
1376,PI1M,CN=P(C)(CI)SCC,CCSP(C)(CI)=NC,feature,22.0,0.23770591902308572,False
1377,OMG,*NCCCCCCCCCCCCCCCCNC(=O)c1cc(C(*)=O)cc(S(=O)(=O)Cl)c1,CNCCCCCCCCCCCCCCCCNC(=O)c1cc(C(C)=O)cc(S(=O)(=O)Cl)c1,coverage,77.0,6.911670651446108,False
1378,PI1M,CCC(COC)COCCOCCOCCOCCOCCOCCOCCOCCOC,CCC(COC)COCCOCCOCCOCCOCCOCCOCCOCCOC,coverage,81.0,7.920410401396693,False
1379,omics,*c1sc(*)c2c1N=C2C(=O)O,Cc1sc(C)c2c1N=C2C(=O)O,feature,19.0,0.16023971771432066,False
1380,omics,*CC(*)c1ccc(Cl)c(C(=O)O)c1,CCC(C)c1ccc(Cl)c(C(=O)O)c1,coverage,27.0,0.41237422298650106,False
1381,PI1M,CC(=O)Nc1ccc(C(=O)Nc2ccc(S(=O)(=O)Oc3ccc(/P=N/c4ccc(OC(=O)c5ccc6c(c5)C(=O)N(C)C6=O)cc4)cc3)cc2)cc1,CC(=O)Nc1ccc(C(=O)Nc2ccc(S(=O)(=O)Oc3ccc(/P=N/c4ccc(OC(=O)c5ccc6c(c5)C(=O)N(C)C6=O)cc4)cc3)cc2)cc1,dopt,79.0,7.405252308862643,False
1382,OMG,*OCCN(CCOC(=O)C1CSC(C)(C(*)=O)N1)CCC(=O)c1ccc(Cl)cc1,COCCN(CCOC(=O)C1CSC(C)(C(C)=O)N1)CCC(=O)c1ccc(Cl)cc1,random,59.0,3.3768743086298603,True
1383,OMG,*Nc1c(Cl)cc(S(=O)(=O)NC(=O)c2c3ccccc3c(C(*)=O)c3ccccc23)cc1Cl,CNc1c(Cl)cc(S(=O)(=O)NC(=O)c2c3ccccc3c(C(C)=O)c3ccccc23)cc1Cl,random,51.0,2.2818482460254073,True
1384,OMG,*Oc1c(C)cc(C2(OC(=O)C(CC(*)=O)NC(=O)C(F)(F)F)CC2)cc1C,COc1c(C)cc(C2(OC(=O)C(CC(C)=O)NC(=O)C(F)(F)F)CC2)cc1C,random,50.0,2.1634770685187323,True
1385,PI1M,CCCCCCCCCCCC(=O)Oc1ccc(C(C)(C)c2ccc(OCc3ccc(OC)cc3)c(C)c2)cc1,CCCCCCCCCCCC(=O)Oc1ccc(C(C)(C)c2ccc(OCc3ccc(OC)cc3)c(C)c2)cc1,random,88.0,9.898773174753035,True
1386,OMG,*OCCN=C(S)C(S)=NCCOC(=O)CCC1(CCC(*)=O)N=N1,COCCN=C(S)C(S)=NCCOC(=O)CCC1(CCC(C)=O)N=N1,dopt,49.0,2.04904001620089,False
1387,OMG,*Oc1cc(C(=O)NN)cc(OC(=O)c2c(OC)cccc2C(*)=O)c1OCc1ccccc1,COc1cc(C(=O)NN)cc(OC(=O)c2c(OC)cccc2C(C)=O)c1OCc1ccccc1,random,58.0,3.2251081841016833,True
1388,omics,*Cc1ccc(CSSCCSS*)cc1,CCc1ccc(CSSCCSSC)cc1,coverage,34.0,0.7666572932453927,False
1389,OMG,*OCC12CCCC(COC(=O)c3cnc(C)cc3C(*)=O)(CC1)CC2,COCC12CCCC(COC(=O)c3cnc(C)cc3C(C)=O)(CC1)CC2,dopt,55.0,2.7957518399460364,False
1390,PI1M,C/C=C/c1ccc([Si](C)(C#N)S#N)cc1,C/C=C/c1ccc([Si](C)(C#N)S#N)cc1,feature,27.0,0.41237422298650106,False
1391,OMG,*NC1=NS(=O)N=C1NC(=O)CCCCCCCCCCCCCCCCCCCCCCCCCCCCCCC(*)=O,CNC1=NS(=O)N=C1NC(=O)CCCCCCCCCCCCCCCCCCCCCCCCCCCCCCC(C)=O,dopt,112.0,18.937361326636623,False
1392,PI1M,COc1ccc(Oc2ccc(C(=O)c3ccc(Cc4ccc(NC(=C)CC)cc4)cc3)cc2)c(Cl)c1,C=C(CC)Nc1ccc(Cc2ccc(C(=O)c3ccc(Oc4ccc(OC)cc4Cl)cc3)cc2)cc1,random,64.0,4.202881203832011,True
1393,PI1M,CC1=CC=C(N=C)CC(=O)C1,C=NC1=CC=C(C)CC(=O)C1,feature,22.0,0.23770591902308572,False
1394,PI1M,CCC(C)(C)C(=O)OCCN(C)c1ccc(/N=C/c2ccc([N+](=O)[O-])cc2)cc1,CCC(C)(C)C(=O)OCCN(C)c1ccc(/N=C/c2ccc([N+](=O)[O-])cc2)cc1,random,56.0,2.934599081644776,True
1395,OMG,*OC(C)C(NC(=O)OCc1ccccc1)C(=O)NC(COC(=O)C(OC)C(OC)C(*)=O)C(=O)OC,COC(=O)C(COC(=O)C(OC)C(OC)C(C)=O)NC(=O)C(NC(=O)OCc1ccccc1)C(C)OC,coverage,71.0,5.556584750444072,False
1396,PI1M,Cc1ccc([Si](C)(CCC)c2ccc(C#N)cc2)cc1,CCC[Si](C)(c1ccc(C)cc1)c1ccc(C#N)cc1,coverage,41.0,1.2685615949723126,False
1397,PI1M,Cc1nn2c(C)ccc([nH]1)c1ccccc2c2ccccc12,Cc1nn2c(C)ccc([nH]1)c1ccccc2c2ccccc12,feature,39.0,1.1088856862834737,False
1398,PI1M,C/C=C(/C)COCCOCCOCCOCCOCCOCCOCCOC,C/C=C(/C)COCCOCCOCCOCCOCCOCCOCCOC,coverage,68.0,4.947342301951497,False
1399,PI1M,C/N=N/c1ccc(N=C)cc1C,C=Nc1ccc(/N=N/C)c(C)c1,coverage,23.0,0.2678988587629254,False
1400,OMG,*OC1CCCCC1OC(=O)C(C)CCC(*)=O,COC1CCCCC1OC(=O)C(C)CCC(C)=O,coverage,42.0,1.3535165667832443,False
1401,OMG,*Oc1c(F)cccc1CCOC(=O)C1CSCN1C(=O)C(*)=O,COc1c(F)cccc1CCOC(=O)C1CSCN1C(=O)C(C)=O,random,42.0,1.3535165667832443,True
1402,OMG,*Oc1c(C(=O)OCC)cnc(OC(=O)C(N)C(*)=O)c1N,CCOC(=O)c1cnc(OC(=O)C(N)C(C)=O)c(N)c1OC,random,39.0,1.1088856862834737,True
1403,PI1M,CO[Si](C)(C)CCCC(C)C,CO[Si](C)(C)CCCC(C)C,coverage,33.0,0.707498434008989,False
1404,OMG,*OCCCN(CCCOC(=O)C(CCC(*)=O)NC(C)=O)C(=O)OCc1ccccc1,COCCCN(CCCOC(=O)C(CCC(C)=O)NC(C)=O)C(=O)OCc1ccccc1,coverage,66.0,4.5655822516472835,False
1405,OMG,*OCC(CS(=O)CC#N)OC(=O)CCN(CCCC(*)=O)S(=O)(=O)c1ccc(C)cc1,COCC(CS(=O)CC#N)OC(=O)CCN(CCCC(C)=O)S(=O)(=O)c1ccc(C)cc1,coverage,62.0,3.858838735716932,False
1406,PI1M,CC(=O)Nc1ccc(NC(=O)NCCCCCCNC(=O)c2ccc(C)cc2)cc1,CC(=O)Nc1ccc(NC(=O)NCCCCCCNC(=O)c2ccc(C)cc2)cc1,coverage,60.0,3.533050524994261,False
1407,PI1M,CCCCCCCCCCC(=O)OCc1ccc(OC)cc1,CCCCCCCCCCC(=O)OCc1ccc(OC)cc1,coverage,52.0,2.404207673904035,False
1408,OMG,*NC(CC(=NOC(=O)Nc1ccc(Cl)cc1)NC(=O)c1ccc(NCCNc2ccc(C(*)=O)cc2)cc1)=NOC(=O)Nc1ccc(Cl)cc1,CNC(CC(=NOC(=O)Nc1ccc(Cl)cc1)NC(=O)c1ccc(NCCNc2ccc(C(C)=O)cc2)cc1)=NOC(=O)Nc1ccc(Cl)cc1,dopt,85.0,9.016954844909401,False
1409,OMG,*Nc1cccc2c(NC(=O)c3cc(C)sc3C(*)=O)cccc12,CNc1cccc2c(NC(=O)c3cc(C)sc3C(C)=O)cccc12,coverage,42.0,1.3535165667832443,False
1410,OMG,*Nc1cccc(NC(=O)c2ccc(NCCNc3ccc(C(*)=O)cc3)cc2)c1C(Br)C(C)=O,CNc1cccc(NC(=O)c2ccc(NCCNc3ccc(C(C)=O)cc3)cc2)c1C(Br)C(C)=O,random,64.0,4.202881203832011,True
1411,OMG,*OCCN(CCOC(=O)C(CSCC(*)=O)NC(C)=O)S(=O)(=O)c1ccc(Br)cc1,COCCN(CCOC(=O)C(CSCC(C)=O)NC(C)=O)S(=O)(=O)c1ccc(Br)cc1,random,58.0,3.2251081841016833,True
1412,PI1M,CCC(C)(C)COC(=O)C(C)C(=O)OC,CCC(C)(C)COC(=O)C(C)C(=O)OC,coverage,35.0,0.828831072009792,False
1413,PI1M,CNc1ccc(Cc2ccc(CN(C)c3ccccc3)cc2)cc1,CNc1ccc(Cc2ccc(CN(C)c3ccccc3)cc2)cc1,coverage,48.0,1.9384826272146733,False
1414,PI1M,CC(C)[SH](Cl)Cl,CC(C)[SH](Cl)Cl,feature,14.0,0.07047050774391327,False
1415,PI1M,CNc1ccc(NC(=O)c2ccc(C(C)=O)cc2)cc1C(=O)OCCCCCCCCCC,CCCCCCCCCCOC(=O)c1cc(NC(=O)c2ccc(C(C)=O)cc2)ccc1NC,coverage,69.0,5.145493557044269,False
1416,PI1M,CCC(C)(C)C(=O)OCC(COCC)C(=O)OCCC,CCCOC(=O)C(COCC)COC(=O)C(C)(C)CC,random,48.0,1.9384826272146733,True
1417,PI1M,CCCCCCCCCCCCCCCCCNC(=O)C/C=C/CC(=O)NC,CCCCCCCCCCCCCCCCCNC(=O)C/C=C/CC(=O)NC,coverage,74.0,6.210925368545501,False
1418,OMG,*OCC(C=O)OC(=O)C12CCCC(C(*)=O)(C1)C2,COCC(C=O)OC(=O)C12CCCC(C(C)=O)(C1)C2,coverage,39.0,1.1088856862834737,False
1419,PI1M,C/C=C/c1ccc(C)c(CCCCCCCCCCCCCCCCCC)c1C,C/C=C/c1ccc(C)c(CCCCCCCCCCCCCCCCCC)c1C,coverage,79.0,7.405252308862643,False
1420,OMG,*OCCN(CCOC(=O)C(Cc1ccc(Br)cc1F)C(*)=O)C(=O)CC(=O)Nc1ccc(C)cc1,COCCN(CCOC(=O)C(Cc1ccc(Br)cc1F)C(C)=O)C(=O)CC(=O)Nc1ccc(C)cc1,random,66.0,4.5655822516472835,True
1421,omics,*CCC(*)(C)c1ccc(C)cc1,CCCC(C)(C)c1ccc(C)cc1,coverage,33.0,0.707498434008989,False
1422,OMG,*OC12C3C4C1C1C2C3C41OC(=O)C1C2CC(C(Br)C2Br)C1C(*)=O,COC12C3C4C1C1C2C3C41OC(=O)C1C2CC(C(Br)C2Br)C1C(C)=O,dopt,45.0,1.629538578803666,False
1423,omics,*c1ccc(N(*)C)c(OCCCCS(=O)(=O)O)c1,Cc1ccc(N(C)C)c(OCCCCS(=O)(=O)O)c1,random,40.0,1.187037287474881,True
1424,PI1M,CSc1cccc(Cc2ccc(NC(=O)c3cccc(C(C)=O)c3)cc2)c1,CSc1cccc(Cc2ccc(NC(=O)c3cccc(C(C)=O)c3)cc2)c1,random,48.0,1.9384826272146733,True
1425,PI1M,Cc1ccc(-c2ccc(Sc3ccc(C)o3)o2)cc1,Cc1ccc(-c2ccc(Sc3ccc(C)o3)o2)cc1,coverage,33.0,0.707498434008989,False
1426,PI1M,CNC(C)CC(=O)N(F)Cl,CNC(C)CC(=O)N(F)Cl,feature,20.0,0.1839474081746623,False
1427,PI1M,CCC(C)[SH](C)=N,CCC(C)[SH](C)=N,feature,21.0,0.2097456137295212,False
1428,PI1M,CCCCCCCCCNC(=O)NCc1ccc(C)c(NC(=O)OC)c1,CCCCCCCCCNC(=O)NCc1ccc(C)c(NC(=O)OC)c1,coverage,59.0,3.3768743086298603,False
1429,PI1M,C/C=C/C1CC(C)C(C(=O)OCCCCCCCCCCCOc2ccc(-c3ccccc3)cc2)C1,C/C=C/C1CC(C)C(C(=O)OCCCCCCCCCCCOc2ccc(-c3ccccc3)cc2)C1,coverage,82.0,8.18619805320074,False
1430,PI1M,COS(=O)(=S)c1ccc(C)cc1,COS(=O)(=S)c1ccc(C)cc1,feature,22.0,0.23770591902308572,False
1431,PI1M,COc1ccc(-c2ccc(C(=O)Oc3ccc(-c4ccc(OC(C)=O)cc4)cc3)cc2)cc1,COc1ccc(-c2ccc(C(=O)Oc3ccc(-c4ccc(OC(C)=O)cc4)cc3)cc2)cc1,coverage,55.0,2.7957518399460364,False
1432,PI1M,CNc1ccc(C(C)(C)c2ccc(NC(=O)c3ccc(C(=O)Nc4ccc(C(C)=O)cc4)cc3)cc2)cc1,CNc1ccc(C(C)(C)c2ccc(NC(=O)c3ccc(C(=O)Nc4ccc(C(C)=O)cc4)cc3)cc2)cc1,coverage,69.0,5.145493557044269,False
1433,OMG,*Nc1ccc(C(=O)OCC)c(C)c1NC(=O)c1ccc(F)c(C(*)=O)c1,CCOC(=O)c1ccc(NC)c(NC(=O)c2ccc(F)c(C(C)=O)c2)c1C,coverage,48.0,1.9384826272146733,False
1434,OMG,*OCCOCCOCCOCCOCCOCCOC(=O)C1OC(C(*)=O)C2C1C(F)(F)C2(F)F,COCCOCCOCCOCCOCCOCCOC(=O)C1OC(C(C)=O)C2C1C(F)(F)C2(F)F,coverage,70.0,5.348558032191515,False
1435,PI1M,CN=P(C)(Br)OCCOCCOC,CN=P(C)(Br)OCCOCCOC,feature,30.0,0.5474937425136082,False
1436,OMG,*NC(c1ccccc1OC)C(NC(=O)CC(COc1ccccc1)CC(*)=O)c1ccccc1OC,CNC(c1ccccc1OC)C(NC(=O)CC(COc1ccccc1)CC(C)=O)c1ccccc1OC,coverage,73.0,5.987719929256527,False
1437,PI1M,CNc1ccc(-c2ccc(-c3ccc(NC(=O)c4ccc(-c5ccc(C(C)=O)cc5)cc4)cc3)cc2)cc1,CNc1ccc(-c2ccc(-c3ccc(NC(=O)c4ccc(-c5ccc(C(C)=O)cc5)cc4)cc3)cc2)cc1,coverage,66.0,4.5655822516472835,False
1438,OMG,*OC(C)=NS(=O)(=O)c1ccc(N=NN2CCN(N=Nc3ccc(S(=O)(=O)N=C(C)OC(=O)C(CC(*)=O)OC)cc3)CC2)cc1,COC(C)=NS(=O)(=O)c1ccc(N=NN2CCN(N=Nc3ccc(S(=O)(=O)N=C(C)OC(=O)C(CC(C)=O)OC)cc3)CC2)cc1,dopt,80.0,7.66011076664799,False
1439,PI1M,CCC(CCC)COc1c(C)cc(C(C)(C)c2ccc(OC)c(C)c2)cc1C,CCCC(CC)COc1c(C)cc(C(C)(C)c2ccc(OC)c(C)c2)cc1C,random,66.0,4.5655822516472835,True
1440,OMG,*Oc1ccccc1OCCOCCOc1ccccc1OC(=O)c1ccc(C=Nc2ccc(N=Cc3ccc(C(*)=O)cc3)cc2)cc1,COc1ccccc1OCCOCCOc1ccccc1OC(=O)c1ccc(C=Nc2ccc(N=Cc3ccc(C(C)=O)cc3)cc2)cc1,random,85.0,9.016954844909401,True
1441,OMG,*OC(C)c1cc(OC)ccc1OC(=O)C1(C(*)=O)CCOCC1,COc1ccc(OC(=O)C2(C(C)=O)CCOCC2)c(C(C)OC)c1,random,48.0,1.9384826272146733,True
1442,PI1M,CSc1ccc(/N=N/c2ccc(C(C)=O)cc2)cc1OCCCCCCCCCCCCCC,CCCCCCCCCCCCCCOc1cc(/N=N/c2ccc(C(C)=O)cc2)ccc1SC,random,76.0,6.672852850107062,True
1443,OMG,*OC1(OC(=O)c2ccc(CSCC(*)=O)cc2)C(C2COC3(CCCCC3)O2)OC2OC3(CCCCC3)OC21,COC1(OC(=O)c2ccc(CSCC(C)=O)cc2)C(C2COC3(CCCCC3)O2)OC2OC3(CCCCC3)OC21,coverage,80.0,7.66011076664799,False
1444,PI1M,CO[Si](C)(C)O[Si](C)(C)O[Si](C)(C)O[Si](C)(C)O[Si](C)(C)COC(C)=O,CO[Si](C)(C)O[Si](C)(C)O[Si](C)(C)O[Si](C)(C)O[Si](C)(C)COC(C)=O,coverage,64.0,4.202881203832011,False
1445,PI1M,CCC(C)OC(=O)C1CO1,CCC(C)OC(=O)C1CO1,coverage,22.0,0.23770591902308572,False
1446,OMG,*Nc1cc(NC(=O)c2ccccc2OCCOc2ccccc2C(*)=O)cc(C(=O)OC(C)C)c1,CNc1cc(NC(=O)c2ccccc2OCCOc2ccccc2C(C)=O)cc(C(=O)OC(C)C)c1,random,66.0,4.5655822516472835,True
1447,OMG,*Oc1[nH]c(=S)[nH]c(=O)c1Cc1c(OC(=O)CSc2cccc3c(SCC(*)=O)cccc23)[nH]c(=S)[nH]c1=O,COc1[nH]c(=S)[nH]c(=O)c1Cc1c(OC(=O)CSc2cccc3c(SCC(C)=O)cccc23)[nH]c(=S)[nH]c1=O,dopt,61.0,3.6936882750981668,False
1448,omics,*C(*)C(=O)OCCOCCO,CC(C)C(=O)OCCOCCO,coverage,28.0,0.4547556347186134,False
1449,OMG,*Oc1cc(OC)ccc1C(CC)OC(=O)C(CCC(*)=O)NC(=O)OCC1c2ccccc2-c2ccccc21,CCC(OC(=O)C(CCC(C)=O)NC(=O)OCC1c2ccccc2-c2ccccc21)c1ccc(OC)cc1OC,random,75.0,6.439287015998562,True
1450,PI1M,C/C=C(/C)[Si](C)(Cl)Cl,C/C=C(/C)[Si](C)(Cl)Cl,feature,18.0,0.1385498383381463,False
1451,PI1M,CCC(C)(C)C(=O)OCCCCCCCN(C)CCN1c2ccccc21,CCC(C)(C)C(=O)OCCCCCCCN(C)CCN1c2ccccc21,random,62.0,3.858838735716932,True
1452,PI1M,COCCCCCOC(=O)SC1CCCC1C,COCCCCCOC(=O)SC1CCCC1C,random,41.0,1.2685615949723126,True
1453,omics,*c1nc2cc3nc(-c4ccc(Oc5ccc(-c6cnc7ccc(-c8ccc9nc(*)c(-c%10ccccc%10)nc9c8)cc7n6)cc5)cc4)oc3cc2o1,Cc1nc2cc3nc(-c4ccc(Oc5ccc(-c6cnc7ccc(-c8ccc9nc(C)c(-c%10ccccc%10)nc9c8)cc7n6)cc5)cc4)oc3cc2o1,dopt,81.0,7.920410401396693,False
1454,PI1M,CCCCCCOC(=O)NCCC(C)CC(C)C(=O)OC,CCCCCCOC(=O)NCCC(C)CC(C)C(=O)OC,random,52.0,2.404207673904035,True
1455,PI1M,CCc1ccc(C(=O)Nc2ccc(Cc3ccc(N4C(=O)c5ccc(C)cc5C4=O)cc3)cc2)cc1,CCc1ccc(C(=O)Nc2ccc(Cc3ccc(N4C(=O)c5ccc(C)cc5C4=O)cc3)cc2)cc1,random,62.0,3.858838735716932,True
1456,PI1M,CO[Si](C)(C)c1cccc(OC)c1,COc1cccc([Si](C)(C)OC)c1,coverage,29.0,0.49977393112088747,False
1457,OMG,*OC(=S)COCC(=S)OC(=O)c1ccc(N=Cc2ccc(C(*)=O)cc2)cc1,COC(=S)COCC(=S)OC(=O)c1ccc(N=Cc2ccc(C(C)=O)cc2)cc1,random,48.0,1.9384826272146733,True
1458,PI1M,CNC(C)C(=O)NC(C)C(=O)NC(C)=O,CNC(C)C(=O)NC(C)C(=O)NC(C)=O,coverage,32.0,0.6512930237899227,False
1459,OMG,*OC(C)CC(C)OC(=O)CCCSCCCC(*)=O,COC(C)CC(C)OC(=O)CCCSCCCC(C)=O,random,48.0,1.9384826272146733,True
1460,PI1M,CN=P(C)(NC#N)[Si](C)(C)C,CN=P(C)(NC#N)[Si](C)(C)C,feature,27.0,0.41237422298650106,False
1461,PI1M,C[PH](C)(CCCCCCCCCCCC)CCCCCCCCCCCC,CCCCCCCCCCCC[PH](C)(C)CCCCCCCCCCCC,coverage,84.0,8.734423876530629,False
1462,omics,*C(C#N)C(*)[N+](=O)[O-],CC(C#N)C(C)[N+](=O)[O-],feature,17.0,0.11880386870633687,False
1463,PI1M,CCC(COC)OCCOCCCOCCOC,CCC(COC)OCCOCCCOCCOC,coverage,46.0,1.7287872538090088,False
1464,PI1M,CC/C=C/CCCCCCCC(C)C,CC/C=C/CCCCCCCC(C)C,coverage,42.0,1.3535165667832443,False
1465,PI1M,CNc1ccc(NC(=O)c2ccc(C(=O)Nc3ccc(-c4ccc(N(C)c5ccccc5)cc4)cc3)cc2)cc1,CNc1ccc(NC(=O)c2ccc(C(=O)Nc3ccc(-c4ccc(N(C)c5ccccc5)cc4)cc3)cc2)cc1,coverage,70.0,5.348558032191515,False
1466,OMG,*NCCN(CCNC(=O)C(CCCC)(CCCC)C(*)=O)C(=O)OC(C)(C)C,CCCCC(CCCC)(C(C)=O)C(=O)NCCN(CCNC)C(=O)OC(C)(C)C,coverage,72.0,5.769622518212583,False
1467,OMG,*Nc1cccc(C(O)c2cccc(NC(=O)c3cc(C)sc3C(*)=O)c2)c1,CNc1cccc(C(O)c2cccc(NC(=O)c3cc(C)sc3C(C)=O)c2)c1,random,50.0,2.1634770685187323,True
1468,PI1M,COc1ccc(NC(=O)c2cccc(NC(C)CCC(C)=O)c2)cc1,COc1ccc(NC(=O)c2cccc(NC(C)CCC(C)=O)c2)cc1,random,49.0,2.04904001620089,True
1469,PI1M,CCCOCCOCCOC(=O)/C=C/C(=O)OCCCCCCOC(=O)c1ccc(C(=O)OC)cc1,CCCOCCOCCOC(=O)/C=C/C(=O)OCCCCCCOC(=O)c1ccc(C(=O)OC)cc1,random,72.0,5.769622518212583,True
1470,PI1M,C/C=C/C(C)C(C)C(=O)O,C/C=C/C(C)C(C)C(=O)O,coverage,24.0,0.30039397989449834,False
1471,PI1M,COc1ccc(C/C=C/c2ccc(Oc3ccc(S(=O)(=O)Oc4ccc(C)cc4)cc3)cc2)cc1,COc1ccc(C/C=C/c2ccc(Oc3ccc(S(=O)(=O)Oc4ccc(C)cc4)cc3)cc2)cc1,random,61.0,3.6936882750981668,True
1472,PI1M,CCCN(CCOC(=O)NCCCCCCCCCCNC(=O)OC)c1ccccc1,CCCN(CCOC(=O)NCCCCCCCCCCNC(=O)OC)c1ccccc1,coverage,72.0,5.769622518212583,False
1473,PI1M,CCCCCCCCNC(=O)CCCCCCCCCCC(=O)NCCCCNC(=O)C(=O)NC,CCCCCCCCNC(=O)CCCCCCCCCCC(=O)NCCCCNC(=O)C(=O)NC,random,87.0,9.599083603550964,True
1474,PI1M,COc1ccc(/C=C/c2ccc(/C=C/c3ccc(C=C)cc3)cc2)cc1,C=Cc1ccc(/C=C/c2ccc(/C=C/c3ccc(OC)cc3)cc2)cc1,coverage,48.0,1.9384826272146733,False
1475,OMG,*OC1CCCCC(OC(=O)C(CC(*)=O)NC(=O)OCC2c3ccccc3-c3ccccc32)CCN(C(=O)OC(C)(C)C)C1,COC1CCCCC(OC(=O)C(CC(C)=O)NC(=O)OCC2c3ccccc3-c3ccccc32)CCN(C(=O)OC(C)(C)C)C1,random,91.0,10.832889919296674,True
1476,PI1M,CCC(C)OCCOCCOCCOCCOCCOCCOc1ccc(/N=N/c2ccc(S(=O)(=O)[SH](C)(C)C)cc2)cc1,CCC(C)OCCOCCOCCOCCOCCOCCOc1ccc(/N=N/c2ccc(S(=O)(=O)[SH](C)(C)C)cc2)cc1,dopt,95.0,12.161845525102757,False
1477,PI1M,CCC(C)[Si](C)(C)CCOC,CCC(C)[Si](C)(C)CCOC,coverage,33.0,0.707498434008989,False
1478,OMG,*Oc1c(C(=O)OCC)ccc(OC(=O)c2cnc(C)cc2C(*)=O)c1OCC,CCOC(=O)c1ccc(OC(=O)c2cnc(C)cc2C(C)=O)c(OCC)c1OC,coverage,52.0,2.404207673904035,False
1479,omics,*CC(COc1ccc(C(=O)OC(=O)c2ccc(O*)cc2)cc1)OC(=O)c1ccccc1,CCC(COc1ccc(C(=O)OC(=O)c2ccc(OC)cc2)cc1)OC(=O)c1ccccc1,coverage,57.0,3.0777004384750812,False
1480,omics,*CNC(=O)OCc1ccc(COCc2ccc(COC(=O)NCc3ccc(CNC(=O)OCc4ccc(*)o4)o3)o2)o1,CCNC(=O)OCc1ccc(COCc2ccc(COC(=O)NCc3ccc(CNC(=O)OCc4ccc(C)o4)o3)o2)o1,dopt,76.0,6.672852850107062,False
1481,OMG,*Oc1cc(OC(=O)C2=CC(C)C=C(C(*)=O)O2)cc(OC)c1Cl,COc1cc(OC(=O)C2=CC(C)C=C(C(C)=O)O2)cc(OC)c1Cl,coverage,41.0,1.2685615949723126,False
1482,PI1M,CCc1ccc(COc2ccc(C)cc2)cc1,CCc1ccc(COc2ccc(C)cc2)cc1,coverage,35.0,0.828831072009792,False
1483,OMG,*Oc1cc(OC)c(OC(=O)C23CC(C(*)=O)(CO2)C3)cc1OC,COc1cc(OC)c(OC(=O)C23CC(C(C)=O)(CO2)C3)cc1OC,coverage,44.0,1.5339481655863532,False
1484,omics,*CC(*)c1cc(C#N)ccc1C(C)CC,CCC(C)c1ccc(C#N)cc1C(C)CC,coverage,37.0,0.9624665003915307,False
1485,OMG,*OC1C(OC(=O)C(C)(Cc2ccccc2OC)C(*)=O)COC2(COC(C)(C)O2)C1OCc1ccccc1,COc1ccccc1CC(C)(C(C)=O)C(=O)OC1COC2(COC(C)(C)O2)C(OCc2ccccc2)C1OC,coverage,77.0,6.911670651446108,False
1486,PI1M,CCc1ccc(CCNC(=O)CCCCCCCC(=O)NC)cc1,CCc1ccc(CCNC(=O)CCCCCCCC(=O)NC)cc1,coverage,56.0,2.934599081644776,False
1487,PI1M,CN=[PH]([SiH]C(C)(F)Cl)c1ccc(F)cc1F,CN=[PH]([SiH]C(C)(F)Cl)c1ccc(F)cc1F,feature,27.0,0.41237422298650106,False
1488,PI1M,CC(=O)OC(C)COO,CC(=O)OC(C)COO,feature,19.0,0.16023971771432066,False
1489,OMG,*OCC(C)OC(=O)c1ccc(Br)cc1CC(*)=O,COCC(C)OC(=O)c1ccc(Br)cc1CC(C)=O,coverage,36.0,0.8940806826961882,False
1490,PI1M,CCC(O)CN(C)c1cc(N(C)C)ccc1C,CCC(O)CN(C)c1cc(N(C)C)ccc1C,coverage,41.0,1.2685615949723126,False
1491,PI1M,CCCCNC(=O)c1ccc(C(=O)NCCCCCCNC(=O)/C=C/c2ccc(C(=O)OC)cc2)cc1,CCCCNC(=O)c1ccc(C(=O)NCCCCCCNC(=O)/C=C/c2ccc(C(=O)OC)cc2)cc1,coverage,74.0,6.210925368545501,False
1492,PI1M,CCCCCCOc1ccc(/N=N/c2ccc(OCc3ccccc3)cc2)cc1C,CCCCCCOc1ccc(/N=N/c2ccc(OCc3ccccc3)cc2)cc1C,coverage,60.0,3.533050524994261,False
1493,PI1M,CO[Si](C)(C)F,CO[Si](C)(C)F,feature,15.0,0.08484152603281661,False
1494,omics,*Cc1ccc(*)cc1Cl,CCc1ccc(C)cc1Cl,coverage,21.0,0.2097456137295212,False
1495,OMG,*OC(C)(C)CN(CC(C)(C)OC(=O)c1ccc(-c2ccc(C(*)=O)c(F)c2)cc1F)C(=O)c1ccccc1Br,COC(C)(C)CN(CC(C)(C)OC(=O)c1ccc(-c2ccc(C(C)=O)c(F)c2)cc1F)C(=O)c1ccccc1Br,coverage,72.0,5.769622518212583,False
1496,OMG,*OCCN(CCOC(=O)CCC(=NN=C(CCC(*)=O)c1ccccc1)c1ccccc1)S(=O)(=O)c1ccc(OCCOc2ccc(C)cc2)cc1,COCCN(CCOC(=O)CCC(=NN=C(CCC(C)=O)c1ccccc1)c1ccccc1)S(=O)(=O)c1ccc(OCCOc2ccc(C)cc2)cc1,random,100.0,13.96120758869343,True
1497,OMG,*Nc1nc(S)nc(NC(=O)CC(SCC(C)C)C(*)=O)c1N=O,CNc1nc(S)nc(NC(=O)CC(SCC(C)C)C(C)=O)c1N=O,random,45.0,1.629538578803666,True
1498,PI1M,C/C=C/c1ccc(-c2ccc(/C=C/c3ccc(C)s3)o2)cc1,C/C=C/c1ccc(-c2ccc(/C=C/c3ccc(C)s3)o2)cc1,coverage,40.0,1.187037287474881,False
1499,PI1M,CCC(C)c1cc(OCC(F)(F)C(F)(F)C(F)(F)C(F)(F)C(F)(F)F)ccc1O,CCC(C)c1cc(OCC(F)(F)C(F)(F)C(F)(F)C(F)(F)C(F)(F)F)ccc1O,coverage,44.0,1.5339481655863532,False
1500,OMG,*OCc1ccccc1-c1ccccc1COC(=O)C1(CC(*)=O)CCOCC1,COCc1ccccc1-c1ccccc1COC(=O)C1(CC(C)=O)CCOCC1,coverage,57.0,3.0777004384750812,False
1501,PI1M,CCCCCCc1ccc(CCc2ccc(N(C)C)cc2)cc1,CCCCCCc1ccc(CCc2ccc(N(C)C)cc2)cc1,coverage,54.0,2.6611061495015087,False
1502,PI1M,CCC(C)C(=O)OCCCCCCCCCCCCCCOC(=O)c1ccc([N+](=O)[O-])c(OC)c1,CCC(C)C(=O)OCCCCCCCCCCCCCCOC(=O)c1ccc([N+](=O)[O-])c(OC)c1,random,78.0,7.155788006079488,True
1503,PI1M,COc1ccc(-c2ccc(Oc3ccc(C)cc3)cc2Cl)cc1,COc1ccc(-c2ccc(Oc3ccc(C)cc3)cc2Cl)cc1,coverage,40.0,1.187037287474881,False
1504,PI1M,CC(C#N)[SH](C)(=O)O,CC(C#N)[SH](C)(=O)O,feature,17.0,0.11880386870633687,False
1505,PI1M,CO[Si](C)(C)OC(C)CCCCCCC,CCCCCCCC(C)O[Si](C)(C)OC,coverage,43.0,1.4419597242422257,False
1506,OMG,*Oc1ccc2c(c1)Cc1cc(OC(=O)C(CCc3ccccc3Br)C(*)=O)ccc1C2=O,COc1ccc2c(c1)Cc1cc(OC(=O)C(CCc3ccccc3Br)C(C)=O)ccc1C2=O,random,56.0,2.934599081644776,True
1507,PI1M,CCC(C)C(=O)N(F)F,CCC(C)C(=O)N(F)F,feature,18.0,0.1385498383381463,False
1508,OMG,*Oc1c(F)cc(COC(=O)C(Br)CC(*)=O)cc1OC,COc1cc(COC(=O)C(Br)CC(C)=O)cc(F)c1OC,random,37.0,0.9624665003915307,True
1509,PI1M,CCC(C)(CC(=O)OCCCCCCCCCCCCCCC)C(=O)OCCCc1ccc(I)cc1I,CCCCCCCCCCCCCCCOC(=O)CC(C)(CC)C(=O)OCCCc1ccc(I)cc1I,dopt,87.0,9.599083603550964,False
1510,PI1M,CNC(CCC(F)(F)F)C(F)(F)C(F)(F)C(F)(F)C(F)(F)C(C)(F)F,CNC(CCC(F)(F)F)C(F)(F)C(F)(F)C(F)(F)C(F)(F)C(C)(F)F,coverage,37.0,0.9624665003915307,False
1511,OMG,*Oc1cc(OC(=O)C2CC(C(*)=O)N(C)N2C)c(OC)cc1OCC,CCOc1cc(OC)c(OC(=O)C2CC(C(C)=O)N(C)N2C)cc1OC,coverage,52.0,2.404207673904035,False
1512,OMG,*Oc1c(C(C)=O)ccc(OC(=O)C23COCC(C(*)=O)(C2)C3)c1N,COc1c(C(C)=O)ccc(OC(=O)C23COCC(C(C)=O)(C2)C3)c1N,random,46.0,1.7287872538090088,True
1513,PI1M,CCC(C)(C)COC(=O)CCCCCCCCCCC(=O)OC,CCC(C)(C)COC(=O)CCCCCCCCCCC(=O)OC,coverage,59.0,3.3768743086298603,False
1514,OMG,*OCC(COC)OC(=O)CCN(CCC(*)=O)C(=O)OCc1ccccc1,COCC(COC)OC(=O)CCN(CCC(C)=O)C(=O)OCc1ccccc1,coverage,57.0,3.0777004384750812,False
1515,omics,*c1ccc(C(C)(C)c2ccc(Oc3ccc(C(c4ccc(*)cc4)(C(F)(F)F)C(F)(F)F)cc3)cc2)cc1,Cc1ccc(C(C)(C)c2ccc(Oc3ccc(C(c4ccc(C)cc4)(C(F)(F)F)C(F)(F)F)cc3)cc2)cc1,random,67.0,4.754055023099274,True
1516,PI1M,CO[Si](C)(C)O[Si](C)(C)O[Si](C)(C)Oc1ccc(C(C)(C)c2ccc(C(C)(C)c3ccc(C)cc3)cc2)cc1,CO[Si](C)(C)O[Si](C)(C)O[Si](C)(C)Oc1ccc(C(C)(C)c2ccc(C(C)(C)c3ccc(C)cc3)cc2)cc1,coverage,87.0,9.599083603550964,False
1517,OMG,*OC(C)C(OC(=O)C1CCC1C(*)=O)C(=O)OC,COC(=O)C(OC(=O)C1CCC1C(C)=O)C(C)OC,coverage,39.0,1.1088856862834737,False
1518,OMG,*Oc1ccc(CCc2ccc(OC(=O)C(Cl)CCC(*)=O)cc2)cc1,COc1ccc(CCc2ccc(OC(=O)C(Cl)CCC(C)=O)cc2)cc1,coverage,49.0,2.04904001620089,False
1519,PI1M,CCc1ccc(/C=N/CCCC/C=C/c2ccc(/C=C/C=C/C(C#N)=C/c3ccc(/C=C/C(C)(C#N)CC(C)C)cc3)cc2)cc1,CCc1ccc(/C=N/CCCC/C=C/c2ccc(/C=C/C=C/C(C#N)=C/c3ccc(/C=C/C(C)(C#N)CC(C)C)cc3)cc2)cc1,dopt,93.0,11.48529398776902,False
1520,omics,*Nc1ccccc1N*,CNc1ccccc1NC,coverage,22.0,0.23770591902308572,False
1521,PI1M,CCCc1ccc(CCCC(=O)OC)cc1,CCCc1ccc(CCCC(=O)OC)cc1,coverage,36.0,0.8940806826961882,False
1522,PI1M,C[SiH2]c1ccc(C)c(NC(=O)c2ccc(OCCCCCCCCOCCCCCCCC)cc2)c1,CCCCCCCCOCCCCCCCCOc1ccc(C(=O)Nc2cc([SiH2]C)ccc2C)cc1,dopt,85.0,9.016954844909401,False
1523,PI1M,C/C=C(\C)c1ccc(CC)cc1,C/C=C(\C)c1ccc(CC)cc1,coverage,28.0,0.4547556347186134,False
1524,PI1M,CC1CCN(C)C(=O)CS1,CC1CCN(C)C(=O)CS1,feature,23.0,0.2678988587629254,False
1525,PolyInfo,*C(c1ccccc1)C(*)(C#N)C#N,CC(c1ccccc1)C(C)(C#N)C#N,coverage,26.0,0.372564345698904,False
1526,PI1M,COC(F)(F)C(C)(F)C(F)(F)C(F)(F)C(F)(F)C(F)(F)C(F)(F)C(F)(F)C(F)(OF)C(F)(F)F,COC(F)(F)C(C)(F)C(F)(F)C(F)(F)C(F)(F)C(F)(F)C(F)(F)C(F)(F)C(F)(OF)C(F)(F)F,feature,40.0,1.187037287474881,False
1527,OMG,*OCC(CCCC)OC(=O)CC(CC(*)=O)c1cc(F)cc(F)c1,CCCCC(COC)OC(=O)CC(CC(C)=O)c1cc(F)cc(F)c1,random,51.0,2.2818482460254073,True
1528,PI1M,Cc1ccc(-c2nnc(C)n2Br)cn1,Cc1ccc(-c2nnc(C)n2Br)cn1,feature,23.0,0.2678988587629254,False
1529,PI1M,C/C=C/c1ccc(C)c(-c2ccc(C)cc2C)c1,C/C=C/c1ccc(C)c(-c2ccc(C)cc2C)c1,coverage,38.0,1.0340483823546922,False
1530,OMG,*Nc1cc(C(=O)OC)c(F)cc1NC(=O)C(C(C(*)=O)N(Cc1ccccc1)C(=O)OCC)N(Cc1ccccc1)C(=O)OCC,CCOC(=O)N(Cc1ccccc1)C(C(C)=O)C(C(=O)Nc1cc(F)c(C(=O)OC)cc1NC)N(Cc1ccccc1)C(=O)OCC,random,86.0,9.30515942952161,True
1531,PI1M,CCC(C)(CCC[SH]=O)C(=O)OF,CCC(C)(CCC[SH]=O)C(=O)OF,feature,28.0,0.4547556347186134,False
1532,PI1M,CC(=O)CNC(=O)c1ccc(C(=O)Nc2ccc(C)cc2)cc1,CC(=O)CNC(=O)c1ccc(C(=O)Nc2ccc(C)cc2)cc1,coverage,41.0,1.2685615949723126,False
1533,PI1M,COc1ccc(C(=O)NCCCCCCCCCCNC(=O)c2ccc(C(=O)OC(=O)c3cc(OC)c(C(C)=O)cc3C)cc2Br)c(OCC(C)CCCC)c1,CCCCC(C)COc1cc(OC)ccc1C(=O)NCCCCCCCCCCNC(=O)c1ccc(C(=O)OC(=O)c2cc(OC)c(C(C)=O)cc2C)cc1Br,random,113.0,19.395634774163607,True
1534,PI1M,Cc1ccc(C)c(CCCCCCCCCC)c1CCCCCC,CCCCCCCCCCc1c(C)ccc(C)c1CCCCCC,coverage,66.0,4.5655822516472835,False
1535,PI1M,CCCN(C)C(=O)CCCCCCC(=O)N(C)C,CCCN(C)C(=O)CCCCCCC(=O)N(C)C,coverage,46.0,1.7287872538090088,False
1536,PI1M,CCC(OC)Oc1ccccc1,CCC(OC)Oc1ccccc1,coverage,26.0,0.372564345698904,False
1537,PI1M,C/C=C/C(C(=O)OC(C)C)C(C)C(=O)OCC,C/C=C/C(C(=O)OC(C)C)C(C)C(=O)OCC,coverage,39.0,1.1088856862834737,False
1538,PI1M,CCC(C)(C)C(=O)OCCN(CC)c1ccc(-c2ccc(Cl)cc2)cc1,CCN(CCOC(=O)C(C)(C)CC)c1ccc(-c2ccc(Cl)cc2)cc1,coverage,54.0,2.6611061495015087,False
1539,omics,*N=P(N=P(N=S(*)(=O)NCCCC)(NCCCC)NCCCCCCC)(NCCCC)NCCCC,CCCCCCCNP(=NP(=NC)(NCCCC)NCCCC)(N=S(C)(=O)NCCCC)NCCCC,coverage,99.0,13.588817252236698,False
1540,PI1M,CNC(C)CCCCCCCCCCCCCCCCC[PH](C)(C)C,CNC(C)CCCCCCCCCCCCCCCCC[PH](C)(C)C,random,77.0,6.911670651446108,True
1541,OMG,*OC1CCC(OC(=O)C(CCC(*)=O)NC(C)=O)CN(C(=O)OC(C)(C)C)C1,COC1CCC(OC(=O)C(CCC(C)=O)NC(C)=O)CN(C(=O)OC(C)(C)C)C1,coverage,63.0,4.0285528241783775,False
1542,omics,*CCCNC(=O)c1ccc(C(=O)NCCCOCC(=O)OCC*)cc1,CCCCNC(=O)c1ccc(C(=O)NCCCOCC(=O)OCCC)cc1,random,57.0,3.0777004384750812,True
1543,PI1M,CCCCN(C)C(=O)CCCCCCCCCCC(=O)N(C)Cc1ccccc1,CCCCN(C)C(=O)CCCCCCCCCCC(=O)N(C)Cc1ccccc1,coverage,71.0,5.556584750444072,False
1544,omics,*CC(=O)NCCCCCNC(=O)CCc1ccc(*)o1,CCC(=O)NCCCCCNC(=O)CCc1ccc(C)o1,coverage,47.0,1.8317500939966918,False
1545,PI1M,CCCN(CC=CC(CC)CC(C)C)CCNC(=O)c1ccc(C(=O)NC)cc1,CCCN(CC=CC(CC)CC(C)C)CCNC(=O)c1ccc(C(=O)NC)cc1,random,68.0,4.947342301951497,True
1546,omics,*OCCCCCCO*,COCCCCCCOC,coverage,28.0,0.4547556347186134,False
1547,omics,*/C(C#Cc1ccccc1)=C(/*)c1ccc([N+](=O)[O-])cc1,C/C(C#Cc1ccccc1)=C(/C)c1ccc([N+](=O)[O-])cc1,coverage,36.0,0.8940806826961882,False
1548,PI1M,Cc1ccc(C)c(CCCCCCCCCCCCCCC)c1,CCCCCCCCCCCCCCCc1cc(C)ccc1C,coverage,63.0,4.0285528241783775,False
1549,OMG,*NP(=S)(CCC)NC(=O)c1nc(N)[nH]c1C(*)=O,CCCP(=S)(NC)NC(=O)c1nc(N)[nH]c1C(C)=O,feature,37.0,0.9624665003915307,False
1550,PI1M,CCCCCCCCCCCCCCCOC(=O)NCCCCCCCCCCNC(=O)OC,CCCCCCCCCCCCCCCOC(=O)NCCCCCCCCCCNC(=O)OC,coverage,90.0,10.515630927412102,False
1551,omics,*CC(*)NC(=O)OC(C)CCC,CCCC(C)OC(=O)NC(C)CC,coverage,34.0,0.7666572932453927,False
1552,OMG,*Oc1cc(OC(=O)C(C)(Cc2cccc(OC)c2)C(*)=O)ccc1C=Nc1cccc(C#N)c1,COc1cccc(CC(C)(C(C)=O)C(=O)Oc2ccc(C=Nc3cccc(C#N)c3)c(OC)c2)c1,random,61.0,3.6936882750981668,True
1553,PI1M,CNC[PH](C)(F)F,CNC[PH](C)(F)F,feature,17.0,0.11880386870633687,False
1554,PI1M,COC(=O)NCCNC(=O)OCc1ccc(C)cc1,COC(=O)NCCNC(=O)OCc1ccc(C)cc1,coverage,37.0,0.9624665003915307,False
1555,PI1M,CCCCCCCCCCCCCC(=O)NCCCOCCNC(=O)COC,CCCCCCCCCCCCCC(=O)NCCCOCCNC(=O)COC,random,72.0,5.769622518212583,True
1556,omics,*c1ccc(/C=N/c2cccc(/N=C/c3ccc(/C=N/c4ccc(*)cc4)cc3)c2)cc1,Cc1ccc(/C=N/c2cccc(/N=C/c3ccc(/C=N/c4ccc(C)cc4)cc3)c2)cc1,coverage,57.0,3.0777004384750812,False
1557,OMG,*Oc1ccc(OC(=O)CC2CNCC2CC(*)=O)cc1Cl,COc1ccc(OC(=O)CC2CNCC2CC(C)=O)cc1Cl,random,42.0,1.3535165667832443,True
1558,OMG,*OC(CCl)C(COc1cc(OC)cc(OC)c1)OC(=O)C1(C(*)=O)CC(OC)C1,COc1cc(OC)cc(OCC(OC(=O)C2(C(C)=O)CC(OC)C2)C(CCl)OC)c1,random,59.0,3.3768743086298603,True
1559,PI1M,CCC(C)C(=O)Oc1ccccc1C(=O)Oc1ccccc1,CCC(C)C(=O)Oc1ccccc1C(=O)Oc1ccccc1,coverage,40.0,1.187037287474881,False
1560,PolyInfo,*CCCCCOC(=O)Cc1ccc(CC(=O)O*)cc1,CCCCCCOC(=O)Cc1ccc(CC(=O)OC)cc1,coverage,45.0,1.629538578803666,False
1561,OMG,*OC1N(C)C2C(N1C)N(C)C(OC(=O)CCN(CCC(*)=O)S(=O)(=O)c1ccc(F)cc1)N2C,COC1N(C)C2C(N1C)N(C)C(OC(=O)CCN(CCC(C)=O)S(=O)(=O)c1ccc(F)cc1)N2C,dopt,69.0,5.145493557044269,False
1562,OMG,*OC1CCCC(OC(=O)C(C)(C)OC(C)(C)C(*)=O)CCC1,COC1CCCC(OC(=O)C(C)(C)OC(C)(C)C(C)=O)CCC1,coverage,55.0,2.7957518399460364,False
1563,PI1M,COC(C)COC(=O)OCCCOC(=O)OC(CO)COC(=O)c1ccc(NC(=O)OCCOC(C)=O)cc1,COC(C)COC(=O)OCCCOC(=O)OC(CO)COC(=O)c1ccc(NC(=O)OCCOC(C)=O)cc1,random,72.0,5.769622518212583,True
1564,OMG,*OCc1sccc1COC(=O)CCOCCOCCOCCOCCOCCC(*)=O,COCc1sccc1COC(=O)CCOCCOCCOCCOCCOCCC(C)=O,random,68.0,4.947342301951497,True
1565,PI1M,COc1ccc(/N=N/C=C/c2ccc(/C=C/C(=O)c3ccc(C)cc3)cc2)cc1,COc1ccc(/N=N/C=C/c2ccc(/C=C/C(=O)c3ccc(C)cc3)cc2)cc1,random,51.0,2.2818482460254073,True
1566,PI1M,CC(C)C(C)C(=O)N(F)F,CC(C)C(C)C(=O)N(F)F,feature,21.0,0.2097456137295212,False
1567,PI1M,CCC(C)C(SC(C)(OC)OC)P(=O)=O,CCC(C)C(SC(C)(OC)OC)P(=O)=O,dopt,34.0,0.7666572932453927,False
1568,PI1M,CO[Si](C)(Br)c1cccc(C(F)(F)C(F)(F)C(F)(F)F)c1,CO[Si](C)(Br)c1cccc(C(F)(F)C(F)(F)C(F)(F)F)c1,feature,31.0,0.597979011686388,False
1569,PI1M,CS[Si](C)(C)C(F)(F)F,CS[Si](C)(C)C(F)(F)F,feature,18.0,0.1385498383381463,False
1570,PI1M,CCC(F)(F)C(F)(F)C(F)(F)C(F)(F)C(F)(F)C(F)(F)C(F)(F)C(F)(F)COC(=O)CCCCCCCCCC(=O)OC,CCC(F)(F)C(F)(F)C(F)(F)C(F)(F)C(F)(F)C(F)(F)C(F)(F)C(F)(F)COC(=O)CCCCCCCCCC(=O)OC,coverage,71.0,5.556584750444072,False
1571,PI1M,Cc1cc([Si](C)(C)C)ccc1[N+](=O)[O-],Cc1cc([Si](C)(C)C)ccc1[N+](=O)[O-],coverage,29.0,0.49977393112088747,False
1572,PI1M,C/C=C/C=C/C(C)=C(/C)C#N,C/C=C/C=C/C(C)=C(/C)C#N,coverage,24.0,0.30039397989449834,False
1573,PI1M,CCCOC(CC=C)=[PH]=C=C=C(C)OC,C=CCC(OCCC)=[PH]=C=C=C(C)OC,dopt,34.0,0.7666572932453927,False
1574,PI1M,CCCC(C)(C)COC(=O)NC(C)C(=O)OC,CCCC(C)(C)COC(=O)NC(C)C(=O)OC,coverage,40.0,1.187037287474881,False
1575,OMG,*OC(c1cccs1)(c1cccs1)C(OC(=O)c1ncnc(C(*)=O)c1C)(c1cccs1)c1cccs1,COC(c1cccs1)(c1cccs1)C(OC(=O)c1ncnc(C(C)=O)c1C)(c1cccs1)c1cccs1,dopt,59.0,3.3768743086298603,False
1576,PI1M,C/C=C(/C)C#CC#CCCCCCCCCC,C/C=C(/C)C#CC#CCCCCCCCCC,coverage,43.0,1.4419597242422257,False
1577,OMG,*OC1C2OC(c3cccc(N)c32)C1OC(=O)C(CS)NCCNC(CS)C(*)=O,COC1C2OC(c3cccc(N)c32)C1OC(=O)C(CS)NCCNC(CS)C(C)=O,dopt,59.0,3.3768743086298603,False
1578,OMG,*OCc1ccccc1-c1ccccc1COC(=O)C1CCC(C(*)=O)CO1,COCc1ccccc1-c1ccccc1COC(=O)C1CCC(C(C)=O)CO1,coverage,54.0,2.6611061495015087,False
1579,PI1M,CCC(C)(CC(=O)Oc1ccc(/N=N/c2ccc(C#N)cc2)cc1)c1ccc(/N=N/c2ccc(C#N)cc2)cc1,CCC(C)(CC(=O)Oc1ccc(/N=N/c2ccc(C#N)cc2)cc1)c1ccc(/N=N/c2ccc(C#N)cc2)cc1,coverage,66.0,4.5655822516472835,False
1580,PI1M,COC1C2CC(C)COC21,COC1C2CC(C)COC21,feature,24.0,0.30039397989449834,False
1581,PI1M,CCC(F)(F)C(F)(F)C(F)(F)C(F)(F)COC(=O)NNC(=O)OC,CCC(F)(F)C(F)(F)C(F)(F)C(F)(F)COC(=O)NNC(=O)OC,coverage,36.0,0.8940806826961882,False
1582,PI1M,COP(=O)(Br)Oc1ccc(-c2ccc(C)cc2)c(F)c1,COP(=O)(Br)Oc1ccc(-c2ccc(C)cc2)c(F)c1,feature,33.0,0.707498434008989,False
1583,PI1M,CCCCCCC(C)CNC(=O)OCCCCCCCC,CCCCCCCCOC(=O)NCC(C)CCCCCC,coverage,58.0,3.2251081841016833,False
1584,OMG,*Oc1cc(C=Nc2ccc(OCC)cc2)ccc1OC(=O)c1ccc(N=Cc2ccc(C(*)=O)cc2)cc1,CCOc1ccc(N=Cc2ccc(OC(=O)c3ccc(N=Cc4ccc(C(C)=O)cc4)cc3)c(OC)c2)cc1,coverage,67.0,4.754055023099274,False
1585,OMG,*OCN1c2nonc2N(COC(=O)C(CSCC(*)=O)NS(=O)(=O)c2ccc(C)cc2)c2nonc21,COCN1c2nonc2N(COC(=O)C(CSCC(C)=O)NS(=O)(=O)c2ccc(C)cc2)c2nonc21,dopt,60.0,3.533050524994261,False
1586,OMG,*NP(=S)(NCCC)NC(=O)c1nccc(Cl)c1C(*)=O,CCCNP(=S)(NC)NC(=O)c1nccc(Cl)c1C(C)=O,feature,39.0,1.1088856862834737,False
1587,PI1M,CCCCCCCCCCCCCSC(=O)Nc1ccc(Cc2ccc(NC(=O)OC)cc2)cc1,CCCCCCCCCCCCCSC(=O)Nc1ccc(Cc2ccc(NC(=O)OC)cc2)cc1,coverage,77.0,6.911670651446108,False
1588,PI1M,Cc1ccc2c(c1)c1cc(C)ccc1n2CCCCCCCCCC,CCCCCCCCCCn1c2ccc(C)cc2c2cc(C)ccc21,coverage,58.0,3.2251081841016833,False
1589,OMG,*OCCOC(=O)C1=C(C(*)=O)CC(C)=C(C)C1,COCCOC(=O)C1=C(C(C)=O)CC(C)=C(C)C1,coverage,38.0,1.0340483823546922,False
1590,OMG,*OC1CC(NC(=O)OC(C)(C)C)CC1OC(=O)c1ncc(C(*)=O)cn1,COC1CC(NC(=O)OC(C)(C)C)CC1OC(=O)c1ncc(C(C)=O)cn1,coverage,52.0,2.404207673904035,False
1591,PI1M,Cc1ccc(Nc2ccc(Sc3ccc(N4C(=O)c5ccc(Sc6ccc7c(c6)C(=O)N(C)C7=O)cc5C4=O)cc3)c(OCC=C)c2)cc1,C=CCOc1cc(Nc2ccc(C)cc2)ccc1Sc1ccc(N2C(=O)c3ccc(Sc4ccc5c(c4)C(=O)N(C)C5=O)cc3C2=O)cc1,random,78.0,7.155788006079488,True
1592,omics,*CC(=O)OC(=O)c1ccccc1-c1ccccc1C(=O)O*,CCC(=O)OC(=O)c1ccccc1-c1ccccc1C(=O)OC,coverage,39.0,1.1088856862834737,False
1593,PolyInfo,*CC(*)(C)C(=O)OC,CCC(C)(C)C(=O)OC,coverage,23.0,0.2678988587629254,False
1594,omics,*CCCCCCCSCCCCCCS*,CCCCCCCCSCCCCCCSC,coverage,49.0,2.04904001620089,False
1595,PI1M,CCC(C)(C)CNC(=O)C(CCCCCCCCC)C(=O)NCCCCCCNC(=O)NC,CCCCCCCCCC(C(=O)NCCCCCCNC(=O)NC)C(=O)NCC(C)(C)CC,random,85.0,9.016954844909401,True
1596,PI1M,COc1cccc(NC(=O)CCCCCCCCCCC(=O)Nc2ccc(C)nc2)c1,COc1cccc(NC(=O)CCCCCCCCCCC(=O)Nc2ccc(C)nc2)c1,coverage,66.0,4.5655822516472835,False
1597,omics,*c1ccc2c(c1)C(CCC)(CCCCCCCC)c1cc(*)ccc1-2,CCCCCCCCC1(CCC)c2cc(C)ccc2-c2ccc(C)cc21,coverage,62.0,3.858838735716932,False
1598,PI1M,C/C=C/c1ccc(OCCOc2ccc(-c3ccc(OC)cc3)cc2)cc1,C/C=C/c1ccc(OCCOc2ccc(-c3ccc(OC)cc3)cc2)cc1,coverage,51.0,2.2818482460254073,False
1599,PI1M,CC(=O)Nc1ccc(-c2ccc(-c3ccc(NC(C)=O)cc3)cc2)cc1,CC(=O)Nc1ccc(-c2ccc(-c3ccc(NC(C)=O)cc3)cc2)cc1,coverage,46.0,1.7287872538090088,False
1600,OMG,*OC1CCC(C(C)(C)C2CCC(OC(=O)C3CC(C)C(C)CC3C(*)=O)CC2)CC1,COC1CCC(C(C)(C)C2CCC(OC(=O)C3CC(C)C(C)CC3C(C)=O)CC2)CC1,random,77.0,6.911670651446108,True
1601,OMG,*NC12CC(C34CC(NC(=O)C(C)(C)SC(=S)SC(C)(C)C(*)=O)(C3)C4)(C1)C2,CNC12CC(C34CC(NC(=O)C(C)(C)SC(=S)SC(C)(C)C(C)=O)(C3)C4)(C1)C2,dopt,60.0,3.533050524994261,False
1602,PI1M,COC(=C(C)CCNC(=O)CCC(=O)Nc1ccc(C)c(NC(=O)Oc2cccc(C)c2)c1)c1ccc(/N=N/c2ccccc2)cc1,COC(=C(C)CCNC(=O)CCC(=O)Nc1ccc(C)c(NC(=O)Oc2cccc(C)c2)c1)c1ccc(/N=N/c2ccccc2)cc1,random,86.0,9.30515942952161,True
1603,omics,*CC(=O)OC(=O)COc1ccc(C(C)(C)c2ccc(OCC(=O)OC(=O)c3cccc(C(=O)OC(=O)C*)c3)cc2)cc1,CCC(=O)OC(=O)COc1ccc(C(C)(C)c2ccc(OCC(=O)OC(=O)c3cccc(C(=O)OC(=O)CC)c3)cc2)cc1,coverage,76.0,6.672852850107062,False
1604,OMG,*Nc1ccc(NC(=O)CSc2nnc(SCC(*)=O)s2)c2ccccc12,CNc1ccc(NC(=O)CSc2nnc(SCC(C)=O)s2)c2ccccc12,coverage,45.0,1.629538578803666,False
1605,OMG,*OCC(OCc1ccccc1)C(OCc1ccccc1)C(OCc1ccccc1)C(COC(=O)C1=CC(C)C=C(C(*)=O)O1)OCc1ccccc1,COCC(OCc1ccccc1)C(OCc1ccccc1)C(OCc1ccccc1)C(COC(=O)C1=CC(C)C=C(C(C)=O)O1)OCc1ccccc1,random,101.0,14.339944818418587,True
1606,OMG,*OCc1cc(COC(=O)c2ccc(Br)cc2CC(*)=O)n[nH]1,COCc1cc(COC(=O)c2ccc(Br)cc2CC(C)=O)n[nH]1,random,40.0,1.187037287474881,True
1607,PolyInfo,*CC(C=C)O*,C=CC(CC)OC,coverage,19.0,0.16023971771432066,False
1608,OMG,*Oc1nn(C)cc1COC(=O)C(CCC(*)=O)NC=N,COc1nn(C)cc1COC(=O)C(CCC(C)=O)NC=N,random,41.0,1.2685615949723126,True
1609,PI1M,CNC(=S)NC1CCN(C)C1,CNC(=S)NC1CCN(C)C1,random,26.0,0.372564345698904,True
1610,PI1M,CCC/C=C(\C#N)C(=O)OC,CCC/C=C(\C#N)C(=O)OC,coverage,22.0,0.23770591902308572,False
1611,omics,*N=P(N=[PH](N=S(*)(=O)NC)NCCCCCC)(NC)NC,CCCCCCN[PH](=NP(=NC)(NC)NC)N=S(C)(=O)NC,dopt,55.0,2.7957518399460364,False
1612,PI1M,CCCCCCCC(=O)Nc1ccc(Cc2ccc(NC(=O)CCCCCCCCCCCCCCC(C)=O)cc2)cc1,CCCCCCCC(=O)Nc1ccc(Cc2ccc(NC(=O)CCCCCCCCCCCCCCC(C)=O)cc2)cc1,coverage,101.0,14.339944818418587,False
1613,omics,*CCCCC(c1ccc(O)cc1C)C(*)c1ccc(O)cc1C,CCCCCC(c1ccc(O)cc1C)C(C)c1ccc(O)cc1C,coverage,54.0,2.6611061495015087,False
1614,OMG,*Nc1cncc(NC(=O)CC(COc2ccccc2)CC(*)=O)n1,CNc1cncc(NC(=O)CC(COc2ccccc2)CC(C)=O)n1,random,47.0,1.8317500939966918,True
1615,PI1M,CN=P(C)(OCCCCCCCCCC)c1ccc(/N=N/c2ccc([N+](=O)[O-])cc2)cc1,CCCCCCCCCCOP(C)(=NC)c1ccc(/N=N/c2ccc([N+](=O)[O-])cc2)cc1,coverage,67.0,4.754055023099274,False
1616,OMG,*Oc1c(Br)cc(Br)cc1Oc1cc(Br)c(OC(=O)C(CCC(*)=O)NC(=O)CBr)c(Br)c1,COc1c(Br)cc(Br)cc1Oc1cc(Br)c(OC(=O)C(CCC(C)=O)NC(=O)CBr)c(Br)c1,dopt,51.0,2.2818482460254073,False
1617,OMG,*Oc1cc(OC(=O)C(CCC(*)=O)NC(=O)c2ccccc2)ccc1CC=O,COc1cc(OC(=O)C(CCC(C)=O)NC(=O)c2ccccc2)ccc1CC=O,random,52.0,2.404207673904035,True
1618,PI1M,CC(=O)c1ccc(C(=O)OCCOC(=O)c2ccc3c(c2)C(=O)N2C=CC2=CC=C2CC(=CC=C(NC(=O)Nc4ccc(N5C(=O)c6ccc(C)cc6C5=O)cc4)C=C3)NC(=O)N2)cc1,CC(=O)c1ccc(C(=O)OCCOC(=O)c2ccc3c(c2)C(=O)N2C=CC2=CC=C2CC(=CC=C(NC(=O)Nc4ccc(N5C(=O)c6ccc(C)cc6C5=O)cc4)C=C3)NC(=O)N2)cc1,dopt,103.0,15.11663472847618,False
1619,PI1M,CNC(=O)CC(C)=O,CNC(=O)CC(C)=O,random,17.0,0.11880386870633687,True
1620,PI1M,Cc1ccc(C)c(C(=O)OCCCCCCCCCCCCCCCCCCCCC)c1,CCCCCCCCCCCCCCCCCCCCCOC(=O)c1cc(C)ccc1C,coverage,84.0,8.734423876530629,False
1621,OMG,*OCN1c2nonc2N(COC(=O)C(CCC(*)=O)NC(C)=O)c2nonc21,COCN1c2nonc2N(COC(=O)C(CCC(C)=O)NC(C)=O)c2nonc21,dopt,48.0,1.9384826272146733,False
1622,PI1M,CCC(C)=P(F)(F)C(F)(F)C(F)(F)C(F)(F)F,CCC(C)=P(F)(F)C(F)(F)C(F)(F)C(F)(F)F,feature,25.0,0.33525989756051233,False
1623,omics,*NC(=S)NO*,CNC(=S)NOC,feature,15.0,0.08484152603281661,False
1624,OMG,*OC1=CC(=O)C(OC(=O)C(CC(*)=O)NCC)=CC1=O,CCNC(CC(C)=O)C(=O)OC1=CC(=O)C(OC)=CC1=O,coverage,38.0,1.0340483823546922,False
1625,PI1M,CCC(C)OC(=O)c1ccc(OCC(F)C(F)(F)C(F)(F)[Si](F)(F)C[Si](F)(F)F)cc1,CCC(C)OC(=O)c1ccc(OCC(F)C(F)(F)C(F)(F)[Si](F)(F)C[Si](F)(F)F)cc1,dopt,49.0,2.04904001620089,False
1626,PI1M,CCCCCCCSSSSSSSSSSSSSSSSSSSSSSC,CCCCCCCSSSSSSSSSSSSSSSSSSSSSSC,dopt,48.0,1.9384826272146733,False
1627,PolyInfo,*CC(OO*)c1ccc(Br)cc1,CCC(OOC)c1ccc(Br)cc1,feature,26.0,0.372564345698904,False
1628,PI1M,C/C=C/c1cc(C)c(C#N)cc1C,C/C=C/c1cc(C)c(C#N)cc1C,coverage,26.0,0.372564345698904,False
1629,OMG,*NCCN(CCNC(=O)c1cccc(C(*)=O)c1C(C)=O)N=O,CNCCN(CCNC(=O)c1cccc(C(C)=O)c1C(C)=O)N=O,random,46.0,1.7287872538090088,True
1630,PI1M,CCCCCCC(=O)Nc1ccc(/N=N/c2ccc(OC)cc2)cc1,CCCCCCC(=O)Nc1ccc(/N=N/c2ccc(OC)cc2)cc1,coverage,50.0,2.1634770685187323,False
1631,OMG,*OCCCCCCCCCCCCCCCCCCCCCCOC(=O)C(CC(*)=O)NCC,CCNC(CC(C)=O)C(=O)OCCCCCCCCCCCCCCCCCCCCCCOC,coverage,94.0,11.820528946214294,False
1632,PI1M,Cc1cc(CCCCCCCCCCCCCCCC)c(C=C)cc1OCCCCCC,C=Cc1cc(OCCCCCC)c(C)cc1CCCCCCCCCCCCCCCC,coverage,86.0,9.30515942952161,False
1633,OMG,*Oc1ccccc1C=NNC(=O)c1ccc(C(=O)NN=Cc2ccccc2OC(=O)CCC(=NN=C(CCC(*)=O)c2ccccc2)c2ccccc2)o1,COc1ccccc1C=NNC(=O)c1ccc(C(=O)NN=Cc2ccccc2OC(=O)CCC(=NN=C(CCC(C)=O)c2ccccc2)c2ccccc2)o1,dopt,93.0,11.48529398776902,False
1634,PI1M,COc1ccc(Oc2ccc(/C=N/c3ccc(Oc4ccc(NC(=O)c5ccc(C)cc5)cc4)cc3)cc2)cc1,COc1ccc(Oc2ccc(/C=N/c3ccc(Oc4ccc(NC(=O)c5ccc(C)cc5)cc4)cc3)cc2)cc1,coverage,68.0,4.947342301951497,False
1635,PI1M,C/C=C/C=C/C=C/C=C/CCCCCC,C/C=C/C=C/C=C/C=C/CCCCCC,coverage,39.0,1.1088856862834737,False
1636,PI1M,CCCNC(=O)c1ccc(C(=O)NNC(=O)C2=CC=C(C(=O)Nc3ccc(C(=O)Nc4ccc(P(=O)(c5ccccc5)c5ccc(/N=N/c6ccc(C(=O)Nc7ccc(C)cc7)cc6)cc5)cc4)cc3)CCCC2)cc1,CCCNC(=O)c1ccc(C(=O)NNC(=O)C2=CC=C(C(=O)Nc3ccc(C(=O)Nc4ccc(P(=O)(c5ccccc5)c5ccc(/N=N/c6ccc(C(=O)Nc7ccc(C)cc7)cc6)cc5)cc4)cc3)CCCC2)cc1,dopt,131.0,28.865744948045254,False
1637,PI1M,CCC(COc1ccc(/N=N/c2ccc(/N=N/c3cc(Cl)c(OC)c(OC)c3)cc2C)cc1OCCCOc1ccc(C(C)(C)C#N)cc1)C(=O)OCCCCCCOc1ccc(-c2ccc(C#N)cc2)cc1,CCC(COc1ccc(/N=N/c2ccc(/N=N/c3cc(Cl)c(OC)c(OC)c3)cc2C)cc1OCCCOc1ccc(C(C)(C)C#N)cc1)C(=O)OCCCCCCOc1ccc(-c2ccc(C#N)cc2)cc1,dopt,134.0,30.67855445817267,False
1638,PI1M,CCC(CCCCCCCCCCOc1ccc(/N=N/c2ccc([N+](=O)[O-])cc2)cc1)C(=O)OC,CCC(CCCCCCCCCCOc1ccc(/N=N/c2ccc([N+](=O)[O-])cc2)cc1)C(=O)OC,coverage,72.0,5.769622518212583,False
1639,PI1M,CCC(O)COC(=O)Nc1ccc(C)c(C(=O)NC)c1,CCC(O)COC(=O)Nc1ccc(C)c(C(=O)NC)c1,random,40.0,1.187037287474881,True
1640,PI1M,CCC(C)c1cc(OC(=O)c2ccc(OCC)cc2)ccc1C,CCOc1ccc(C(=O)Oc2ccc(C)c(C(C)CC)c2)cc1,coverage,47.0,1.8317500939966918,False
1641,OMG,*OCC(COC(C)(C)C)OC(=O)C12CC(C(*)=O)(CO1)C2,COCC(COC(C)(C)C)OC(=O)C12CC(C(C)=O)(CO1)C2,random,48.0,1.9384826272146733,True
1642,PI1M,CCCCCCCCCCN(C)C(=O)CCCCCCCCCCCC,CCCCCCCCCCCCC(=O)N(C)CCCCCCCCCC,coverage,75.0,6.439287015998562,False
1643,OMG,*OC(COC(=O)C1CC(C(*)=O)CO1)c1ccncc1Br,COC(COC(=O)C1CC(C(C)=O)CO1)c1ccncc1Br,random,40.0,1.187037287474881,True
1644,PI1M,CCCCCCCCOc1ccc(/C=N/c2ccc(/N=C/c3ccc(OC)cc3)cc2)cc1,CCCCCCCCOc1ccc(/C=N/c2ccc(/N=C/c3ccc(OC)cc3)cc2)cc1,coverage,67.0,4.754055023099274,False
1645,PI1M,Cc1ccc(S(=O)(=O)c2ccc(-n3c(=O)c4cc5c(=O)n5c(=O)n(C)c(=O)c=4c3=O)cc2)cc1,Cc1ccc(S(=O)(=O)c2ccc(-n3c(=O)c4cc5c(=O)n5c(=O)n(C)c(=O)c=4c3=O)cc2)cc1,feature,49.0,2.04904001620089,False
1646,OMG,*Oc1c(Cl)cc(Cl)cc1C=Nc1ccc(N=Cc2cc(Cl)cc(Cl)c2OC(=O)c2ccccc2N=Cc2ccc(C=Nc3ccccc3C(*)=O)cc2)cc1,COc1c(Cl)cc(Cl)cc1C=Nc1ccc(N=Cc2cc(Cl)cc(Cl)c2OC(=O)c2ccccc2N=Cc2ccc(C=Nc3ccccc3C(C)=O)cc2)cc1,dopt,86.0,9.30515942952161,False
1647,OMG,*OCCCCCCCOC(=O)C(CCCCc1ccccc1)C(*)=O,COCCCCCCCOC(=O)C(CCCCc1ccccc1)C(C)=O,coverage,60.0,3.533050524994261,False
1648,PI1M,CCCCCCCCCCCNC(=O)C(CCCCCCCCCNC(=O)NC)c1ccccc1,CCCCCCCCCCCNC(=O)C(CCCCCCCCCNC(=O)NC)c1ccccc1,coverage,88.0,9.898773174753035,False
1649,PI1M,CO[Si](C)(C)O[Si](C)(C)O[Si](C)(C)O[Si](C)(CC(F)(F)C(F)(F)C(F)(F)C(F)(F)C(F)(F)C(F)(F)C(F)(F)C(F)(F)C(F)(F)C(F)(F)C(F)(F)C(F)(F)C(F)(F)C(F)(F)F)C(C)(F)F,CO[Si](C)(C)O[Si](C)(C)O[Si](C)(C)O[Si](C)(CC(F)(F)C(F)(F)C(F)(F)C(F)(F)C(F)(F)C(F)(F)C(F)(F)C(F)(F)C(F)(F)C(F)(F)C(F)(F)C(F)(F)C(F)(F)C(F)(F)F)C(C)(F)F,dopt,93.0,11.48529398776902,False
1650,PI1M,CCCCCCCCCCCCCCCCCNC(=O)C1CCC(C(C)=O)C1,CCCCCCCCCCCCCCCCCNC(=O)C1CCC(C(C)=O)C1,coverage,75.0,6.439287015998562,False
1651,PI1M,CCC(O)COc1ccc(C(=O)OCCCCCCCCOc2ccc(OC)cc2)cc1,CCC(O)COc1ccc(C(=O)OCCCCCCCCOc2ccc(OC)cc2)cc1,coverage,68.0,4.947342301951497,False
1652,PolyInfo,*CC(*)CCc1ccc(C)cc1,CCC(C)CCc1ccc(C)cc1,coverage,33.0,0.707498434008989,False
1653,OMG,*NP(=S)(NC(=O)CN(CC(*)=O)S(=O)(=O)c1ccc(OC)cc1)NC1CCCCC1,CNP(=S)(NC(=O)CN(CC(C)=O)S(=O)(=O)c1ccc(OC)cc1)NC1CCCCC1,dopt,62.0,3.858838735716932,False
1654,OMG,*Oc1cccc(Br)c1C(C)(C)COC(=O)C(C)(Cc1ccccc1Cl)C(*)=O,COc1cccc(Br)c1C(C)(C)COC(=O)C(C)(Cc1ccccc1Cl)C(C)=O,coverage,55.0,2.7957518399460364,False
1655,omics,*/C=C/CCCCC(C)CCC*,C/C=C/CCCCC(C)CCCC,coverage,39.0,1.1088856862834737,False
1656,PI1M,CO[Si](NC(=O)CCCCC(=O)OO)c1ccccc1C(C)=O,CO[Si](NC(=O)CCCCC(=O)OO)c1ccccc1C(C)=O,dopt,43.0,1.4419597242422257,False
1657,PI1M,CNc1cccc(NCC(=O)NNC(=O)c2ccc(Cc3ccc(-c4ccc(C(C)=O)cc4C(=O)O)cc3)cc2)c1,CNc1cccc(NCC(=O)NNC(=O)c2ccc(Cc3ccc(-c4ccc(C(C)=O)cc4C(=O)O)cc3)cc2)c1,random,71.0,5.556584750444072,True
1658,OMG,*Oc1cc(OCC)cc(OC(=O)C(CCCc2ccccc2)(CCCc2ccccc2)C(*)=O)c1Br,CCOc1cc(OC)c(Br)c(OC(=O)C(CCCc2ccccc2)(CCCc2ccccc2)C(C)=O)c1,random,72.0,5.769622518212583,True
1659,PI1M,CN=P(C)(CCC(F)(F)F)CCC(F)(F)F,CN=P(C)(CCC(F)(F)F)CCC(F)(F)F,coverage,30.0,0.5474937425136082,False
1660,PI1M,CCCC(=O)NCc1ccccc1CNC(=O)CCCCC(=O)NC,CCCC(=O)NCc1ccccc1CNC(=O)CCCCC(=O)NC,coverage,54.0,2.6611061495015087,False
1661,omics,*N=P(N=P(N=S(*)(=O)NCC=C)(NCC=C)NCC=C)(NCC=C)Nc1ccccc1,C=CCNP(=NP(=NC)(NCC=C)Nc1ccccc1)(N=S(C)(=O)NCC=C)NCC=C,dopt,68.0,4.947342301951497,False
1662,PI1M,CCCCCCCCCCP(CCCCCCC)CNC(=O)CCCCCCCCCCCCCCCCCC(=O)NC,CCCCCCCCCCP(CCCCCCC)CNC(=O)CCCCCCCCCCCCCCCCCC(=O)NC,dopt,120.0,22.799248727216224,False
1663,omics,*Oc1ccc(C(=O)OCCOCCOCCOCCOC(=O)OC2COC3C(*)COC23)cc1OC,COc1ccc(C(=O)OCCOCCOCCOCCOC(=O)OC2COC3C(C)COC23)cc1OC,random,73.0,5.987719929256527,True
1664,OMG,*OC1=NC(OC(=O)C(CC(*)=O)NCC(F)(F)F)=NC(=O)C1(Br)Br,COC1=NC(OC(=O)C(CC(C)=O)NCC(F)(F)F)=NC(=O)C1(Br)Br,random,37.0,0.9624665003915307,True
1665,PI1M,CCC(C)c1c(F)ccc(F)c1F,CCC(C)c1c(F)ccc(F)c1F,coverage,24.0,0.30039397989449834,False
1666,OMG,*Oc1c(Br)cc(Br)cc1C=NNC(=O)NN=Cc1cc(Br)cc(Br)c1OC(=O)CCOCCOCCOCCOCCOCCOCCOCCC(*)=O,COc1c(Br)cc(Br)cc1C=NNC(=O)NN=Cc1cc(Br)cc(Br)c1OC(=O)CCOCCOCCOCCOCCOCCOCCOCCC(C)=O,dopt,101.0,14.339944818418587,False
1667,OMG,*OCC(C)(C)COC(=O)C(OC(=O)C(C)(C)C)C(OC(=O)C(C)(C)C)C(*)=O,COCC(C)(C)COC(=O)C(OC(=O)C(C)(C)C)C(OC(=O)C(C)(C)C)C(C)=O,coverage,65.0,4.381874289318153,False
1668,PolyInfo,*OP(=O)(Oc1ccc(-c2ccc(*)cc2)cc1)c1ccccc1,COP(=O)(Oc1ccc(-c2ccc(C)cc2)cc1)c1ccccc1,coverage,43.0,1.4419597242422257,False
1669,OMG,*Oc1cc(Cl)c(C(C)=O)c(OC(=O)C2CCC(C(*)=O)S2)c1,COc1cc(Cl)c(C(C)=O)c(OC(=O)C2CCC(C(C)=O)S2)c1,random,40.0,1.187037287474881,True
1670,PI1M,C[Si](C)(CCCCCCC)OCCCCCCCCCCCCCCCC,CCCCCCCCCCCCCCCCO[Si](C)(C)CCCCCCC,coverage,81.0,7.920410401396693,False
1671,OMG,*Oc1cc(C(F)(F)F)cc(OC(=O)C2CC(C(*)=O)N(C)N2C)c1C(F)(F)F,COc1cc(C(F)(F)F)cc(OC(=O)C2CC(C(C)=O)N(C)N2C)c1C(F)(F)F,random,47.0,1.8317500939966918,True
1672,PI1M,CCC(C)OC(F)(F)C(F)(F)C(F)(F)C(F)(F)C(F)(F)F,CCC(C)OC(F)(F)C(F)(F)C(F)(F)C(F)(F)C(F)(F)F,coverage,30.0,0.5474937425136082,False
1673,PI1M,C/C=C/c1ccc(OOC)cc1,C/C=C/c1ccc(OOC)cc1,feature,24.0,0.30039397989449834,False
1674,OMG,*OCCCCCCCCCCCCCCCOC(=O)c1cc(C=O)ccc1C(*)=O,COCCCCCCCCCCCCCCCOC(=O)c1cc(C=O)ccc1C(C)=O,coverage,71.0,5.556584750444072,False
1675,PI1M,CO[Si](C)(C)O[Si](C)(C)O[Si](C)(C)O[Si](C)(C)O[Si](C)(C)O[Si](C)(C)O[Si](C)(C)O[Si](C)(C)O[Si](C)(C)O[Si](C)(C)CCC(C)Cl,CO[Si](C)(C)O[Si](C)(C)O[Si](C)(C)O[Si](C)(C)O[Si](C)(C)O[Si](C)(C)O[Si](C)(C)O[Si](C)(C)O[Si](C)(C)O[Si](C)(C)CCC(C)Cl,dopt,117.0,21.298202540382935,False
1676,omics,*Oc1cccc(OC(=O)Oc2ccc(OC(=O)Oc3cccc(OC(*)=O)c3)cc2)c1,COc1cccc(OC(=O)Oc2ccc(OC(=O)Oc3cccc(OC(C)=O)c3)cc2)c1,coverage,50.0,2.1634770685187323,False
1677,PI1M,C/C=C/C1=CC(OCCCCCCCCCC)=C(/C=C/c2cc(OCCCCCCCCCC)c(C)cc2CCCCCC)[PH](=O)c2ccccc2C1=O,C/C=C/C1=CC(OCCCCCCCCCC)=C(/C=C/c2cc(OCCCCCCCCCC)c(C)cc2CCCCCC)[PH](=O)c2ccccc2C1=O,dopt,127.0,26.555531250632615,False
1678,PI1M,CCCCCOc1ccc(C(=O)OCCCCCCCCOC(=O)c2ccc(OC)cc2)cc1,CCCCCOc1ccc(C(=O)OCCCCCCCCOC(=O)c2ccc(OC)cc2)cc1,random,72.0,5.769622518212583,True
1679,PI1M,CS[Si](C)(C)C,CS[Si](C)(C)C,feature,18.0,0.1385498383381463,False
1680,OMG,*OCC1OC(OC)CC1OC(=O)C(Br)CC(*)=O,COCC1OC(OC)CC1OC(=O)C(Br)CC(C)=O,coverage,38.0,1.0340483823546922,False
1681,PI1M,C/C=C(/C)C[SH](=O)=S,C/C=C(/C)C[SH](=O)=S,feature,18.0,0.1385498383381463,False
1682,OMG,*Oc1[nH]c(=S)[nH]c(=O)c1Cc1c(OC(=O)Cc2ccc(CC(*)=O)s2)[nH]c(=S)[nH]c1=O,COc1[nH]c(=S)[nH]c(=O)c1Cc1c(OC(=O)Cc2ccc(CC(C)=O)s2)[nH]c(=S)[nH]c1=O,dopt,50.0,2.1634770685187323,False
1683,PI1M,CNC(=O)NCCSCCNC(=O)NCCNC(C)=O,CNC(=O)NCCSCCNC(=O)NCCNC(C)=O,random,43.0,1.4419597242422257,True
1684,OMG,*OC(C)(C)P1(=O)OCC2(CO1)COP(=O)(C(C)(C)OC(=O)C1CCC1C(*)=O)OC2,COC(C)(C)P1(=O)OCC2(CO1)COP(=O)(C(C)(C)OC(=O)C1CCC1C(C)=O)OC2,dopt,63.0,4.0285528241783775,False
1685,PI1M,CCC1CC(C)O1,CCC1CC(C)O1,coverage,19.0,0.16023971771432066,False
1686,OMG,*Oc1cc(OC(=O)C(CCCc2ccccc2)C(*)=O)c(F)cc1OC,COc1cc(F)c(OC(=O)C(CCCc2ccccc2)C(C)=O)cc1OC,coverage,50.0,2.1634770685187323,False
1687,OMG,*OC(COC(=O)C(C)CCC(*)=O)c1ncccc1Br,COC(COC(=O)C(C)CCC(C)=O)c1ncccc1Br,random,41.0,1.2685615949723126,True
1688,omics,*c1ccc(-c2ccc(N(*)CC)cc2)cc1,CCN(C)c1ccc(-c2ccc(C)cc2)cc1,coverage,36.0,0.8940806826961882,False
1689,OMG,*Nc1cc(F)c(NC(=O)C(C)(Cl)CSSCC(C)(Cl)C(*)=O)c(Cl)c1,CNc1cc(F)c(NC(=O)C(C)(Cl)CSSCC(C)(Cl)C(C)=O)c(Cl)c1,random,46.0,1.7287872538090088,True
1690,OMG,*OCC1CCN(CCOC(=O)C2NC(C(*)=O)CS2)CC1,COCC1CCN(CCOC(=O)C2NC(C(C)=O)CS2)CC1,random,48.0,1.9384826272146733,True
1691,PI1M,CCCC(COC(=O)OC)C(C#N)=C(Cl)Cl,CCCC(COC(=O)OC)C(C#N)=C(Cl)Cl,random,29.0,0.49977393112088747,True
1692,OMG,*NNC(=S)NCCNC(=S)NNC(=O)CCCCCCCCCCCCCCCCCCCCCCCCCCCCCCC(*)=O,CNNC(=S)NCCNC(=S)NNC(=O)CCCCCCCCCCCCCCCCCCCCCCCCCCCCCCC(C)=O,dopt,124.0,24.90160373066553,False
1693,PI1M,COP(=O)(O)OC1(COC)O[PH](C)(S)O1,COCC1(OP(=O)(O)OC)O[PH](C)(S)O1,dopt,29.0,0.49977393112088747,False
1694,PI1M,COC(=O)C(CC(C)=O)C(=O)OC,COC(=O)C(CC(C)=O)C(=O)OC,coverage,25.0,0.33525989756051233,False
1695,PI1M,Cc1ccc([Si](C)(C)O[Si](C)(C)[Si](C)(F)O[Si](F)(F)F)cc1C,Cc1ccc([Si](C)(C)O[Si](C)(C)[Si](C)(F)O[Si](F)(F)F)cc1C,dopt,47.0,1.8317500939966918,False
1696,PI1M,CCCCCCNC(C)(C)C(C)C,CCCCCCNC(C)(C)C(C)C,random,40.0,1.187037287474881,True
1697,PI1M,CCCCCCCCCCCCCCOC(=O)c1ccc(/C=N/c2ccc(C(=O)OC)cc2)cc1,CCCCCCCCCCCCCCOC(=O)c1ccc(/C=N/c2ccc(C(=O)OC)cc2)cc1,coverage,76.0,6.672852850107062,False
1698,PI1M,COc1cccc(NC(=O)c2cc(OCCCCCCCCCCCCCC)cc(C(C)=O)c2C)c1OCCCCCC,CCCCCCCCCCCCCCOc1cc(C(C)=O)c(C)c(C(=O)Nc2cccc(OC)c2OCCCCCC)c1,random,100.0,13.96120758869343,True
1699,OMG,*OCCS(CCOC(=O)C12c3ccccc3C(C(*)=O)(c3ccccc31)c1ccccc12)=NS(=O)(=O)c1ccc(C)cc1,COCCS(CCOC(=O)C12c3ccccc3C(C(C)=O)(c3ccccc31)c1ccccc12)=NS(=O)(=O)c1ccc(C)cc1,dopt,77.0,6.911670651446108,False
1700,PI1M,CCc1ccnc(=O)c2ccc(C(=O)SC)cc2c1=O,CCc1ccnc(=O)c2ccc(C(=O)SC)cc2c1=O,dopt,33.0,0.707498434008989,False
1701,PI1M,COc1ccc(/C=N/CCC/C=C/c2ccc(/C=C/c3ccc(C)cc3)cc2)cc1,COc1ccc(/C=N/CCC/C=C/c2ccc(/C=C/c3ccc(C)cc3)cc2)cc1,coverage,59.0,3.3768743086298603,False
1702,PI1M,CCCCCCCCCCCCCCCCCCCCCCOC(=O)C1CCC1C,CCCCCCCCCCCCCCCCCCCCCCOC(=O)C1CCC1C,coverage,84.0,8.734423876530629,False
1703,PI1M,CC#CC(CCCCCC#CC#C)C(CC(C)=O)C[SH](C)(C)C,C#CC#CCCCCCC(C#CC)C(CC(C)=O)C[SH](C)(C)C,dopt,56.0,2.934599081644776,False
1704,PI1M,CNC(C)C(=O)NCCCCCCNC(=O)CCCCC(=O)NCCCCCC(C)=O,CNC(C)C(=O)NCCCCCCNC(=O)CCCCC(=O)NCCCCCC(C)=O,coverage,75.0,6.439287015998562,False
1705,PI1M,CCc1ccc([Si](C)(C)C#N)cc1,CCc1ccc([Si](C)(C)C#N)cc1,coverage,28.0,0.4547556347186134,False
1706,OMG,*Oc1cc(C)c(C)cc1OC(=O)C(CCC(*)=O)NC(C)=O,COc1cc(C)c(C)cc1OC(=O)C(CCC(C)=O)NC(C)=O,coverage,46.0,1.7287872538090088,False
1707,OMG,*OC(CN(C(=O)Oc1ccccc1)C(C)(C)COC(=O)C1CC(C(*)=O)N(C(=O)OC(C)(C)C)N1C(=O)OC(C)(C)C)c1cccc(Cl)c1,COC(CN(C(=O)Oc1ccccc1)C(C)(C)COC(=O)C1CC(C(C)=O)N(C(=O)OC(C)(C)C)N1C(=O)OC(C)(C)C)c1cccc(Cl)c1,coverage,98.0,13.22272994707856,False
1708,PI1M,CCOC(=O)NCCCCCCCCCCCCCCNC(=O)OC,CCOC(=O)NCCCCCCCCCCCCCCNC(=O)OC,coverage,63.0,4.0285528241783775,False
1709,PI1M,CCC(C)C1=CS(Cl)=CC=C1O,CCC(C)C1=CS(Cl)=CC=C1O,feature,25.0,0.33525989756051233,False
1710,PI1M,CCC(C)(F)C(=O)OCC(F)(F)C(F)(F)C(F)(F)C(F)(F)C(F)(F)C(F)(F)C(F)(F)C(F)(F)C(F)(F)C(F)(F)C(F)F,CCC(C)(F)C(=O)OCC(F)(F)C(F)(F)C(F)(F)C(F)(F)C(F)(F)C(F)(F)C(F)(F)C(F)(F)C(F)(F)C(F)(F)C(F)F,coverage,53.0,2.5306091492877196,False
1711,PI1M,CCC(C)C(=O)OCCCCCCCCCCCCCCOC(=O)OC(F)(F)C(F)(F)C(F)F,CCC(C)C(=O)OCCCCCCCCCCCCCCOC(=O)OC(F)(F)C(F)(F)C(F)F,random,72.0,5.769622518212583,True
1712,PI1M,CCC(C)(C)COC(=O)NCC(=O)OC,CCC(C)(C)COC(=O)NCC(=O)OC,coverage,34.0,0.7666572932453927,False
1713,OMG,*Oc1cc(OC)ccc1C(F)(F)COC(=O)C12COCC(C(*)=O)(C1)C2,COc1ccc(C(F)(F)COC(=O)C23COCC(C(C)=O)(C2)C3)c(OC)c1,random,49.0,2.04904001620089,True
1714,PolyInfo,*Oc1ccc(S(=O)(=O)c2ccc(Oc3ccc(C(C)(C)c4ccc(*)c([N-][N+]#N)c4)cc3[N-][N+]#N)cc2)c([N-][N+]#N)c1,COc1ccc(S(=O)(=O)c2ccc(Oc3ccc(C(C)(C)c4ccc(C)c([N-][N+]#N)c4)cc3[N-][N+]#N)cc2)c([N-][N+]#N)c1,feature,68.0,4.947342301951497,False
1715,PI1M,Cc1ccc(C)c(S(=O)(=O)O)c1,Cc1ccc(C)c(S(=O)(=O)O)c1,coverage,22.0,0.23770591902308572,False
1716,PI1M,COc1ccc(OC(=O)c2ccc(OCCCCCCCCCCOc3ccc(/C=N/c4ccc([N+](=O)[O-])cc4)cc3)cc2)cc1C,COc1ccc(OC(=O)c2ccc(OCCCCCCCCCCOc3ccc(/C=N/c4ccc([N+](=O)[O-])cc4)cc3)cc2)cc1C,coverage,89.0,10.204273787941979,False
1717,PolyInfo,*CCSSSS*,CCCSSSSC,coverage,18.0,0.1385498383381463,False
1718,OMG,*Nc1c(C#N)c(C#N)c(C#N)c(C#N)c1NC(=O)CSc1nnc(SCC(*)=O)s1,CNc1c(C#N)c(C#N)c(C#N)c(C#N)c1NC(=O)CSc1nnc(SCC(C)=O)s1,dopt,43.0,1.4419597242422257,False
1719,OMG,*OC(C(=O)CC(=O)ON1C(=O)CCC1=O)C(OC(=O)C1(C(*)=O)CC2(CCOCC2)C1)C(=O)CC(=O)ON1C(=O)CCC1=O,COC(C(=O)CC(=O)ON1C(=O)CCC1=O)C(OC(=O)C1(C(C)=O)CC2(CCOCC2)C1)C(=O)CC(=O)ON1C(=O)CCC1=O,dopt,77.0,6.911670651446108,False
1720,PI1M,COc1ccc(C(C)(c2ccccc2)c2ccc(OF)c(C)c2)c(F)c1F,COc1ccc(C(C)(c2ccccc2)c2ccc(OF)c(C)c2)c(F)c1F,feature,46.0,1.7287872538090088,False
1721,omics,*CC1CCCC1*,CCC1CCCC1C,coverage,24.0,0.30039397989449834,False
1722,OMG,*Oc1c(COC(=O)c2c(OC)cccc2C(*)=O)ccnc1Cl,COc1cccc(C(C)=O)c1C(=O)OCc1ccnc(Cl)c1OC,random,40.0,1.187037287474881,True
1723,PI1M,COC(C#[SH])SC,COC(C#[SH])SC,feature,15.0,0.08484152603281661,False
1724,OMG,*Oc1nc(C(F)(F)F)cc(OC(=O)c2ccc(N=Cc3ccc(C(*)=O)cc3)cc2)c1Br,COc1nc(C(F)(F)F)cc(OC(=O)c2ccc(N=Cc3ccc(C(C)=O)cc3)cc2)c1Br,random,49.0,2.04904001620089,True
1725,PI1M,CCC(C)c1cc(OCCCCCCCC)ccc1OCCCCCCCC,CCCCCCCCOc1ccc(OCCCCCCCC)c(C(C)CC)c1,coverage,74.0,6.210925368545501,False
1726,OMG,*Oc1cccc(OC(=O)c2cc(C(*)=O)ccc2N)c1N,COc1cccc(OC(=O)c2cc(C(C)=O)ccc2N)c1N,coverage,38.0,1.0340483823546922,False
1727,PI1M,COc1ccc(CC(NC(=O)Cc2ccc(OC(=O)CCCCCCC(C)=O)cc2)C(=O)OC)cc1,COC(=O)C(Cc1ccc(OC)cc1)NC(=O)Cc1ccc(OC(=O)CCCCCCC(C)=O)cc1,coverage,71.0,5.556584750444072,False
1728,omics,*Oc1ccc(C(C)(C)c2ccc(C(C)(C)c3ccc(OC(*)=O)c(C)c3)cc2)cc1Br,COc1ccc(C(C)(C)c2ccc(C(C)(C)c3ccc(OC(C)=O)c(C)c3)cc2)cc1Br,coverage,63.0,4.0285528241783775,False
1729,PI1M,C/C=C/C1CCC(C)CC(C)C1,C/C=C/C1CCC(C)CC(C)C1,coverage,34.0,0.7666572932453927,False
1730,PI1M,COc1ccc(OC(=O)c2ccc(C(C)=O)cc2C#N)cc1C,COc1ccc(OC(=O)c2ccc(C(C)=O)cc2C#N)cc1C,random,38.0,1.0340483823546922,True
1731,OMG,*Nc1cc(NC(=O)CNc2ccc(NCC(*)=O)cc2)c(C(=O)OC)cc1F,CNc1cc(NC(=O)CNc2ccc(NCC(C)=O)cc2)c(C(=O)OC)cc1F,random,52.0,2.404207673904035,True
1732,PI1M,CCC(C)(C)CC(C)C(C)=O,CCC(C)(C)CC(C)C(C)=O,coverage,31.0,0.597979011686388,False
1733,PI1M,CN=P(C)(Cc1ccc(Br)cc1)c1ccccc1,CN=P(C)(Cc1ccc(Br)cc1)c1ccccc1,random,35.0,0.828831072009792,True
1734,PI1M,CCC(CC)(COC)COCC(CC)(CC)CC,CCC(CC)(CC)COCC(CC)(CC)COC,coverage,52.0,2.404207673904035,False
1735,PI1M,COc1ccc(Oc2ccc(C(=O)Nc3ccc(Oc4ccc(NC(=O)c5ccc(C)cc5)cc4)cc3)cc2)cc1-c1ccc([N+](=O)[O-])cc1,COc1ccc(Oc2ccc(C(=O)Nc3ccc(Oc4ccc(NC(=O)c5ccc(C)cc5)cc4)cc3)cc2)cc1-c1ccc([N+](=O)[O-])cc1,coverage,81.0,7.920410401396693,False
1736,PI1M,COc1ccc(C(C)(C)c2ccc(C(C)(C)c3ccc(N(C)C)cc3)cc2)cc1,COc1ccc(C(C)(C)c2ccc(C(C)(C)c3ccc(N(C)C)cc3)cc2)cc1,coverage,62.0,3.858838735716932,False
1737,PI1M,CCCC(=O)NCCCCCC(=O)NCCCCCCNC(=O)OC,CCCC(=O)NCCCCCC(=O)NCCCCCCNC(=O)OC,random,60.0,3.533050524994261,True
1738,omics,*OCC1COC(*)O1,COCC1COC(C)O1,coverage,21.0,0.2097456137295212,False
1739,PI1M,CC(=O)Nc1ccc(Cc2ccc(N(C)CC)cc2)cc1,CCN(C)c1ccc(Cc2ccc(NC(C)=O)cc2)cc1,coverage,43.0,1.4419597242422257,False
1740,PI1M,CN=[PH](C=C)[SiH](C)C,C=C[PH](=NC)[SiH](C)C,feature,22.0,0.23770591902308572,False
1741,OMG,*Oc1cc(OC)ccc1C(C)(C)OC(=O)C1(C(*)=O)CCC(=O)CS1,COc1ccc(C(C)(C)OC(=O)C2(C(C)=O)CCC(=O)CS2)c(OC)c1,random,50.0,2.1634770685187323,True
1742,OMG,*OCc1nc(NC(=O)OC(C)(C)C)nc(OC(=O)c2c(C(*)=O)n[nH]c2C)n1,COCc1nc(NC(=O)OC(C)(C)C)nc(OC(=O)c2c(C(C)=O)n[nH]c2C)n1,coverage,51.0,2.2818482460254073,False
1743,PI1M,Cc1ccc([Si](C)(C)[SH](F)(F)(F)C(F)(F)C(F)(F)[Si](C)(F)F)cc1,Cc1ccc([Si](C)(C)[SH](F)(F)(F)C(F)(F)C(F)(F)[Si](C)(F)F)cc1,dopt,41.0,1.2685615949723126,False
1744,PI1M,CCCCCCCOC(=O)c1cc(OCCCCCCCCOc2ccc(-c3ccc(OC)cc3)cc2)ccc1OC,CCCCCCCOC(=O)c1cc(OCCCCCCCCOc2ccc(-c3ccc(OC)cc3)cc2)ccc1OC,coverage,90.0,10.515630927412102,False
1745,PolyInfo,*C1C2CC(C(=O)NCC(O)C(O)C(OC3OC(CO)C(O)C(O)C3O)C(O)CO)C(C2)C1*,CC1C2CC(C(=O)NCC(O)C(O)C(OC3OC(CO)C(O)C(O)C3O)C(O)CO)C(C2)C1C,dopt,73.0,5.987719929256527,False
1746,PI1M,CCC1CCCOC1(C)OCC,CCOC1(C)OCCCC1CC,random,32.0,0.6512930237899227,True
1747,OMG,*Oc1cc(OC(=O)C(N)CC(Cl)C(*)=O)cc(C(=O)OCC(Cl)(Cl)Cl)c1,COc1cc(OC(=O)C(N)CC(Cl)C(C)=O)cc(C(=O)OCC(Cl)(Cl)Cl)c1,random,44.0,1.5339481655863532,True
1748,PI1M,CCC(C)(F)C(=O)OCC(F)(F)C(F)(F)C(F)(F)C(F)(F)C(F)(F)C(F)(F)C(F)(F)C(F)(F)C(F)(F)C(F)(F)C(F)(F)C(F)(F)C(F)(F)C(F)(F)C(F)(F)C(F)(F)F,CCC(C)(F)C(=O)OCC(F)(F)C(F)(F)C(F)(F)C(F)(F)C(F)(F)C(F)(F)C(F)(F)C(F)(F)C(F)(F)C(F)(F)C(F)(F)C(F)(F)C(F)(F)C(F)(F)C(F)(F)C(F)(F)F,dopt,68.0,4.947342301951497,False
1749,PI1M,CCC(C)(C)C(=O)OCCOC(=O)c1cc(Cl)ccc1Cl,CCC(C)(C)C(=O)OCCOC(=O)c1cc(Cl)ccc1Cl,coverage,39.0,1.1088856862834737,False
1750,omics,*CC(*)(OC(C)=O)c1ccc(CC)cc1,CCc1ccc(C(C)(CC)OC(C)=O)cc1,coverage,36.0,0.8940806826961882,False
1751,OMG,*Oc1ccc(Cc2ccc(OC(=O)C3(C(*)=O)CCC(=O)CS3)cc2)cc1,COc1ccc(Cc2ccc(OC(=O)C3(C(C)=O)CCC(=O)CS3)cc2)cc1,random,50.0,2.1634770685187323,True
1752,PI1M,CNC(=O)CP(=S)(CC)C(=O)NCC(C)=O,CCP(=S)(CC(=O)NC)C(=O)NCC(C)=O,feature,33.0,0.707498434008989,False
1753,PI1M,CCCCCC(=P)NCCCCCCCNC(=O)CCc1ccc(CC)cc1,CCCCCC(=P)NCCCCCCCNC(=O)CCc1ccc(CC)cc1,dopt,69.0,5.145493557044269,False
1754,omics,*Oc1ccc(C(=O)OC(=O)COc2ccc(OCC(=O)OC(=O)COc3ccc(OCC(=O)OC(*)=O)cc3)cc2)c(Br)c1,COc1ccc(C(=O)OC(=O)COc2ccc(OCC(=O)OC(=O)COc3ccc(OCC(=O)OC(C)=O)cc3)cc2)c(Br)c1,random,70.0,5.348558032191515,True
1755,OMG,*Oc1c(C)c(OC(=O)CCOCCOCCOCCOCCOCCOCCOCCC(*)=O)cc(C)c1C(=O)OCc1ccccc1,COc1c(C)c(OC(=O)CCOCCOCCOCCOCCOCCOCCOCCC(C)=O)cc(C)c1C(=O)OCc1ccccc1,random,101.0,14.339944818418587,True
1756,PI1M,CCC(C)(C)C(=O)OCCCCCCCCCCOc1ccc(-c2ccc(C#N)cc2)cc1,CCC(C)(C)C(=O)OCCCCCCCCCCOc1ccc(-c2ccc(C#N)cc2)cc1,coverage,72.0,5.769622518212583,False
1757,PI1M,COC(O)CS(C)(=N)=O,COC(O)CS(C)(=N)=O,feature,20.0,0.1839474081746623,False
1758,OMG,*OC(C=O)C(C=O)OC(=O)C(CC(*)=O)c1cccs1,COC(C=O)C(C=O)OC(=O)C(CC(C)=O)c1cccs1,random,37.0,0.9624665003915307,True
1759,PI1M,CON(CC(C)Cl)[Si](F)(F)F,CON(CC(C)Cl)[Si](F)(F)F,feature,20.0,0.1839474081746623,False
1760,PI1M,CN1CCC(C(=O)O)=CC=CC1=C,C=C1C=CC=C(C(=O)O)CCN1C,feature,26.0,0.372564345698904,False
1761,PI1M,CCC(C=C)COC(C)CSC,C=CC(CC)COC(C)CSC,random,32.0,0.6512930237899227,True
1762,OMG,*Oc1ccccc1OCCOc1ccccc1OCCOc1ccccc1OC(=O)C1C=C(C(*)=O)N=N1,COc1ccccc1OCCOc1ccccc1OCCOc1ccccc1OC(=O)C1C=C(C(C)=O)N=N1,coverage,67.0,4.754055023099274,False
1763,PI1M,CCC(C)(C)COC(=O)c1ccc(C(=O)NC)cc1,CCC(C)(C)COC(=O)c1ccc(C(=O)NC)cc1,coverage,40.0,1.187037287474881,False
1764,OMG,*NCCNC(=O)NNC(=O)c1c(Cl)c(Cl)c(C(*)=O)c(Cl)c1Cl,CNCCNC(=O)NNC(=O)c1c(Cl)c(Cl)c(C(C)=O)c(Cl)c1Cl,coverage,38.0,1.0340483823546922,False
1765,OMG,*OC(CCl)C(CSCCCC)OC(=O)C(CC(*)=O)NCC,CCCCSCC(OC(=O)C(CC(C)=O)NCC)C(CCl)OC,random,53.0,2.5306091492877196,True
1766,OMG,*Oc1ccccc1P(=O)(OCC)c1ccccc1OC(=O)CC(CC(*)=O)C1CCOCC1,CCOP(=O)(c1ccccc1OC)c1ccccc1OC(=O)CC(CC(C)=O)C1CCOCC1,random,67.0,4.754055023099274,True
1767,OMG,*Oc1cccc(OC(=O)c2ccccc2NC(=O)Cc2ccccc2C(*)=O)c1C(C)=O,COc1cccc(OC(=O)c2ccccc2NC(=O)Cc2ccccc2C(C)=O)c1C(C)=O,coverage,56.0,2.934599081644776,False
1768,PI1M,CCc1ccc(CSC(=O)CCCCCCCCCCC(=O)OC)cc1,CCc1ccc(CSC(=O)CCCCCCCCCCC(=O)OC)cc1,coverage,60.0,3.533050524994261,False
1769,OMG,*OCC(C)(C)OC(=O)C1CCC1C(*)=O,COCC(C)(C)OC(=O)C1CCC1C(C)=O,coverage,36.0,0.8940806826961882,False
1770,PI1M,CCc1cccc(CNC(=O)CCCCCCCCCCCCC(=O)NC)c1,CCc1cccc(CNC(=O)CCCCCCCCCCCCC(=O)NC)c1,coverage,68.0,4.947342301951497,False
1771,omics,*C(*)(c1ccccc1)c1ccc(C(=O)OCCC)cc1,CCCOC(=O)c1ccc(C(C)(C)c2ccccc2)cc1,coverage,43.0,1.4419597242422257,False
1772,OMG,*Oc1cc(CC(=O)OC)cc(OC(=O)c2cc(C(*)=O)ccc2N)c1Br,COC(=O)Cc1cc(OC)c(Br)c(OC(=O)c2cc(C(C)=O)ccc2N)c1,random,45.0,1.629538578803666,True
1773,PI1M,COc1ccc(OC(=O)c2ccc(C(=O)OCc3ccc(C)cc3)cc2)cc1,COc1ccc(OC(=O)c2ccc(C(=O)OCc3ccc(C)cc3)cc2)cc1,coverage,48.0,1.9384826272146733,False
1774,PI1M,COC(=O)Cc1ccc(C(C)(C)c2ccc(C(C)=O)cc2)cc1,COC(=O)Cc1ccc(C(C)(C)c2ccc(C(C)=O)cc2)cc1,coverage,45.0,1.629538578803666,False
1775,PI1M,COP(=O)(Oc1ccccc1)P(C)(=O)C#N,COP(=O)(Oc1ccccc1)P(C)(=O)C#N,feature,27.0,0.41237422298650106,False
1776,OMG,*Nc1cc(C)c(NC(=O)CONC(=O)C(*)=O)cc1C,CNc1cc(C)c(NC(=O)CONC(=O)C(C)=O)cc1C,coverage,40.0,1.187037287474881,False
1777,PI1M,C/C=C/c1ccc(C(=O)c2ccc(-n3nc(C)o3)s2)s1,C/C=C/c1ccc(C(=O)c2ccc(-n3nc(C)o3)s2)s1,feature,32.0,0.6512930237899227,False
1778,PI1M,CO[Si](C)(Br)CCC(C)C,CO[Si](C)(Br)CCC(C)C,dopt,27.0,0.41237422298650106,False
1779,OMG,*Oc1nc(C(C)(C)C)nc(OC(=O)C(CCC(*)=O)NC=N)c1C,COc1nc(C(C)(C)C)nc(OC(=O)C(CCC(C)=O)NC=N)c1C,random,51.0,2.2818482460254073,True
1780,PolyInfo,*=NP(=NP(=NC(=*)Oc1ccc(C(C)(C)C)cc1)(Oc1ccc(C(C)(C)C)cc1)Oc1ccc(C(C)(C)C)cc1)(Oc1ccc(C(C)(C)C)cc1)Oc1ccc(C(C)(C)C)cc1,C=NP(=NP(=NC(=C)Oc1ccc(C(C)(C)C)cc1)(Oc1ccc(C(C)(C)C)cc1)Oc1ccc(C(C)(C)C)cc1)(Oc1ccc(C(C)(C)C)cc1)Oc1ccc(C(C)(C)C)cc1,dopt,132.0,29.462314394736644,False
1781,OMG,*OC(C)CN(Cc1ccccc1)CC(C)OC(=O)C1CC(C)C(C)CC1C(*)=O,COC(C)CN(Cc1ccccc1)CC(C)OC(=O)C1CC(C)C(C)CC1C(C)=O,coverage,69.0,5.145493557044269,False
1782,PolyInfo,*Cc1cc2cc(C(=O)Nc3ccc(NC(=O)c4cc5cc(*)c(OC(=O)COc6ccc7ccc(=O)oc7c6)cc5oc4=O)cc3)c(=O)oc2cc1OC(=O)COc1ccc2ccc(=O)oc2c1,CCc1cc2cc(C(=O)Nc3ccc(NC(=O)c4cc5cc(C)c(OC(=O)COc6ccc7ccc(=O)oc7c6)cc5oc4=O)cc3)c(=O)oc2cc1OC(=O)COc1ccc2ccc(=O)oc2c1,dopt,103.0,15.11663472847618,False
1783,PI1M,C/C=C/CCCCCCCCCCCCCCCCCC(=O)NC,C/C=C/CCCCCCCCCCCCCCCCCC(=O)NC,coverage,67.0,4.754055023099274,False
1784,PI1M,CNc1cc(S#N)cc(C(C)=O)c1C,CNc1cc(S#N)cc(C(C)=O)c1C,feature,26.0,0.372564345698904,False
1785,OMG,*OC(C)(C)C(C)(C)OC(=O)C(CS)NCCNC(CS)C(*)=O,COC(C)(C)C(C)(C)OC(=O)C(CS)NCCNC(CS)C(C)=O,coverage,56.0,2.934599081644776,False
1786,PI1M,CCC(C)(C)C(=O)OCCOC(C)=O,CCC(C)(C)C(=O)OCCOC(C)=O,coverage,32.0,0.6512930237899227,False
1787,PI1M,CCC(C)P(=O)(OC)OC,CCC(C)P(=O)(OC)OC,coverage,25.0,0.33525989756051233,False
1788,PI1M,CN=P(C)(N[SH](F)(F)F)Oc1ccc(F)c(Cl)c1,CN=P(C)(N[SH](F)(F)F)Oc1ccc(F)c(Cl)c1,feature,29.0,0.49977393112088747,False
1789,omics,*CC(*)c1ccc(C(C)C)c(C(F)(F)F)c1,CCC(C)c1ccc(C(C)C)c(C(F)(F)F)c1,coverage,36.0,0.8940806826961882,False
1790,OMG,*OCCC(=O)CCOC(=O)C1CS(=O)(=O)CC1C(*)=O,COCCC(=O)CCOC(=O)C1CS(=O)(=O)CC1C(C)=O,coverage,41.0,1.2685615949723126,False
1791,PI1M,CCCCCCCCCCCCCCCCC(=O)OCCCCOc1ccc(C(=O)OCCCCCCCCCCCCOc2ccc(C)cc2)cc1,CCCCCCCCCCCCCCCCC(=O)OCCCCOc1ccc(C(=O)OCCCCCCCCCCCCOc2ccc(C)cc2)cc1,coverage,129.0,27.695506075938923,False
1792,PI1M,CNc1cc(NC(=O)NCCCCC(C)=O)ccc1C,CNc1cc(NC(=O)NCCCCC(C)=O)ccc1C,coverage,43.0,1.4419597242422257,False
1793,OMG,*Oc1ccccc1C(=O)OCCOC(=O)C(C)(C)OC(C)(C)C(*)=O,COc1ccccc1C(=O)OCCOC(=O)C(C)(C)OC(C)(C)C(C)=O,coverage,52.0,2.404207673904035,False
1794,PI1M,COC(C)[PH](C)=S,COC(C)[PH](C)=S,feature,18.0,0.1385498383381463,False
1795,omics,*Oc1ccc(C(C)(C)c2ccc(CNC(=O)OCc3ccc(*)o3)cc2)cc1Cl,COc1ccc(C(C)(C)c2ccc(CNC(=O)OCc3ccc(C)o3)cc2)cc1Cl,random,56.0,2.934599081644776,True
1796,OMG,*Nc1nc(S)nc(S)c1NC(=O)c1c(Cl)c(Cl)c(C(*)=O)c(Cl)c1Cl,CNc1nc(S)nc(S)c1NC(=O)c1c(Cl)c(Cl)c(C(C)=O)c(Cl)c1Cl,dopt,36.0,0.8940806826961882,False
1797,OMG,*OCC(COC(=O)CCC(N)CCC(*)=O)C(C)(C)C,COCC(COC(=O)CCC(N)CCC(C)=O)C(C)(C)C,coverage,52.0,2.404207673904035,False
1798,OMG,*Oc1cc(Br)c(OC(=O)C2(C(*)=O)CC3CC(C3)C2)cc1C(=O)CBr,COc1cc(Br)c(OC(=O)C2(C(C)=O)CC3CC(C3)C2)cc1C(=O)CBr,random,46.0,1.7287872538090088,True
1799,omics,*/C=C/c1cc(OCCCCCCC)c(*)s1,C/C=C/c1cc(OCCCCCCC)c(C)s1,coverage,41.0,1.2685615949723126,False
1800,PI1M,Cc1ccc2c(c1)C(=O)N(c1cccc(P(=O)(c3ccccc3)P(=O)(c3ccccc3)c3cccc(N4C(=O)c5ccc(C(C)(C(F)(F)F)C(F)(F)F)cc5C4=O)c3)c1C)C2=O,Cc1ccc2c(c1)C(=O)N(c1cccc(P(=O)(c3ccccc3)P(=O)(c3ccccc3)c3cccc(N4C(=O)c5ccc(C(C)(C(F)(F)F)C(F)(F)F)cc5C4=O)c3)c1C)C2=O,dopt,94.0,11.820528946214294,False
1801,PI1M,CN=P(C)(Br)OCCc1cncc([N+](=O)[O-])c1,CN=P(C)(Br)OCCc1cncc([N+](=O)[O-])c1,feature,30.0,0.5474937425136082,False
1802,PI1M,CC#Cc1ccc(C)c(C)c1,CC#Cc1ccc(C)c(C)c1,coverage,23.0,0.2678988587629254,False
1803,PI1M,CCCCCCCCCCCNC(=O)CCCCC(=O)NCCc1ccc(OC)cc1,CCCCCCCCCCCNC(=O)CCCCC(=O)NCCc1ccc(OC)cc1,coverage,75.0,6.439287015998562,False
1804,OMG,*Oc1ccc(C=NNC(=O)C(=O)NN=Cc2ccc(OC(=O)C(C)(Cc3cccc(C)c3)C(*)=O)cc2)cc1,COc1ccc(C=NNC(=O)C(=O)NN=Cc2ccc(OC(=O)C(C)(Cc3cccc(C)c3)C(C)=O)cc2)cc1,random,70.0,5.348558032191515,True
1805,PI1M,Cc1ccc2cc(C)cccc3n(c(=O)c2c1)N3C,Cc1cccc2n(c(=O)c3cc(C)ccc3c1)N2C,feature,35.0,0.828831072009792,False
1806,OMG,*OC(C(=O)CC(=O)ON1C(=O)CCC1=O)C(OC(=O)C1CC(C)C(C)CC1C(*)=O)C(=O)CC(=O)ON1C(=O)CCC1=O,COC(C(=O)CC(=O)ON1C(=O)CCC1=O)C(OC(=O)C1CC(C)C(C)CC1C(C)=O)C(=O)CC(=O)ON1C(=O)CCC1=O,dopt,78.0,7.155788006079488,False
1807,OMG,*NC(CNC(=O)C(=O)NC(C)C(*)=O)C(=O)OC(C)(C)C,CNC(CNC(=O)C(=O)NC(C)C(C)=O)C(=O)OC(C)(C)C,random,47.0,1.8317500939966918,True
1808,omics,*CCC1CC(*)C2C3CC(CC)C(C3)CC12,CCCC1CC(C)C2C3CC(CC)C(C3)CC12,coverage,47.0,1.8317500939966918,False
1809,OMG,*NC(=N)NN=C1CCC(=NNC(=N)NC(=O)c2nc(C)c(C)nc2C(*)=O)CC1,CNC(=N)NN=C1CCC(=NNC(=N)NC(=O)c2nc(C)c(C)nc2C(C)=O)CC1,dopt,56.0,2.934599081644776,False
1810,PI1M,COC(=O)C(C(C)=O)c1ccccc1,COC(=O)C(C(C)=O)c1ccccc1,coverage,26.0,0.372564345698904,False
1811,OMG,*OC(OC(=O)c1sc(Br)cc1C(*)=O)C(Cl)Cl,COC(OC(=O)c1sc(Br)cc1C(C)=O)C(Cl)Cl,random,27.0,0.41237422298650106,True
1812,PI1M,COc1cc(C)c(Br)cc1Br,COc1cc(C)c(Br)cc1Br,coverage,19.0,0.16023971771432066,False
1813,PI1M,CO[Si](C)(C)CCCCCCOc1ccc(-c2ccc(OCCCCC)cc2)cc1,CCCCCOc1ccc(-c2ccc(OCCCCCC[Si](C)(C)OC)cc2)cc1,coverage,70.0,5.348558032191515,False
1814,OMG,*Oc1cc(CC)cc(OC(=O)CCN(CCCC(*)=O)S(=O)(=O)c2ccc(C)cc2)c1C(=O)OCC,CCOC(=O)c1c(OC)cc(CC)cc1OC(=O)CCN(CCCC(C)=O)S(=O)(=O)c1ccc(C)cc1,random,72.0,5.769622518212583,True
1815,PI1M,CNC(=O)c1cccc(C(=O)NCCCCCCNC(=O)/C(C)=N/C#N)c1,CNC(=O)c1cccc(C(=O)NCCCCCCNC(=O)/C(C)=N/C#N)c1,random,52.0,2.404207673904035,True
1816,PI1M,C/C=C/C(C)CNC(=O)OC,C/C=C/C(C)CNC(=O)OC,coverage,26.0,0.372564345698904,False
1817,OMG,*NC12CC(C34CC(NC(=O)c5c6ccccc6c(C(*)=O)c6ccccc56)(C3)C4)(C1)C2,CNC12CC(C34CC(NC(=O)c5c6ccccc6c(C(C)=O)c6ccccc56)(C3)C4)(C1)C2,dopt,60.0,3.533050524994261,False
1818,PolyInfo,*CC(*)C(=O)NC(C)(C)C,CCC(C)C(=O)NC(C)(C)C,coverage,30.0,0.5474937425136082,False
1819,PI1M,Cc1ccc(S(=O)(=O)c2ccc(-n3nccc3-c3ccc(-n4c(=O)c5cc6c(=O)n(C)c(=O)c6cc5c4=O)cc3)cc2)cc1,Cc1ccc(S(=O)(=O)c2ccc(-n3nccc3-c3ccc(-n4c(=O)c5cc6c(=O)n(C)c(=O)c6cc5c4=O)cc3)cc2)cc1,dopt,66.0,4.5655822516472835,False
1820,PI1M,CCC(COC(=O)NCCOCCOC(=O)OC)c1cc([N+](=O)[O-])ccc1[N+](=O)[O-],CCC(COC(=O)NCCOCCOC(=O)OC)c1cc([N+](=O)[O-])ccc1[N+](=O)[O-],dopt,53.0,2.5306091492877196,False
1821,omics,*COC(C=C1)=CC=C1O*,CCOc1ccc(OC)cc1,coverage,23.0,0.2678988587629254,False
1822,PI1M,CC(=O)N1CC(=O)N1C,CC(=O)N1CC(=O)N1C,feature,17.0,0.11880386870633687,False
1823,PI1M,COc1ccc(-c2ccc(S(C)(=O)=O)cc2)cn1,COc1ccc(-c2ccc(S(C)(=O)=O)cc2)cn1,random,31.0,0.597979011686388,True
1824,PI1M,C/C=C/c1ccc(/C=N/[Si](C)(C)c2ccc(C)cc2)cc1CCCCCCCC,C/C=C/c1ccc(/C=N/[Si](C)(C)c2ccc(C)cc2)cc1CCCCCCCC,random,68.0,4.947342301951497,True
1825,OMG,*Oc1cnc(C(=O)OCC)cc1OC(=O)C(C(*)=O)C1CCOC1,CCOC(=O)c1cc(OC(=O)C(C(C)=O)C2CCOC2)c(OC)cn1,random,46.0,1.7287872538090088,True
1826,PI1M,CCC(C)NC(=O)c1ccc(OCC)cc1,CCOc1ccc(C(=O)NC(C)CC)cc1,coverage,35.0,0.828831072009792,False
1827,PI1M,CNNC(=O)CCCCCC(=O)NNC(=O)CCCCCCCCCCCCC(C)=O,CNNC(=O)CCCCCC(=O)NNC(=O)CCCCCCCCCCCCC(C)=O,coverage,75.0,6.439287015998562,False
1828,omics,*C(=O)NCCCCCCCCNC(=O)NCCCCCCNC(*)=O,CC(=O)NCCCCCCCCNC(=O)NCCCCCCNC(C)=O,coverage,64.0,4.202881203832011,False
1829,PI1M,CCCCN(C)C(=O)CCC(F)(F)C(F)(F)C(F)(F)C(F)(F)C(F)(F)C(F)(F)C(F)(F)C(F)(F)F,CCCCN(C)C(=O)CCC(F)(F)C(F)(F)C(F)(F)C(F)(F)C(F)(F)C(F)(F)C(F)(F)C(F)(F)F,coverage,51.0,2.2818482460254073,False
1830,PI1M,CN=P(C)(Cl)N=[SH](F)(F)F,CN=P(C)(Cl)N=[SH](F)(F)F,feature,17.0,0.11880386870633687,False
1831,PI1M,CC1=CC=c2c(Cl)cc(N3C(=O)c4ccc(C(C)(C(F)(F)F)C(F)(F)F)cc4C3=O)ccc3ccc2=CC=CC=C13,CC1=CC=c2c(Cl)cc(N3C(=O)c4ccc(C(C)(C(F)(F)F)C(F)(F)F)cc4C3=O)ccc3ccc2=CC=CC=C13,dopt,61.0,3.6936882750981668,False
1832,OMG,*OC1=NC(=NO)C(=NO)N=C1OC(=O)C1C2CCC(O2)C1C(*)=O,COC1=NC(=NO)C(=NO)N=C1OC(=O)C1C2CCC(O2)C1C(C)=O,dopt,41.0,1.2685615949723126,False
1833,OMG,*Oc1ccc(OC(=O)c2ncc(C(*)=O)cn2)c(F)c1F,COc1ccc(OC(=O)c2ncc(C(C)=O)cn2)c(F)c1F,coverage,32.0,0.6512930237899227,False
1834,PI1M,C/C=C(/C)c1cc(OC)ccc1OCCCCCCCC,C/C=C(/C)c1cc(OC)ccc1OCCCCCCCC,coverage,51.0,2.2818482460254073,False
1835,PI1M,CN=P(C)(OCCOc1ccccc1)c1ccccc1,CN=P(C)(OCCOc1ccccc1)c1ccccc1,coverage,40.0,1.187037287474881,False
1836,PolyInfo,*ON(C(F)(F)F)C(F)(Br)C(*)(F)F,CON(C(F)(F)F)C(F)(Br)C(C)(F)F,random,20.0,0.1839474081746623,True
1837,PI1M,COc1ccc(/N=C/c2ccc(Oc3ccc(/C=N/c4ccc(Oc5ccc(/C=N/c6ccc(Oc7ccc(/C=N/c8ccc(C)cc8)cc7)cc6)cc5)cc4)cc3)cc2)cc1,COc1ccc(/N=C/c2ccc(Oc3ccc(/C=N/c4ccc(Oc5ccc(/C=N/c6ccc(Oc7ccc(/C=N/c8ccc(C)cc8)cc7)cc6)cc5)cc4)cc3)cc2)cc1,dopt,104.0,15.514674460906292,False
1838,PI1M,CCC(C)S(=O)(=O)C(F)(F)C(F)(F)C(F)(F)C(F)(F)F,CCC(C)S(=O)(=O)C(F)(F)C(F)(F)C(F)(F)C(F)(F)F,coverage,29.0,0.49977393112088747,False
1839,omics,*CCC(*)C(C)CCC,CCCC(C)C(C)CCC,coverage,32.0,0.6512930237899227,False
1840,PI1M,Cc1ccc2c(c1)C(=O)N(C)[PH]2=O,Cc1ccc2c(c1)C(=O)N(C)[PH]2=O,feature,23.0,0.2678988587629254,False
1841,PI1M,CCC(C)C(C)C#SO,CCC(C)C(C)C#SO,feature,23.0,0.2678988587629254,False
1842,OMG,*Nc1ccc(Cc2ccc(NC(=O)c3ccc(NCCNc4ccc(C(*)=O)cc4)cc3)c(C)c2)cc1C,CNc1ccc(Cc2ccc(NC(=O)c3ccc(NCCNc4ccc(C(C)=O)cc4)cc3)c(C)c2)cc1C,coverage,75.0,6.439287015998562,False
1843,PI1M,C[Si](C)(C)CCCC(F)(F)F,C[Si](C)(C)CCCC(F)(F)F,coverage,26.0,0.372564345698904,False
1844,OMG,*OCC(OC(=O)c1cc(C(*)=O)ccc1S)C1CCCN1C(=O)OC(C)(C)C,COCC(OC(=O)c1cc(C(C)=O)ccc1S)C1CCCN1C(=O)OC(C)(C)C,coverage,58.0,3.2251081841016833,False
1845,PI1M,CCC(C)OC(=O)c1cccc(C(=O)OC)c1,CCC(C)OC(=O)c1cccc(C(=O)OC)c1,coverage,33.0,0.707498434008989,False
1846,OMG,*NS(=O)(=O)c1ccc(C)c(S(=O)(=O)NC(=O)c2cc(NS(=O)(=O)c3ccc(NC(C)=O)cc3)cc(C(*)=O)c2)c1,CNS(=O)(=O)c1ccc(C)c(S(=O)(=O)NC(=O)c2cc(NS(=O)(=O)c3ccc(NC(C)=O)cc3)cc(C(C)=O)c2)c1,dopt,67.0,4.754055023099274,False
1847,OMG,*Oc1cccc(-c2cccc(OC(=O)C(CC(*)=O)OC)c2)c1,COc1cccc(-c2cccc(OC(=O)C(CC(C)=O)OC)c2)c1,coverage,44.0,1.5339481655863532,False
1848,PolyInfo,*CC(*)(C)C(=O)NCC,CCNC(=O)C(C)(C)CC,coverage,27.0,0.41237422298650106,False
1849,PI1M,CC(=P)N(C)C=C,C=CN(C)C(C)=P,feature,17.0,0.11880386870633687,False
1850,PI1M,C/N=C(/C)c1ccc(Oc2ccccc2)cc1,C/N=C(/C)c1ccc(Oc2ccccc2)cc1,coverage,32.0,0.6512930237899227,False
1851,PI1M,CC#Cc1cccc(C#[SH])c1C,CC#Cc1cccc(C#[SH])c1C,feature,22.0,0.23770591902308572,False
1852,PI1M,CSc1ccc(-c2ccc(C(=O)NCCCNCC(C)=O)cc2)cc1,CSc1ccc(-c2ccc(C(=O)NCCCNCC(C)=O)cc2)cc1,random,49.0,2.04904001620089,True
1853,PI1M,CCCCCCCCCCCCCCOC(=O)C(=O)OC,CCCCCCCCCCCCCCOC(=O)C(=O)OC,coverage,53.0,2.5306091492877196,False
1854,OMG,*Oc1c(Br)cc(OC(=O)CSCCC(*)=O)cc1C(=O)OCC,CCOC(=O)c1cc(OC(=O)CSCCC(C)=O)cc(Br)c1OC,random,43.0,1.4419597242422257,True
1855,PI1M,CCN1C=CN(C)C(=O)C/C=C/C1=O,CCN1C=CN(C)C(=O)C/C=C/C1=O,feature,28.0,0.4547556347186134,False
1856,OMG,*Nc1ccc(Cc2ccc(NC(=O)CCN(C)CCC(*)=O)cc2)cc1,CNc1ccc(Cc2ccc(NC(=O)CCN(C)CCC(C)=O)cc2)cc1,coverage,56.0,2.934599081644776,False
1857,OMG,*Nc1nsc(NC(=O)c2csc(C(*)=O)c2)n1,CNc1nsc(NC(=O)c2csc(C(C)=O)c2)n1,feature,28.0,0.4547556347186134,False
1858,PI1M,COc1cccc(C(=O)OCCCCCCCCCOc2cccc(C(C)=O)c2)c1,COc1cccc(C(=O)OCCCCCCCCCOc2cccc(C(C)=O)c2)c1,coverage,62.0,3.858838735716932,False
1859,OMG,*Nc1cccc(NC(=O)C(C)(Cl)CSSCC(C)(Cl)C(*)=O)c1Cl,CNc1cccc(NC(=O)C(C)(Cl)CSSCC(C)(Cl)C(C)=O)c1Cl,coverage,46.0,1.7287872538090088,False
1860,PI1M,CCC(C)OO,CCC(C)OO,feature,16.0,0.1009266220636141,False
1861,PI1M,CNNC(=S)N[PH](C)(C)CCN(C)CCCCCC,CCCCCCN(C)CC[PH](C)(C)NC(=S)NNC,random,52.0,2.404207673904035,True
1862,OMG,*Oc1cc(COC(=O)CCN(CCCC(*)=O)S(=O)(=O)c2ccc(C)cc2)cc(C(F)(F)F)c1,COc1cc(COC(=O)CCN(CCCC(C)=O)S(=O)(=O)c2ccc(C)cc2)cc(C(F)(F)F)c1,random,63.0,4.0285528241783775,True
1863,PI1M,CCC(CCC)(CCCCCCCC)C(=O)OC,CCCCCCCCC(CC)(CCC)C(=O)OC,coverage,50.0,2.1634770685187323,False
1864,OMG,*OCCCCCCCCCCCCCCCCCCCOC(=O)C(C)(C(*)=O)C(C)C,COCCCCCCCCCCCCCCCCCCCOC(=O)C(C)(C(C)=O)C(C)C,coverage,86.0,9.30515942952161,False
1865,PI1M,C[Si](C)(NC)[Si](C)(C)CCCCCCCCCI,CN[Si](C)(C)[Si](C)(C)CCCCCCCCCI,dopt,52.0,2.404207673904035,False
1866,OMG,*OC(COC(=O)C(CCC(*)=O)NC(=O)c1ccccc1)COc1ccccc1,COC(COC(=O)C(CCC(C)=O)NC(=O)c1ccccc1)COc1ccccc1,random,57.0,3.0777004384750812,True
1867,OMG,*Oc1cc(OC(=O)COCCOCCOCCOCCOCCOCC(*)=O)cc(C(N)C(=O)OC)c1,COC(=O)C(N)c1cc(OC)cc(OC(=O)COCCOCCOCCOCCOCCOCC(C)=O)c1,random,77.0,6.911670651446108,True
1868,PI1M,CCCCC(C)CCCC,CCCCC(C)CCCC,coverage,32.0,0.6512930237899227,False
1869,PI1M,COP(=O)(OCCN(Cl)CC(C)=O)OCC(O)(CCl)C(F)(F)F,COP(=O)(OCCN(Cl)CC(C)=O)OCC(O)(CCl)C(F)(F)F,dopt,40.0,1.187037287474881,False
1870,PI1M,Cc1ccc(-c2cc(OCC)c(C)cc2OCC)cc1OC,CCOc1cc(-c2ccc(C)c(OC)c2)c(OCC)cc1C,coverage,46.0,1.7287872538090088,False
1871,PI1M,C/N=N/c1ccc2c(c1)-c1ccc(C)cc1-2,C/N=N/c1ccc2c(c1)-c1ccc(C)cc1-2,feature,28.0,0.4547556347186134,False
1872,OMG,*OCC(C)(C)NC(C)(C)COC(=O)C(OC(=O)c1ccc(C)cc1)C(OC(=O)c1ccc(C)cc1)C(*)=O,COCC(C)(C)NC(C)(C)COC(=O)C(OC(=O)c1ccc(C)cc1)C(OC(=O)c1ccc(C)cc1)C(C)=O,random,78.0,7.155788006079488,True
1873,PI1M,CCC1CC(C)C(Cl)[Si]1[N+](=O)[O-],CCC1CC(C)C(Cl)[Si]1[N+](=O)[O-],feature,25.0,0.33525989756051233,False
1874,OMG,*Oc1ccc(Cl)cc1C(OC(=O)C1C2CC(C(Br)C2Br)C1C(*)=O)C(=O)OC,COC(=O)C(OC(=O)C1C2CC(C(Br)C2Br)C1C(C)=O)c1cc(Cl)ccc1OC,random,50.0,2.1634770685187323,True
1875,PI1M,COc1ccc(-c2ccc(OC(C)=O)c(C)c2)cc1-c1ccccc1,COc1ccc(-c2ccc(OC(C)=O)c(C)c2)cc1-c1ccccc1,coverage,45.0,1.629538578803666,False
1876,OMG,*OC(CCCO[Si](c1ccccc1)(c1ccccc1)C(C)(C)C)CC(OC(=O)CSc1cc(C(F)(F)F)cc(SCC(*)=O)n1)C(Cl)CCCO[Si](C)(C)C(C)(C)C,COC(CCCO[Si](c1ccccc1)(c1ccccc1)C(C)(C)C)CC(OC(=O)CSc1cc(C(F)(F)F)cc(SCC(C)=O)n1)C(Cl)CCCO[Si](C)(C)C(C)(C)C,coverage,122.0,23.83586566594661,False
1877,PI1M,CCC(CCCCCCC(=O)ONC(=O)CCCCC(=O)OC)c1ccccc1,CCC(CCCCCCC(=O)ONC(=O)CCCCC(=O)OC)c1ccccc1,random,64.0,4.202881203832011,True
1878,PI1M,CCC(C)(CC(C)=O)C(C)C,CCC(C)(CC(C)=O)C(C)C,coverage,31.0,0.597979011686388,False
1879,OMG,*Oc1ccc(CCc2ccc(OC(=O)C3(C(*)=O)CC4(CCOCC4)C3)cc2)cc1,COc1ccc(CCc2ccc(OC(=O)C3(C(C)=O)CC4(CCOCC4)C3)cc2)cc1,coverage,61.0,3.6936882750981668,False
1880,PI1M,C[Si](C)(Cl)c1ccc(Cl)cc1,C[Si](C)(Cl)c1ccc(Cl)cc1,feature,21.0,0.2097456137295212,False
1881,PI1M,CCC(COC(=O)NCCCCCCNC(=O)OC)c1ccc(S(=O)(=O)Br)cc1,CCC(COC(=O)NCCCCCCNC(=O)OC)c1ccc(S(=O)(=O)Br)cc1,feature,58.0,3.2251081841016833,False
1882,omics,*CC(CC(C)(C)C(F)(F)F)O*,CCC(CC(C)(C)C(F)(F)F)OC,random,30.0,0.5474937425136082,True
1883,PI1M,CCCCCCCCCCCCCCCCCCCCCP(CCCCCCCC)C(CCC)NC(=O)CCCCCCCCC(=O)NC,CCCCCCCCCCCCCCCCCCCCCP(CCCCCCCC)C(CCC)NC(=O)CCCCCCCCC(=O)NC,dopt,138.0,33.20455979936244,False
1884,PI1M,CCC(C)c1ccc([N+](=O)[O-])cc1N,CCC(C)c1ccc([N+](=O)[O-])cc1N,coverage,28.0,0.4547556347186134,False
1885,OMG,*OC(C)(C)C(C)OC(=O)c1cc(C(*)=O)cc(C)n1,COC(C)(C)C(C)OC(=O)c1cc(C(C)=O)cc(C)n1,coverage,41.0,1.2685615949723126,False
1886,OMG,*Oc1cc(N)c(OC(=O)C2CC(C(*)=O)CN(C(=O)OCc3ccccc3)C2)cc1C#N,COc1cc(N)c(OC(=O)C2CC(C(C)=O)CN(C(=O)OCc3ccccc3)C2)cc1C#N,random,58.0,3.2251081841016833,True
1887,omics,*OC(=O)NCCCCCCNC(=O)COc1ccc(OCC(=O)OC(=O)c2ccncc2*)cc1,COC(=O)NCCCCCCNC(=O)COc1ccc(OCC(=O)OC(=O)c2ccncc2C)cc1,coverage,67.0,4.754055023099274,False
1888,PI1M,CO[Si](C)(C)O[Si](C)(C)O[Si](C)(C)O[Si](C)(C)O[Si](C)(C)O[Si](C)(C)O[Si](C)(C)O[Si](C)(C)O[Si](C)(C)OC,CO[Si](C)(C)O[Si](C)(C)O[Si](C)(C)O[Si](C)(C)O[Si](C)(C)O[Si](C)(C)O[Si](C)(C)O[Si](C)(C)O[Si](C)(C)OC,coverage,99.0,13.588817252236698,False
1889,omics,*N=P(*)(Oc1ccccc1)Oc1ccc(C(C)(C)C)cc1,CN=P(C)(Oc1ccccc1)Oc1ccc(C(C)(C)C)cc1,coverage,46.0,1.7287872538090088,False
1890,PI1M,CCCCCOC(=O)NCCCCCCCCCCNC(=O)OCCCCCCCOc1ccc(/N=N/c2ccc(OC)cc2)cc1,CCCCCOC(=O)NCCCCCCCCCCNC(=O)OCCCCCCCOc1ccc(/N=N/c2ccc(OC)cc2)cc1,coverage,105.0,15.919235194198889,False
1891,OMG,*Oc1cc(Br)c(C(=O)Cl)cc1OC(=O)C(CCC(*)=O)NC(C)=O,COc1cc(Br)c(C(=O)Cl)cc1OC(=O)C(CCC(C)=O)NC(C)=O,random,42.0,1.3535165667832443,True
1892,OMG,*OCc1ccc(C(=O)c2ccc(COC(=O)c3cc(S)cc(C(*)=O)n3)cc2)cc1,COCc1ccc(C(=O)c2ccc(COC(=O)c3cc(S)cc(C(C)=O)n3)cc2)cc1,random,52.0,2.404207673904035,True
1893,PI1M,COc1ccccc1C(=O)Oc1ccc(/C(C)=C/c2ccc(C)cc2)cc1,COc1ccccc1C(=O)Oc1ccc(/C(C)=C/c2ccc(C)cc2)cc1,coverage,49.0,2.04904001620089,False
1894,OMG,*OC(CCl)C(COc1cc(OC)cc(OC)c1)OC(=O)C1C2CC(C(Br)C2Br)C1C(*)=O,COc1cc(OC)cc(OCC(OC(=O)C2C3CC(C(Br)C3Br)C2C(C)=O)C(CCl)OC)c1,random,62.0,3.858838735716932,True
1895,OMG,*OC(C)(C)CN(CC(C)(C)OC(=O)C1CC(C)C(C)CC1C(*)=O)S(=O)(=O)c1ccccc1,COC(C)(C)CN(CC(C)(C)OC(=O)C1CC(C)C(C)CC1C(C)=O)S(=O)(=O)c1ccccc1,coverage,75.0,6.439287015998562,False
1896,OMG,*OCCCCCCCCCCCCOC(=O)c1ccccc1S(=O)CC(*)=O,COCCCCCCCCCCCCOC(=O)c1ccccc1S(=O)CC(C)=O,coverage,65.0,4.381874289318153,False
1897,PI1M,CN=P(C)(F)CC(F)(F)C(F)(F)F,CN=P(C)(F)CC(F)(F)C(F)(F)F,feature,21.0,0.2097456137295212,False
1898,PI1M,CCCCCCCCCCCOC(=O)OCCCCCCCCCCOC(=O)NC,CCCCCCCCCCCOC(=O)OCCCCCCCCCCOC(=O)NC,coverage,77.0,6.911670651446108,False
1899,PI1M,Cc1ccc(Oc2ccc(Oc3ccc(-c4nnc(C)n4-c4ccccc4)cc3)cc2)cc1,Cc1ccc(Oc2ccc(Oc3ccc(-c4nnc(C)n4-c4ccccc4)cc3)cc2)cc1,coverage,56.0,2.934599081644776,False
1900,PI1M,CN=P(F)(F)CC(F)(F)C(C)(F)F,CN=P(F)(F)CC(F)(F)C(C)(F)F,dopt,21.0,0.2097456137295212,False
1901,OMG,*Oc1c(Br)cccc1OC(=O)C(CC(*)=O)c1ccccc1Br,COc1c(Br)cccc1OC(=O)C(CC(C)=O)c1ccccc1Br,coverage,40.0,1.187037287474881,False
1902,omics,*N=P(N=P(N=S(*)(=O)NCC)(NC)NCCCCCCC)(NCC)NCCCCCCC,CCCCCCCNP(=NP(=NC)(NCC)NCCCCCCC)(N=S(C)(=O)NCC)NC,dopt,87.0,9.599083603550964,False
1903,OMG,*OCC1(COC(=O)C(CSCC(*)=O)NC(C)=O)CCC(O[Si](C)(C)C(C)(C)C)CC1,COCC1(COC(=O)C(CSCC(C)=O)NC(C)=O)CCC(O[Si](C)(C)C(C)(C)C)CC1,coverage,75.0,6.439287015998562,False
1904,PI1M,CC(=O)C(F)(F)C(F)(F)C(F)(F)C(C)(F)C(F)(F)C(F)(F)C(F)(F)C(F)(F)C(F)(F)C(F)(F)C(F)(F)C(F)(F)C(F)(F)C(F)(F)C(F)(F)F,CC(=O)C(F)(F)C(F)(F)C(F)(F)C(C)(F)C(F)(F)C(F)(F)C(F)(F)C(F)(F)C(F)(F)C(F)(F)C(F)(F)C(F)(F)C(F)(F)C(F)(F)C(F)(F)F,coverage,55.0,2.7957518399460364,False
1905,PI1M,CO[Si](C)(C)O[Si](C)(C)O[Si](C)(C)O[Si](C)(C)O[Si](C)(C)Oc1ccc(Cl)cc1,CO[Si](C)(C)O[Si](C)(C)O[Si](C)(C)O[Si](C)(C)O[Si](C)(C)Oc1ccc(Cl)cc1,coverage,66.0,4.5655822516472835,False
1906,PI1M,CCCCCC(=O)Nc1ccc(NC(=O)CCCCCCCCN(C)c2ccc(C#N)cc2)cc1,CCCCCC(=O)Nc1ccc(NC(=O)CCCCCCCCN(C)c2ccc(C#N)cc2)cc1,coverage,75.0,6.439287015998562,False
1907,PI1M,CCc1cc(CCCCCCCCCCCCCCCCCC)c(C)s1,CCCCCCCCCCCCCCCCCCc1cc(CC)sc1C,random,72.0,5.769622518212583,True
1908,OMG,*Oc1ccc(C(C)(C)c2ccc(OC(=O)C(N)CC(Cl)C(*)=O)cc2)cc1,COc1ccc(C(C)(C)c2ccc(OC(=O)C(N)CC(Cl)C(C)=O)cc2)cc1,coverage,54.0,2.6611061495015087,False
1909,PI1M,CCc1ccc(CC(=O)OC)c(C)c1,CCc1ccc(CC(=O)OC)c(C)c1,coverage,30.0,0.5474937425136082,False
1910,PI1M,CCCCCCOC(=O)c1ccc(NCCCOCC(=O)OC)cc1,CCCCCCOC(=O)c1ccc(NCCCOCC(=O)OC)cc1,random,54.0,2.6611061495015087,True
1911,omics,*N=P(*)(Oc1ccc(C)cc1)Oc1ccc(COC(=O)c2ccc([N+](=O)[O-])cc2)cc1,CN=P(C)(Oc1ccc(C)cc1)Oc1ccc(COC(=O)c2ccc([N+](=O)[O-])cc2)cc1,coverage,55.0,2.7957518399460364,False
1912,PI1M,CC[SiH](C)S(=O)(=O)O,CC[SiH](C)S(=O)(=O)O,feature,18.0,0.1385498383381463,False
1913,PI1M,CCc1ccc(C=C)c(S#N)c1,C=Cc1ccc(CC)cc1S#N,feature,23.0,0.2678988587629254,False
1914,PI1M,COc1ccc(SC(=O)c2ccc(C)cc2)cc1,COc1ccc(SC(=O)c2ccc(C)cc2)cc1,coverage,32.0,0.6512930237899227,False
1915,PI1M,CCCCC(C)(C)CNC(=O)OC,CCCCC(C)(C)CNC(=O)OC,coverage,34.0,0.7666572932453927,False
1916,OMG,*Oc1nc(OC(=O)C(Br)CC(*)=O)nc(C)c1C,COc1nc(OC(=O)C(Br)CC(C)=O)nc(C)c1C,coverage,34.0,0.7666572932453927,False
1917,PI1M,CCCCCCCCCCCCCOc1ccc(OC(=O)c2ccc(C(=O)Oc3ccc(/N=N/c4ccc(OC)cc4)cc3)cc2)cc1,CCCCCCCCCCCCCOc1ccc(OC(=O)c2ccc(C(=O)Oc3ccc(/N=N/c4ccc(OC)cc4)cc3)cc2)cc1,coverage,94.0,11.820528946214294,False
1918,PI1M,CNc1ccc(/C=C/c2ccc(Cc3ccc(N=C)cc3)cc2)cc1,C=Nc1ccc(Cc2ccc(/C=C/c3ccc(NC)cc3)cc2)cc1,coverage,47.0,1.8317500939966918,False
1919,PI1M,CCC(O)COC(=O)C1CCC(C(=O)NC)C1,CCC(O)COC(=O)C1CCC(C(=O)NC)C1,coverage,38.0,1.0340483823546922,False
1920,PI1M,COC[Si](C)(C)Cc1ccc(C(=O)OC)cc1,COC[Si](C)(C)Cc1ccc(C(=O)OC)cc1,random,37.0,0.9624665003915307,True
1921,OMG,*Nc1cc(C)cc(NC(=O)CCC(NC(=O)OC(C)(C)C)C(*)=O)c1CC(=O)OCC,CCOC(=O)Cc1c(NC)cc(C)cc1NC(=O)CCC(NC(=O)OC(C)(C)C)C(C)=O,coverage,67.0,4.754055023099274,False
1922,PI1M,C/C=C/C(C)C(C)(C)CCC,C/C=C/C(C)C(C)(C)CCC,coverage,33.0,0.707498434008989,False
1923,PI1M,C/C=C/c1ccc(/C=C/c2ccc([Si](C)(C)c3ccccc3)cc2)cc1,C/C=C/c1ccc(/C=C/c2ccc([Si](C)(C)c3ccccc3)cc2)cc1,coverage,52.0,2.404207673904035,False
1924,PI1M,C/C=C(/C)c1cc(-c2ccccc2)c(C)cc1C,C/C=C(/C)c1cc(-c2ccccc2)c(C)cc1C,coverage,38.0,1.0340483823546922,False
1925,OMG,*OCc1ccccc1COC(=O)c1cc(C(*)=O)cc(C)n1,COCc1ccccc1COC(=O)c1cc(C(C)=O)cc(C)n1,coverage,42.0,1.3535165667832443,False
1926,PI1M,CN=[PH](C)n1ccc(S(=O)(=O)O)c1,CN=[PH](C)n1ccc(S(=O)(=O)O)c1,feature,24.0,0.30039397989449834,False
1927,OMG,*OCC1OC(C)(C)OC1C(OC(=O)C12COCC(C(*)=O)(C1)C2)C1COC(C)(C)O1,COCC1OC(C)(C)OC1C(OC(=O)C12COCC(C(C)=O)(C1)C2)C1COC(C)(C)O1,coverage,65.0,4.381874289318153,False
1928,PI1M,CCCCOC(=O)c1ccc(C(C)(C)c2ccc(C(=O)OC)cc2)cc1,CCCCOC(=O)c1ccc(C(C)(C)c2ccc(C(=O)OC)cc2)cc1,coverage,52.0,2.404207673904035,False
1929,PI1M,CCC(=O)OCCSCCOCCOC(=O)N1CCN(CCCCCOC(=O)OCCCCCCOC(=O)c2ccc(C)s2)C1=O,CCC(=O)OCCSCCOCCOC(=O)N1CCN(CCCCCOC(=O)OCCCCCCOC(=O)c2ccc(C)s2)C1=O,random,94.0,11.820528946214294,True
1930,OMG,*Oc1ccccc1C(OC(=O)c1c(OC)cccc1C(*)=O)C(=O)OC,COC(=O)C(OC(=O)c1c(OC)cccc1C(C)=O)c1ccccc1OC,coverage,47.0,1.8317500939966918,False
1931,OMG,*Oc1c(C=O)cc(OC(=O)CSc2cc(C(F)(F)F)cc(SCC(*)=O)n2)cc1C=O,COc1c(C=O)cc(OC(=O)CSc2cc(C(F)(F)F)cc(SCC(C)=O)n2)cc1C=O,random,48.0,1.9384826272146733,True
1932,PolyInfo,*c1ccc(Oc2ccc(-c3nc4ccc(S(=O)(=O)c5ccc6nc(*)[nH]c6c5)cc4[nH]3)cc2)cc1,Cc1ccc(Oc2ccc(-c3nc4ccc(S(=O)(=O)c5ccc6nc(C)[nH]c6c5)cc4[nH]3)cc2)cc1,coverage,58.0,3.2251081841016833,False
1933,OMG,*Oc1cc(COC(=O)CCOCCOCCOCCOCCOCCOCCOCCC(*)=O)c(F)cc1Br,COc1cc(COC(=O)CCOCCOCCOCCOCCOCCOCCOCCC(C)=O)c(F)cc1Br,random,82.0,8.18619805320074,True
1934,PI1M,CCC(C)(CC(=O)OCl)C(=O)O,CCC(C)(CC(=O)OCl)C(=O)O,feature,23.0,0.2678988587629254,False
1935,PI1M,CNC(CCCCCCCCCN)C(C)=O,CNC(CCCCCCCCCN)C(C)=O,coverage,44.0,1.5339481655863532,False
1936,PI1M,CC(=O)NCCCCCCCCNC(=O)c1ccc(C)nn1,CC(=O)NCCCCCCCCNC(=O)c1ccc(C)nn1,coverage,48.0,1.9384826272146733,False
1937,PI1M,CCCCCCCOP(=O)(OC)OCCCCOc1ccc(-c2ccc(-c3ccc(OCCCCCCCCCCCC)cc3)cc2)cc1,CCCCCCCCCCCCOc1ccc(-c2ccc(-c3ccc(OCCCCOP(=O)(OC)OCCCCCCC)cc3)cc2)cc1,coverage,112.0,18.937361326636623,False
1938,OMG,*OC(C)c1ccccc1C(C)OC(=O)C(C)CCC(*)=O,COC(C)c1ccccc1C(C)OC(=O)C(C)CCC(C)=O,coverage,48.0,1.9384826272146733,False
1939,PI1M,CNc1ccc(NC(=O)c2cc(SCCCCCCCC)c(C(C)=O)cc2C)cc1,CCCCCCCCSc1cc(C(=O)Nc2ccc(NC)cc2)c(C)cc1C(C)=O,coverage,64.0,4.202881203832011,False
1940,PI1M,Cc1ccc(C)n1C(=O)OCCOc1ccccc1,Cc1ccc(C)n1C(=O)OCCOc1ccccc1,coverage,36.0,0.8940806826961882,False
1941,PolyInfo,*CC(c1ccccc1)C1C(=O)OC(=O)C1*,CCC(c1ccccc1)C1C(=O)OC(=O)C1C,coverage,33.0,0.707498434008989,False
1942,PI1M,CCCNC(=O)CCCCCCCCCCCCC(=O)NCCCCCCCOC(=O)CCCCNC(=O)CCCNC(=O)C(C)C(C)=O,CCCNC(=O)CCCCCCCCCCCCC(=O)NCCCCCCCOC(=O)CCCCNC(=O)CCCNC(=O)C(C)C(C)=O,random,119.0,22.291757543179525,True
1943,PI1M,COc1ccc(OC(=O)c2ccc(C(=O)Oc3ccc(C(C)=O)cc3)cc2)cc1C(C)(C)C,COc1ccc(OC(=O)c2ccc(C(=O)Oc3ccc(C(C)=O)cc3)cc2)cc1C(C)(C)C,coverage,59.0,3.3768743086298603,False
1944,PI1M,CO[Si](C)(C)CCOc1ccc(C(F)(F)F)cc1,CO[Si](C)(C)CCOc1ccc(C(F)(F)F)cc1,coverage,35.0,0.828831072009792,False
1945,OMG,*Nc1nc(O)c(N=O)c(NC(=O)c2ccc(NC(=O)c3ccc(C(=O)Nc4ccc(C(*)=O)cc4)cc3)cc2)n1,CNc1nc(O)c(N=O)c(NC(=O)c2ccc(NC(=O)c3ccc(C(=O)Nc4ccc(C(C)=O)cc4)cc3)cc2)n1,dopt,64.0,4.202881203832011,False
1946,OMG,*OC(OC(=O)C(C)(C)OC(C)(C)C(*)=O)(c1cncc(Br)c1)C(F)(F)F,COC(OC(=O)C(C)(C)OC(C)(C)C(C)=O)(c1cncc(Br)c1)C(F)(F)F,coverage,48.0,1.9384826272146733,False
1947,OMG,*NC(=N)NCCCCNC(=N)NC(=O)CCC(=O)Nc1cccc(NC(=O)CCC(*)=O)n1,CNC(=N)NCCCCNC(=N)NC(=O)CCC(=O)Nc1cccc(NC(=O)CCC(C)=O)n1,random,67.0,4.754055023099274,True
1948,PI1M,CCCCCCCC#CCCCCCCCOC(=O)OC,CCCCCCCC#CCCCCCCCOC(=O)OC,random,53.0,2.5306091492877196,True
1949,omics,*CC(*)C(=O)OC(C)(CC)CC,CCC(C)C(=O)OC(C)(CC)CC,coverage,35.0,0.828831072009792,False
1950,omics,*NC(=O)c1ccc(C(=O)c2ccc(C(*)=O)cc2)cc1,CNC(=O)c1ccc(C(=O)c2ccc(C(C)=O)cc2)cc1,coverage,36.0,0.8940806826961882,False
1951,OMG,*Oc1c(OC(=O)C(CSCC(*)=O)NS(=O)(=O)c2ccc(C)cc2)ccc(C(F)(F)F)c1Br,COc1c(OC(=O)C(CSCC(C)=O)NS(=O)(=O)c2ccc(C)cc2)ccc(C(F)(F)F)c1Br,random,55.0,2.7957518399460364,True
1952,PI1M,Cc1ccc(S(=O)(=O)c2ccc(Oc3ccc(C4(c5ccc(S(=O)(=O)C6=CC=C6C6=CC(=O)N(C)C6=O)cc5)C=C4)cc3)cc2)cc1,Cc1ccc(S(=O)(=O)c2ccc(Oc3ccc(C4(c5ccc(S(=O)(=O)C6=CC=C6C6=CC(=O)N(C)C6=O)cc5)C=C4)cc3)cc2)cc1,dopt,74.0,6.210925368545501,False
1953,PI1M,CNc1ccc(CCc2ccc(NC(=C)C)cc2)cc1,C=C(C)Nc1ccc(CCc2ccc(NC)cc2)cc1,coverage,42.0,1.3535165667832443,False
1954,PI1M,CCCCCCCCCCCCCCCCC/C=C(\C)c1ccc(CCCCCC)cc1,CCCCCCCCCCCCCCCCC/C=C(\C)c1ccc(CCCCCC)cc1,coverage,88.0,9.898773174753035,False
1955,OMG,*NCCCCCCCCCCNC(=O)C1C(C(*)=O)C1(c1ccccc1)c1ccccc1,CNCCCCCCCCCCNC(=O)C1C(C(C)=O)C1(c1ccccc1)c1ccccc1,coverage,73.0,5.987719929256527,False
1956,PI1M,Cc1ccc2c(n1)Nc1ccc-2oc(-c2ccc(C)s2)cs1,Cc1ccc2c(n1)Nc1ccc-2oc(-c2ccc(C)s2)cs1,feature,36.0,0.8940806826961882,False
1957,OMG,*Oc1c(OC)cccc1C(OC(=O)C(Cc1ccc(Br)cc1F)C(*)=O)C(F)(F)F,COc1cccc(C(OC(=O)C(Cc2ccc(Br)cc2F)C(C)=O)C(F)(F)F)c1OC,random,50.0,2.1634770685187323,True
1958,OMG,*Oc1c(C(=O)Cl)ccc(OC(=O)C(C(*)=O)C2CCOC2)c1OCC,CCOc1c(OC(=O)C(C(C)=O)C2CCOC2)ccc(C(=O)Cl)c1OC,random,47.0,1.8317500939966918,True
1959,omics,*c1ccc([N+](=O)[O-])c2c1C(=O)c1c([N+](=O)[O-])ccc(*)c1-2,Cc1ccc([N+](=O)[O-])c2c1C(=O)c1c([N+](=O)[O-])ccc(C)c1-2,dopt,32.0,0.6512930237899227,False
1960,PI1M,COC(=O)CNS(C)(=O)=S,COC(=O)CNS(C)(=O)=S,feature,19.0,0.16023971771432066,False
1961,omics,*CCCCCCCC(=O)Nc1ccc(*)cc1,CCCCCCCCC(=O)Nc1ccc(C)cc1,coverage,43.0,1.4419597242422257,False
1962,PI1M,CN=P(C)(Br)O[Si](C)(C)C,CN=P(C)(Br)O[Si](C)(C)C,feature,25.0,0.33525989756051233,False
1963,OMG,*OC(CSc1cc(Cl)c(Cl)cc1Cl)C(CCl)OC(=O)CCOCCOCCOCCOCCOCCOCCOCCOCCOCCOCCOCCOCCC(*)=O,COC(CSc1cc(Cl)c(Cl)cc1Cl)C(CCl)OC(=O)CCOCCOCCOCCOCCOCCOCCOCCOCCOCCOCCOCCOCCC(C)=O,dopt,127.0,26.555531250632615,False
1964,OMG,*OCC(F)(F)C(F)(F)C(F)(F)C(F)(F)C(F)(F)C(F)(F)C(F)(F)C(F)(F)COC(=O)C(Cc1cccc(C)c1)C(*)=O,COCC(F)(F)C(F)(F)C(F)(F)C(F)(F)C(F)(F)C(F)(F)C(F)(F)C(F)(F)COC(=O)C(Cc1cccc(C)c1)C(C)=O,random,63.0,4.0285528241783775,True
1965,PI1M,CCCCCCCOC(=O)Nc1ccc(C#N)cc1C,CCCCCCCOC(=O)Nc1ccc(C#N)cc1C,coverage,42.0,1.3535165667832443,False
1966,OMG,*Oc1cc(Br)cc(COC(=O)C2=CC(C)C=C(C(*)=O)O2)c1F,COc1cc(Br)cc(COC(=O)C2=CC(C)C=C(C(C)=O)O2)c1F,random,40.0,1.187037287474881,True
1967,PI1M,CCC(C)(C)CCCCO,CCC(C)(C)CCCCO,coverage,30.0,0.5474937425136082,False
1968,omics,*CC(CC(*)(C)C(=O)OC(C)CCC)N1CCCC1=O,CCCC(C)OC(=O)C(C)(C)CC(CC)N1CCCC1=O,coverage,52.0,2.404207673904035,False
1969,PI1M,CO[Si](C)(C)Oc1ccc(-c2ccc(-c3ccc(C)cc3)cc2)cc1,CO[Si](C)(C)Oc1ccc(-c2ccc(-c3ccc(C)cc3)cc2)cc1,coverage,49.0,2.04904001620089,False
1970,PI1M,CCC(C)(Oc1ccc(OCCOC)cc1)Sc1ccc(C)cc1,CCC(C)(Oc1ccc(OCCOC)cc1)Sc1ccc(C)cc1,random,50.0,2.1634770685187323,True
1971,OMG,*OCC(OC(=O)C1CCC1C(*)=O)c1ccccc1C(C)C,COCC(OC(=O)C1CCC1C(C)=O)c1ccccc1C(C)C,coverage,49.0,2.04904001620089,False
1972,OMG,*Oc1cc(OC(=O)C2C(c3ccc(OC)cc3)C(C(*)=O)C2c2ccc(OC)cc2)ccc1C(=O)OCC(=O)c1ccc(C)cc1,COc1ccc(C2C(C(C)=O)C(c3ccc(OC)cc3)C2C(=O)Oc2ccc(C(=O)OCC(=O)c3ccc(C)cc3)c(OC)c2)cc1,random,83.0,8.457520383218988,True
1973,PI1M,CNc1ccc(-c2ccc(NC(C)=NNc3ccccc3)cc2)cc1,CNc1ccc(-c2ccc(NC(C)=NNc3ccccc3)cc2)cc1,random,47.0,1.8317500939966918,True
1974,OMG,*OC(OC(=O)C12CCCC(C(*)=O)(CC1)C2)C(Cl)(Cl)P(=O)(N1CCOCC1)N1CCOCC1,COC(OC(=O)C12CCCC(C(C)=O)(CC1)C2)C(Cl)(Cl)P(=O)(N1CCOCC1)N1CCOCC1,dopt,69.0,5.145493557044269,False
1975,PI1M,CCC(C)Cc1ccc(O)cc1O,CCC(C)Cc1ccc(O)cc1O,random,29.0,0.49977393112088747,True
1976,PolyInfo,*CC(*)(C)c1ccc(F)cc1,CCC(C)(C)c1ccc(F)cc1,coverage,27.0,0.41237422298650106,False
1977,PI1M,COc1c(C)cc(C(=O)OCCCCCCOC(C)=O)cc1OCCCCCCCCCC,CCCCCCCCCCOc1cc(C(=O)OCCCCCCOC(C)=O)cc(C)c1OC,coverage,77.0,6.911670651446108,False
1978,PI1M,CO[Si](C)(C)CCCCCCCCCCCC[SH](C)(C)(C)C,CO[Si](C)(C)CCCCCCCCCCCC[SH](C)(C)(C)C,dopt,68.0,4.947342301951497,False
1979,PI1M,CCCCCNC(=O)CCOCCCCCCOCCCCCCCCNC(=O)C(=O)NC,CCCCCNC(=O)CCOCCCCCCOCCCCCCCCNC(=O)C(=O)NC,random,82.0,8.18619805320074,True
1980,omics,*c1ccc(C2C(C(=O)OC)C(*)C2C(=O)OCC)cc1C(C)=O,CCOC(=O)C1C(C)C(C(=O)OC)C1c1ccc(C)c(C(C)=O)c1,coverage,48.0,1.9384826272146733,False
1981,omics,*/C=C/C(C(=O)O)C(*)C,C/C=C/C(C(=O)O)C(C)C,random,24.0,0.30039397989449834,True
1982,PI1M,CC(=S)n1ccn(C)c1=O,CC(=S)n1ccn(C)c1=O,random,18.0,0.1385498383381463,True
1983,OMG,*OCC(OCc1ccccc1)C(OCc1ccccc1)C(OCc1ccccc1)C(COC(=O)C1NC(C(*)=O)SC1(C)C)OCc1ccccc1,COCC(OCc1ccccc1)C(OCc1ccccc1)C(OCc1ccccc1)C(COC(=O)C1NC(C(C)=O)SC1(C)C)OCc1ccccc1,random,104.0,15.514674460906292,True
1984,PI1M,CNc1cccc(NC(=O)CCC(=O)Nc2cccc(C)c2)c1,CNc1cccc(NC(=O)CCC(=O)Nc2cccc(C)c2)c1,coverage,44.0,1.5339481655863532,False
1985,PI1M,C/C=C/N=N/S(C)(C)Cl,C/C=C/N=N/S(C)(C)Cl,feature,20.0,0.1839474081746623,False
1986,omics,*CCSSCCCCCNC(=O)c1cc(=O)cc(*)o1,CCCSSCCCCCNC(=O)c1cc(=O)cc(C)o1,random,44.0,1.5339481655863532,True
1987,PI1M,CC(=O)NCc1ccc(Cc2ccc(N(C)C)cc2)cc1,CC(=O)NCc1ccc(Cc2ccc(N(C)C)cc2)cc1,coverage,43.0,1.4419597242422257,False
1988,PI1M,CCc1ccccc1CCN(C)c1ccccc1,CCc1ccccc1CCN(C)c1ccccc1,coverage,39.0,1.1088856862834737,False
1989,OMG,*OC1(OC(=O)C(CC(*)=O)OC)CCN(Cc2ccccc2)CC1(F)F,COC(CC(C)=O)C(=O)OC1(OC)CCN(Cc2ccccc2)CC1(F)F,coverage,52.0,2.404207673904035,False
1990,PI1M,C/C=C/c1cc(OCCCCCCCCCCC)ccc1C,C/C=C/c1cc(OCCCCCCCCCCC)ccc1C,coverage,56.0,2.934599081644776,False
1991,PI1M,COc1c(OC)cc(C)cc1OCCCC,CCCCOc1cc(C)cc(OC)c1OC,coverage,36.0,0.8940806826961882,False
1992,PI1M,CCC(C)C(=O)N(c1ccccc1)C(C(F)(F)F)(C(F)(F)F)[PH](F)(F)F,CCC(C)C(=O)N(c1ccccc1)C(C(F)(F)F)(C(F)(F)F)[PH](F)(F)F,dopt,41.0,1.2685615949723126,False
1993,PI1M,CCC(NC(=O)CCc1ccccc1)C(=O)NC,CCC(NC(=O)CCc1ccccc1)C(=O)NC,coverage,38.0,1.0340483823546922,False
1994,omics,*NC(=O)Cc1cccc(CC(=O)NCCc2ccc(CCNC(=O)CCCCC(*)=O)cc2)c1,CNC(=O)Cc1cccc(CC(=O)NCCc2ccc(CCNC(=O)CCCCC(C)=O)cc2)c1,random,72.0,5.769622518212583,True
1995,OMG,*OC(C)(C)CN(CC(C)(C)OC(=O)C(CS)NCCNC(CS)C(*)=O)C(=O)c1cccc(Br)c1,COC(C)(C)CN(CC(C)(C)OC(=O)C(CS)NCCNC(CS)C(C)=O)C(=O)c1cccc(Br)c1,random,76.0,6.672852850107062,True
1996,PI1M,CCC1CCC(CNC(=O)CCCCCCCCCCCC(=O)NC)CC1,CCC1CCC(CNC(=O)CCCCCCCCCCCC(=O)NC)CC1,coverage,71.0,5.556584750444072,False
1997,OMG,*Oc1cc(F)cc(OC(=O)CCN(CCCC(*)=O)S(=O)(=O)c2ccc(C)cc2)c1C(=O)OCC,CCOC(=O)c1c(OC)cc(F)cc1OC(=O)CCN(CCCC(C)=O)S(=O)(=O)c1ccc(C)cc1,random,66.0,4.5655822516472835,True
1998,PI1M,CNc1cc(C)c2nc(C)cccc1-2,CNc1cc(C)c2nc(C)cccc1-2,feature,28.0,0.4547556347186134,False
1999,PI1M,CCC(C)C(=O)NC(=O)c1ccccc1C(=O)OCl,CCC(C)C(=O)NC(=O)c1ccccc1C(=O)OCl,dopt,33.0,0.707498434008989,False
2000,OMG,*OC(C(COS(C)(=O)=O)OS(C)(=O)=O)C(OC(=O)C(C(*)=O)C1CCOC1)C(COS(C)(=O)=O)OS(C)(=O)=O,COC(C(COS(C)(=O)=O)OS(C)(=O)=O)C(OC(=O)C(C(C)=O)C1CCOC1)C(COS(C)(=O)=O)OS(C)(=O)=O,dopt,74.0,6.210925368545501,False
2001,OMG,*OCc1cc(Cl)c(OC)cc1OC(=O)C(CS)NCCNC(CS)C(*)=O,COCc1cc(Cl)c(OC)cc1OC(=O)C(CS)NCCNC(CS)C(C)=O,random,55.0,2.7957518399460364,True
2002,OMG,*OC(COC(=O)C(Br)CC(*)=O)c1ccccc1,COC(COC(=O)C(Br)CC(C)=O)c1ccccc1,coverage,36.0,0.8940806826961882,False
2003,PI1M,CN=P(C)(COc1ccc(F)cc1)Oc1ccccc1,CN=P(C)(COc1ccc(F)cc1)Oc1ccccc1,coverage,37.0,0.9624665003915307,False
2004,PI1M,CC1=NC2=C(C)C2O1,CC1=NC2=C(C)C2O1,feature,15.0,0.08484152603281661,False
2005,PI1M,C/C=C/C(C#[SH])=C(Oc1ccc(/C=N/C=C)cc1)c1ccc(Br)cc1,C=C/N=C/c1ccc(OC(=C(C#[SH])/C=C/C)c2ccc(Br)cc2)cc1,dopt,43.0,1.4419597242422257,False
2006,OMG,*Oc1cc(OC(=O)C2CSCC(C(*)=O)N2)ccc1N,COc1cc(OC(=O)C2CSCC(C(C)=O)N2)ccc1N,random,39.0,1.1088856862834737,True
2007,PI1M,COc1ccc(OC(=O)c2ccc(OC(=O)c3ccc(C(=O)Nc4ccc(Oc5ccc(C(C)=O)cc5)cc4)cc3)cc2)cc1,COc1ccc(OC(=O)c2ccc(OC(=O)c3ccc(C(=O)Nc4ccc(Oc5ccc(C(C)=O)cc5)cc4)cc3)cc2)cc1,coverage,72.0,5.769622518212583,False
2008,OMG,*Oc1c(C=O)ccc(OC(=O)C(CC(*)=O)NC(=O)C(F)(F)F)c1OC,COc1c(C=O)ccc(OC(=O)C(CC(C)=O)NC(=O)C(F)(F)F)c1OC,random,43.0,1.4419597242422257,True
2009,PI1M,CNc1cccc(C(C)(C)c2ccc(C)cc2)c1,CNc1cccc(C(C)(C)c2ccc(C)cc2)c1,coverage,39.0,1.1088856862834737,False
2010,OMG,*Nc1cc(Br)cc(NC(=O)c2cc(C#N)cc(C(*)=O)c2)c1CC#N,CNc1cc(Br)cc(NC(=O)c2cc(C#N)cc(C(C)=O)c2)c1CC#N,random,41.0,1.2685615949723126,True
2011,PI1M,COP(=O)(OF)OCCOc1cccc(C)c1,COP(=O)(OF)OCCOc1cccc(C)c1,feature,31.0,0.597979011686388,False
2012,PolyInfo,*CC(*)c1ccc(N(c2ccccc2)c2ccccc2)cc1,CCC(C)c1ccc(N(c2ccccc2)c2ccccc2)cc1,coverage,46.0,1.7287872538090088,False
2013,PI1M,CCC(COC)P(=O)(O)O,CCC(COC)P(=O)(O)O,random,23.0,0.2678988587629254,True
2014,PI1M,C/N=[SH](/C)c1cc(I)ccc1Br,C/N=[SH](/C)c1cc(I)ccc1Br,feature,22.0,0.23770591902308572,False
2015,PI1M,COc1c(Cl)cc(C(C)(C)c2cc(C)c(C)c(Br)c2Cl)cc1Cl,COc1c(Cl)cc(C(C)(C)c2cc(C)c(C)c(Br)c2Cl)cc1Cl,coverage,41.0,1.2685615949723126,False
2016,OMG,*Nc1cc(Cl)cc(NC(=O)c2ccccc2OCCOc2ccccc2C(*)=O)c1C(C)=O,CNc1cc(Cl)cc(NC(=O)c2ccccc2OCCOc2ccccc2C(C)=O)c1C(C)=O,random,59.0,3.3768743086298603,True
2017,PolyInfo,*CCCCCCCCCN1C(=O)c2ccc(C(=O)Oc3ccc(-c4ccc(OC(=O)c5ccc6c(c5)C(=O)N(*)C6=O)cc4)cc3)cc2C1=O,CCCCCCCCCCN1C(=O)c2ccc(C(=O)Oc3ccc(-c4ccc(OC(=O)c5ccc6c(c5)C(=O)N(C)C6=O)cc4)cc3)cc2C1=O,coverage,89.0,10.204273787941979,False
2018,PI1M,CC1CCCOC(C)OC1,CC1CCCOC(C)OC1,feature,26.0,0.372564345698904,False
2019,omics,*C(Cl)C(*)C(=O)OCCOCC,CCOCCOC(=O)C(C)C(C)Cl,coverage,30.0,0.5474937425136082,False
2020,PI1M,COc1ccc(C2(c3ccc(OC(=O)CCCC(C)(C)C)c(C(C)=O)c3)CC2)cc1,COc1ccc(C2(c3ccc(OC(=O)CCCC(C)(C)C)c(C(C)=O)c3)CC2)cc1,random,62.0,3.858838735716932,True
2021,PI1M,CC(=O)c1ccc([Si](CCCC)(CCCC)c2ccc(C)cc2)cc1,CCCC[Si](CCCC)(c1ccc(C)cc1)c1ccc(C(C)=O)cc1,random,57.0,3.0777004384750812,True
2022,OMG,*Oc1cc(COC(=O)C2C3CCC(O3)C2C(*)=O)ccc1C,COc1cc(COC(=O)C2C3CCC(O3)C2C(C)=O)ccc1C,coverage,45.0,1.629538578803666,False
2023,OMG,*Oc1ccc(OC(=O)C2(C(*)=O)CCOCC2)cc1CCl,COc1ccc(OC(=O)C2(C(C)=O)CCOCC2)cc1CCl,random,41.0,1.2685615949723126,True
2024,OMG,*Oc1ccc(OC(=O)C2CSCC(C(*)=O)N2)c(C(=O)OC)c1N,COC(=O)c1c(OC(=O)C2CSCC(C(C)=O)N2)ccc(OC)c1N,random,45.0,1.629538578803666,True
2025,PI1M,C/N=c1\cc1C(C)C,C/N=c1\cc1C(C)C,feature,19.0,0.16023971771432066,False
2026,OMG,*Oc1cc(OC(=O)C(CSSCC(NC(C)=O)C(*)=O)NC(C)=O)nc(SCCCl)n1,COc1cc(OC(=O)C(CSSCC(NC(C)=O)C(C)=O)NC(C)=O)nc(SCCCl)n1,coverage,57.0,3.0777004384750812,False
2027,OMG,*Oc1ccc(C(CC)OC(=O)C(C)(C(*)=O)C(C)C)cc1,CCC(OC(=O)C(C)(C(C)=O)C(C)C)c1ccc(OC)cc1,coverage,48.0,1.9384826272146733,False
2028,PI1M,CNc1ccccc1C(=O)Oc1ccc(OC(=O)c2ccc(C)cc2)cc1,CNc1ccccc1C(=O)Oc1ccc(OC(=O)c2ccc(C)cc2)cc1,coverage,46.0,1.7287872538090088,False
2029,PI1M,CCC(C)c1ccc(C(=O)Oc2ccc(OC(=O)c3ccccc3)cc2)cc1,CCC(C)c1ccc(C(=O)Oc2ccc(OC(=O)c3ccccc3)cc2)cc1,coverage,50.0,2.1634770685187323,False
2030,omics,*CC(*)(CC(=O)OCCCCCCC)C(=O)OCCCCCCCCC,CCCCCCCCCOC(=O)C(C)(CC)CC(=O)OCCCCCCC,coverage,71.0,5.556584750444072,False
2031,OMG,*Nc1nonc1C(=NO)C(=NO)c1nonc1NC(=O)C1CC=C(C)CC1C(*)=O,CNc1nonc1C(=NO)C(=NO)c1nonc1NC(=O)C1CC=C(C)CC1C(C)=O,dopt,51.0,2.2818482460254073,False
2032,omics,*CC(*)OCc1ccc(CCC)cc1,CCCc1ccc(COC(C)CC)cc1,coverage,37.0,0.9624665003915307,False
2033,PI1M,Cc1ccc([Si](C)(C)c2ccc([Si](C)(C)c3ccc([Si](C)(C)[Si](C)(C)C)cc3)cc2)cc1,Cc1ccc([Si](C)(C)c2ccc([Si](C)(C)c3ccc([Si](C)(C)[Si](C)(C)C)cc3)cc2)cc1,dopt,74.0,6.210925368545501,False
2034,PI1M,Cc1ccc(Cc2ccc(N=C)c(OCCCCCCCCCCCCCC)c2)cc1,C=Nc1ccc(Cc2ccc(C)cc2)cc1OCCCCCCCCCCCCCC,random,74.0,6.210925368545501,True
2035,PI1M,CCC(C)(C)C(=O)OC(C)COC(=O)N(C(=O)Oc1ccccc1)c1ccccc1,CCC(C)(C)C(=O)OC(C)COC(=O)N(C(=O)Oc1ccccc1)c1ccccc1,random,57.0,3.0777004384750812,True
2036,PI1M,CC(F)[SH](C)(F)Cl,CC(F)[SH](C)(F)Cl,feature,15.0,0.08484152603281661,False
2037,PI1M,CC1=CC=CS(Cc2ccc(-n3c(=O)c4cc5c(=O)n(C)c(=O)c5cc4c3=O)cc2S(=O)(=O)O)=C1,CC1=CC=CS(Cc2ccc(-n3c(=O)c4cc5c(=O)n(C)c(=O)c5cc4c3=O)cc2S(=O)(=O)O)=C1,dopt,53.0,2.5306091492877196,False
2038,omics,*CC(*)c1ccc(CCCCC)c(C(=O)OCCCCCC)c1,CCCCCCOC(=O)c1cc(C(C)CC)ccc1CCCCC,random,60.0,3.533050524994261,True
2039,OMG,*Oc1c(Cl)cc(Cl)c(Cl)c1S(=O)c1c(Cl)c(Cl)cc(Cl)c1OC(=O)C1C2OC(C3OC32)C1C(*)=O,COc1c(Cl)cc(Cl)c(Cl)c1S(=O)c1c(Cl)c(Cl)cc(Cl)c1OC(=O)C1C2OC(C3OC32)C1C(C)=O,dopt,50.0,2.1634770685187323,False
2040,OMG,*OCCCCCCCCCCCCCCCCCCOC(=O)CCCSCCCC(*)=O,COCCCCCCCCCCCCCCCCCCOC(=O)CCCSCCCC(C)=O,coverage,87.0,9.599083603550964,False
2041,PI1M,CNC(CC)C(C)C(C)=O,CCC(NC)C(C)C(C)=O,coverage,27.0,0.41237422298650106,False
2042,PI1M,CCC(CC)(COC)C(O)CO,CCC(CC)(COC)C(O)CO,coverage,32.0,0.6512930237899227,False
2043,OMG,*OCCOCCOCCOCCOCCOCCOCCOCCOCCOCCOCCOCCOCCOCCOCCOC(=O)C1C2CCC(O2)C1C(*)=O,COCCOCCOCCOCCOCCOCCOCCOCCOCCOCCOCCOCCOCCOCCOCCOC(=O)C1C2CCC(O2)C1C(C)=O,dopt,133.0,30.066570853046954,False
2044,PI1M,CNC(=O)/C=C/CCC(C)=O,CNC(=O)/C=C/CCC(C)=O,coverage,24.0,0.30039397989449834,False
2045,OMG,*OCCN(CCOC(=O)C(N)CC(Cl)C(*)=O)C(=O)C1(C(=O)OCC)CC1,CCOC(=O)C1(C(=O)N(CCOC)CCOC(=O)C(N)CC(Cl)C(C)=O)CC1,random,57.0,3.0777004384750812,True
2046,PI1M,CO[Si](C)(C)CCCCCCCCCCCc1ccc(C#N)cc1,CO[Si](C)(C)CCCCCCCCCCCc1ccc(C#N)cc1,coverage,59.0,3.3768743086298603,False
2047,PI1M,CNc1ccc(Sc2ccc(C#N)cc2)cc1P(=O)(/N=N/c1ccc(C(C)=O)cc1)[Si](C)(C)C,CNc1ccc(Sc2ccc(C#N)cc2)cc1P(=O)(/N=N/c1ccc(C(C)=O)cc1)[Si](C)(C)C,dopt,61.0,3.6936882750981668,False
2048,PI1M,COc1ccc(OC(=O)c2ccc(C(C)=O)cc2)cc1C(=O)OC(C)CCCCCCCCC,CCCCCCCCCC(C)OC(=O)c1cc(OC(=O)c2ccc(C(C)=O)cc2)ccc1OC,random,70.0,5.348558032191515,True
2049,PI1M,CO[SiH](C)C(C)CCC(C)(C)C(C)(Cl)OF,CO[SiH](C)C(C)CCC(C)(C)C(C)(Cl)OF,feature,40.0,1.187037287474881,False
2050,PI1M,CCC(C)C(=O)OCCCCCOc1ccc(C2CCCC(CCCCCC)CC2)cc1,CCCCCCC1CCCC(c2ccc(OCCCCCOC(=O)C(C)CC)cc2)CC1,coverage,80.0,7.66011076664799,False
2051,OMG,*OC1CC(OC(=O)C2CC(C(*)=O)N(C)N2C)CN(Cc2ccccc2)C1,COC1CC(OC(=O)C2CC(C(C)=O)N(C)N2C)CN(Cc2ccccc2)C1,coverage,59.0,3.3768743086298603,False
2052,OMG,*OC(COC(=O)C(CC(*)=O)c1cccs1)c1ncccn1,COC(COC(=O)C(CC(C)=O)c1cccs1)c1ncccn1,random,41.0,1.2685615949723126,True
2053,PI1M,CCCCCCCCCCCCCCCCCCCC[Si](C)(CCCC)CCCCCC,CCCCCCCCCCCCCCCCCCCC[Si](C)(CCCC)CCCCCC,coverage,98.0,13.22272994707856,False
2054,omics,*/C(C#CS(F)(F)(F)(F)F)=C(/*)c1ccc(C(C)(C)C)cc1,C/C(C#CS(F)(F)(F)(F)F)=C(/C)c1ccc(C(C)(C)C)cc1,dopt,41.0,1.2685615949723126,False
2055,PI1M,CNc1ccc(-c2ccc(/C=N/Nc3ccc([Si](C)(C)C#N)cc3)cc2)cc1,CNc1ccc(-c2ccc(/C=N/Nc3ccc([Si](C)(C)C#N)cc3)cc2)cc1,random,52.0,2.404207673904035,True
2056,PI1M,C/C=C/c1ccc(C)c(I)c1[SiH2],C/C=C/c1ccc(C)c(I)c1[SiH2],feature,24.0,0.30039397989449834,False
2057,PI1M,CCC(=O)Nc1ccc(S(C)(=O)=O)cc1,CCC(=O)Nc1ccc(S(C)(=O)=O)cc1,coverage,28.0,0.4547556347186134,False
2058,PI1M,CCc1ccc(C)c(-n2cc3cccc(c2=O)-c(=O)-c2cc(-c4ccc5c(c4)C(=O)N(C)C5=O)ccc2-o-3)c1,CCc1ccc(C)c(-n2cc3cccc(c2=O)C(=O)c2cc(-c4ccc5c(c4)C(=O)N(C)C5=O)ccc2O3)c1,dopt,63.0,4.0285528241783775,False
2059,PI1M,COP(=O)(Oc1ccccc1)Oc1ccc(CCc2ccc(C)cc2)cc1,COP(=O)(Oc1ccccc1)Oc1ccc(CCc2ccc(C)cc2)cc1,coverage,50.0,2.1634770685187323,False
2060,PI1M,CCC(F)(F)C(=O)OC(F)(F)C(F)(F)C(=O)N(C)CCCCC(F)(F)C(F)(F)C(F)(F)F,CCC(F)(F)C(=O)OC(F)(F)C(F)(F)C(=O)N(C)CCCCC(F)(F)C(F)(F)C(F)(F)F,random,48.0,1.9384826272146733,True
2061,PI1M,CCC(C)c1cccc(C(=O)OC(F)(F)C(F)(F)C(F)(F)C(F)(F)C(F)(F)C(F)(F)C(F)(F)C(F)(F)C(F)(F)C(F)(F)C(F)(F)C(F)(F)F)c1,CCC(C)c1cccc(C(=O)OC(F)(F)C(F)(F)C(F)(F)C(F)(F)C(F)(F)C(F)(F)C(F)(F)C(F)(F)C(F)(F)C(F)(F)C(F)(F)C(F)(F)F)c1,coverage,63.0,4.0285528241783775,False
2062,PI1M,COC(COC(=O)CCCCCCCCC(=O)OC)C(C)COCC(C)COC(=O)c1ccc(/C=C/c2ccc(C#N)cc2)cc1,COC(=O)CCCCCCCCC(=O)OCC(OC)C(C)COCC(C)COC(=O)c1ccc(/C=C/c2ccc(C#N)cc2)cc1,random,95.0,12.161845525102757,True
2063,PI1M,COC(=O)CC=CC(C)=O,COC(=O)CC=CC(C)=O,coverage,20.0,0.1839474081746623,False
2064,PI1M,CCC(C)(C)CNC(=O)c1ccc(C(=O)NCCCCCCNC(=O)c2ccc(C(=O)NC)cc2)cc1,CCC(C)(C)CNC(=O)c1ccc(C(=O)NCCCCCCNC(=O)c2ccc(C(=O)NC)cc2)cc1,coverage,77.0,6.911670651446108,False
2065,PI1M,CCCCCCCN(C)c1ccc(Cc2ccc(C(=O)NCCCCCCCCCCNC(=O)c3ccc(C(=O)NC)cc3)cc2)cc1,CCCCCCCN(C)c1ccc(Cc2ccc(C(=O)NCCCCCCCCCCNC(=O)c3ccc(C(=O)NC)cc3)cc2)cc1,coverage,106.0,16.330360128680436,False
2066,PI1M,CO[Si](C)(C)CCCCCC(=O)Oc1ccc(OCCCC)cc1,CCCCOc1ccc(OC(=O)CCCCC[Si](C)(C)OC)cc1,random,56.0,2.934599081644776,True
2067,PI1M,CCC1CCC(C)C(CC)C1,CCC1CCC(C)C(CC)C1,coverage,33.0,0.707498434008989,False
2068,PI1M,CCC(C)(CC(=O)OCCCCCCCCCCCCCCCC)C(=O)OCCOC,CCCCCCCCCCCCCCCCOC(=O)CC(C)(CC)C(=O)OCCOC,random,81.0,7.920410401396693,True
2069,omics,*CC/C(CCCCCCCC)=C(/*)c1ccccc1,CCCCCCCC/C(CCC)=C(\C)c1ccccc1,coverage,52.0,2.404207673904035,False
2070,PI1M,CO[Si](C)(P=O)c1ccccc1,CO[Si](C)(P=O)c1ccccc1,feature,23.0,0.2678988587629254,False
2071,PI1M,CSCCCC(C=CC)NC(=O)[Si]CCCCCCCC(=O)SC,CC=CC(CCCSC)NC(=O)[Si]CCCCCCCC(=O)SC,dopt,57.0,3.0777004384750812,False
2072,PI1M,COc1ccc(S(=O)(=O)c2ccc(Oc3ccc(C(=O)N(C)c4ccccc4)cc3)cc2)cc1,COc1ccc(S(=O)(=O)c2ccc(Oc3ccc(C(=O)N(C)c4ccccc4)cc3)cc2)cc1,random,57.0,3.0777004384750812,True
2073,PI1M,COc1c(C)cc(Cc2cc(C)c(OC(C)=O)c(Br)c2Cl)cc1Cl,COc1c(C)cc(Cc2cc(C)c(OC(C)=O)c(Br)c2Cl)cc1Cl,coverage,41.0,1.2685615949723126,False
2074,OMG,*OCC1CN(C(=O)OCc2ccccc2)CC1COC(=O)C1CC(C(*)=O)N(C(=O)OC(C)(C)C)N1C(=O)OC(C)(C)C,COCC1CN(C(=O)OCc2ccccc2)CC1COC(=O)C1CC(C(C)=O)N(C(=O)OC(C)(C)C)N1C(=O)OC(C)(C)C,coverage,89.0,10.204273787941979,False
2075,PI1M,Cc1ccc(-c2ccc(Sc3ccc(-c4ccc(C)s4)s3)s2)o1,Cc1ccc(-c2ccc(Sc3ccc(-c4ccc(C)s4)s3)s2)o1,coverage,37.0,0.9624665003915307,False
2076,PI1M,CC[Si](C)(C)c1cccc([Si](C)(C)C)c1,CC[Si](C)(C)c1cccc([Si](C)(C)C)c1,coverage,39.0,1.1088856862834737,False
2077,PI1M,CCC(C)(F)C(=O)OCC(F)(F)C(F)(F)C(F)(F)C(F)(F)C(F)(F)C(F)(F)C(F)(F)C(F)(F)C(F)(F)C(F)(F)CC(F)(F)C(F)(F)C(C[SH](F)(F)F)C(F)(F)C(F)(F)F,CCC(C)(F)C(=O)OCC(F)(F)C(F)(F)C(F)(F)C(F)(F)C(F)(F)C(F)(F)C(F)(F)C(F)(F)C(F)(F)C(F)(F)CC(F)(F)C(F)(F)C(C[SH](F)(F)F)C(F)(F)C(F)(F)F,dopt,75.0,6.439287015998562,False
2078,PI1M,COOc1ccc(CC(C)=O)cc1Cl,COOc1ccc(CC(C)=O)cc1Cl,feature,25.0,0.33525989756051233,False
2079,OMG,*NC(=NO)c1ccccc1C(=NO)NC(=O)c1cccc(N=Cc2ccc(C=Nc3cccc(C(*)=O)c3)cc2)c1,CNC(=NO)c1ccccc1C(=NO)NC(=O)c1cccc(N=Cc2ccc(C=Nc3cccc(C(C)=O)c3)cc2)c1,dopt,70.0,5.348558032191515,False
2080,PI1M,CCC(C)(C)C(=O)NCCCCCCCCC,CCCCCCCCCNC(=O)C(C)(C)CC,coverage,48.0,1.9384826272146733,False
2081,OMG,*NC(C)C(=O)NNC(=O)CCCC(=O)Nc1ccc(NC(=O)CCCC(*)=O)cc1,CNC(C)C(=O)NNC(=O)CCCC(=O)Nc1ccc(NC(=O)CCCC(C)=O)cc1,random,62.0,3.858838735716932,True
2082,OMG,*Oc1cc(OC(=O)C(C)(CC(*)=O)NC(=O)OC(C)(C)C)cc(OC)c1C(C)=O,COc1cc(OC(=O)C(C)(CC(C)=O)NC(=O)OC(C)(C)C)cc(OC)c1C(C)=O,random,59.0,3.3768743086298603,True
2083,OMG,*OC(COC(=O)C(C)(C(*)=O)C(C)C)c1ccc(Cl)cc1F,COC(COC(=O)C(C)(C(C)=O)C(C)C)c1ccc(Cl)cc1F,random,45.0,1.629538578803666,True
2084,OMG,*OCc1c(Br)c(Br)c(Br)c(Br)c1COC(=O)CCC1(CCC(*)=O)N=N1,COCc1c(Br)c(Br)c(Br)c(Br)c1COC(=O)CCC1(CCC(C)=O)N=N1,dopt,45.0,1.629538578803666,False
2085,PI1M,COC(=O)CCc1cccc(COC(=O)OCC(O)COc2ccc(/N=[SH]/c3ccc(C(=O)C(=O)N(C)C#N)cc3)cc2)c1,COC(=O)CCc1cccc(COC(=O)OCC(O)COc2ccc(/N=[SH]/c3ccc(C(=O)C(=O)N(C)C#N)cc3)cc2)c1,dopt,75.0,6.439287015998562,False
2086,PI1M,CC(=O)c1cccc(C(=O)N(C)CCC)c1,CCCN(C)C(=O)c1cccc(C(C)=O)c1,coverage,33.0,0.707498434008989,False
2087,OMG,*OC1C(OC(=O)C(C)(C)OC(C)(C)C(*)=O)COC1OCc1ccccc1,COC1C(OC(=O)C(C)(C)OC(C)(C)C(C)=O)COC1OCc1ccccc1,coverage,58.0,3.2251081841016833,False
2088,PI1M,COC1=CC=c2ccc(c3ccc(cc2OC)c2cc4c(cc2c3=O)C(=O)N(C)C4=O)=C1,COC1=CC=c2ccc(c3ccc(cc2OC)c2cc4c(cc2c3=O)C(=O)N(C)C4=O)=C1,feature,51.0,2.2818482460254073,False
2089,PI1M,CN=P(C)(OCCOCCOCCOC)OCCOCCOCCOCCOCCOCCOCCOCCOCCOCCOCCOCCOCCOC,CN=P(C)(OCCOCCOCCOC)OCCOCCOCCOCCOCCOCCOCCOCCOCCOCCOCCOCCOCCOC,dopt,132.0,29.462314394736644,False
2090,PI1M,CCC(C)(C)C(=O)OCCC(F)(C(F)(F)F)C(F)(F)C(F)(F)C(F)(F)C(F)(F)C(F)(F)C(F)(F)C(F)(F)C(F)(F)C(F)(F)C(F)(F)C(F)(F)C(F)(F)C(F)(F)C(F)(F)C(F)(F)CF,CCC(C)(C)C(=O)OCCC(F)(C(F)(F)F)C(F)(F)C(F)(F)C(F)(F)C(F)(F)C(F)(F)C(F)(F)C(F)(F)C(F)(F)C(F)(F)C(F)(F)C(F)(F)C(F)(F)C(F)(F)C(F)(F)C(F)(F)CF,dopt,80.0,7.66011076664799,False
2091,PI1M,CC(=O)OC1CCC(COC(C)=O)C1C,CC(=O)OCC1CCC(OC(C)=O)C1C,coverage,33.0,0.707498434008989,False
2092,PolyInfo,*NC(CCC(*)=O)C(=O)OCc1ccccc1,CNC(CCC(C)=O)C(=O)OCc1ccccc1,coverage,37.0,0.9624665003915307,False
2093,OMG,*NC(=S)NN=CC(C)=NNC(=S)NC(=O)CSc1nnc(SCC(*)=O)s1,CNC(=S)NN=CC(C)=NNC(=S)NC(=O)CSc1nnc(SCC(C)=O)s1,dopt,46.0,1.7287872538090088,False
2094,omics,*Oc1ccc(C2(c3ccc(OC(*)=O)c(C4CCCC4)c3)CCCCC2)cc1C1CCCCC1,COc1ccc(C2(c3ccc(OC(C)=O)c(C4CCCC4)c3)CCCCC2)cc1C1CCCCC1,coverage,77.0,6.911670651446108,False
2095,omics,*CCC(C)CCCCC(C)C*,CCCC(C)CCCCC(C)CC,coverage,41.0,1.2685615949723126,False
2096,OMG,*Oc1nc(OC(=O)C(OC)C(OC)C(*)=O)ncc1C(=O)OCC,CCOC(=O)c1cnc(OC(=O)C(OC)C(OC)C(C)=O)nc1OC,coverage,45.0,1.629538578803666,False
2097,PI1M,Cc1ccc(Sc2ccc(S(=O)(=O)c3ccc(S(C)(=O)=O)cc3)cc2)cc1,Cc1ccc(Sc2ccc(S(=O)(=O)c3ccc(S(C)(=O)=O)cc3)cc2)cc1,random,45.0,1.629538578803666,True
2098,PI1M,COc1ccc(Oc2ccc(Oc3ccc(C(=O)c4ccc(C(=O)c5ccc(C(=O)c6ccc(C)cc6)cc5)cc4)cc3)cc2)cc1C(=O)O,COc1ccc(Oc2ccc(Oc3ccc(C(=O)c4ccc(C(=O)c5ccc(C(=O)c6ccc(C)cc6)cc5)cc4)cc3)cc2)cc1C(=O)O,coverage,80.0,7.66011076664799,False
2099,PI1M,CSc1ccc(C(=C)CCCCCCCC)cc1,C=C(CCCCCCCC)c1ccc(SC)cc1,random,44.0,1.5339481655863532,True
2100,PI1M,CCCCCCCCCCCCCCCOC(=O)CCCCCOC(=O)OCCOCCOCCCOC,CCCCCCCCCCCCCCCOC(=O)CCCCCOC(=O)OCCOCCOCCCOC,random,96.0,12.509288293103786,True
2101,OMG,*Oc1ccc(OC(=O)C2COCC2C(*)=O)c(C)c1C,COc1ccc(OC(=O)C2COCC2C(C)=O)c(C)c1C,coverage,41.0,1.2685615949723126,False
2102,PI1M,COCC1SCC(C)OC(=O)c2ccccc1c2=O,COCC1SCC(C)OC(=O)c2ccccc1c2=O,feature,35.0,0.828831072009792,False
2103,PI1M,CCCC#SSC(=O)OC,CCCC#SSC(=O)OC,feature,20.0,0.1839474081746623,False
2104,PI1M,CCNC(=O)CCCCCCCCCn1c(=O)c2cc3c(=O)n(C)c(=O)c3cc2c1=O,CCNC(=O)CCCCCCCCCn1c(=O)c2cc3c(=O)n(C)c(=O)c3cc2c1=O,coverage,60.0,3.533050524994261,False
2105,PI1M,CSc1ccc(C(=O)c2ccc(OC(=O)CCCC(C)=O)cc2)cc1,CSc1ccc(C(=O)c2ccc(OC(=O)CCCC(C)=O)cc2)cc1,random,45.0,1.629538578803666,True
2106,PI1M,COc1ccc(-c2ccc(OC(C)=O)c(Cl)c2)cc1Cl,COc1ccc(-c2ccc(OC(C)=O)c(Cl)c2)cc1Cl,coverage,32.0,0.6512930237899227,False
2107,PolyInfo,*CC(*)(F)C(=O)OCC(F)(F)F,CCC(C)(F)C(=O)OCC(F)(F)F,coverage,23.0,0.2678988587629254,False
2108,OMG,*Oc1ccc(CC(=O)NC(COC(=O)CCOCCOCCOCCOCCOCCC(*)=O)C(C)C)cc1,COc1ccc(CC(=O)NC(COC(=O)CCOCCOCCOCCOCCOCCC(C)=O)C(C)C)cc1,random,87.0,9.599083603550964,True
2109,OMG,*OCc1ccccc1C1(OC(=O)C(OC(=O)C(C)(C)C)C(OC(=O)C(C)(C)C)C(*)=O)CCN(C(=O)OCC)CC1,CCOC(=O)N1CCC(OC(=O)C(OC(=O)C(C)(C)C)C(OC(=O)C(C)(C)C)C(C)=O)(c2ccccc2COC)CC1,coverage,87.0,9.599083603550964,False
2110,OMG,*OC(COc1ccccc1)C(CCl)OC(=O)C1C2CCC(O2)C1C(*)=O,COC(COc1ccccc1)C(CCl)OC(=O)C1C2CCC(O2)C1C(C)=O,coverage,52.0,2.404207673904035,False
2111,PI1M,Cc1ccc(N(C)CCCCCCCCCCCCCCCC)cc1,CCCCCCCCCCCCCCCCN(C)c1ccc(C)cc1,random,68.0,4.947342301951497,True
2112,PI1M,CCC(C)P(=O)(O)N(Cl)Cl,CCC(C)P(=O)(O)N(Cl)Cl,feature,20.0,0.1839474081746623,False
2113,PI1M,CC(=O)c1ccc2c(=O)c3ccccc3n(-c3ccc(N4C(=O)c5ccc(C)cc5C4=O)ccc4c(=O)c(cc3)O4)c(=O)c2c1,CC(=O)c1ccc2c(=O)c3ccccc3n(-c3ccc(N4C(=O)c5ccc(C)cc5C4=O)ccc4c(=O)c(cc3)O4)c(=O)c2c1,feature,67.0,4.754055023099274,False
2114,PI1M,Cc1ccc(Oc2ccc(-n3nc(C)s3)cc2)cc1,Cc1ccc(Oc2ccc(-n3nc(C)s3)cc2)cc1,feature,33.0,0.707498434008989,False
2115,PI1M,Cc1sc(C)c(S(=O)(=O)O)c1Cl,Cc1sc(C)c(S(=O)(=O)O)c1Cl,feature,19.0,0.16023971771432066,False
2116,OMG,*Oc1ccccc1Oc1ccc(OC(=O)c2ncnc(C(*)=O)c2C)cc1,COc1ccccc1Oc1ccc(OC(=O)c2ncnc(C(C)=O)c2C)cc1,coverage,46.0,1.7287872538090088,False
2117,PI1M,CCCOCCOCCOCCOCCOCCOc1ccc(-c2ccc(-c3ccc(OC)cc3)cc2)cc1,CCCOCCOCCOCCOCCOCCOc1ccc(-c2ccc(-c3ccc(OC)cc3)cc2)cc1,coverage,81.0,7.920410401396693,False
2118,PI1M,CN=P(C)(C#N)[Si](C)(C)C,CN=P(C)(C#N)[Si](C)(C)C,feature,25.0,0.33525989756051233,False
2119,OMG,*OC1CCC(NC(=O)OC(C)(C)C)CCC1OC(=O)C(N)C(*)=O,COC1CCC(NC(=O)OC(C)(C)C)CCC1OC(=O)C(N)C(C)=O,coverage,55.0,2.7957518399460364,False
2120,PI1M,CC(=O)CCCC[Si](C)(C)c1ccccc1,CC(=O)CCCC[Si](C)(C)c1ccccc1,coverage,38.0,1.0340483823546922,False
2121,PI1M,CC1=CO[SiH](C)C1=O,CC1=CO[SiH](C)C1=O,feature,16.0,0.1009266220636141,False
2122,omics,*CNC(=O)OCC(OC(=O)NCc1ccc(C(C)(C)c2ccc(O*)c(Cl)c2)o1)c1ccco1,CCNC(=O)OCC(OC(=O)NCc1ccc(C(C)(C)c2ccc(OC)c(Cl)c2)o1)c1ccco1,coverage,64.0,4.202881203832011,False
2123,PI1M,CCCOc1ccc(C(=O)OCCCCOC(=O)c2ccc(OCCCc3ccc(OC)cc3)cc2)cc1,CCCOc1ccc(C(=O)OCCCCOC(=O)c2ccc(OCCCc3ccc(OC)cc3)cc2)cc1,random,74.0,6.210925368545501,True
2124,PI1M,CCCOP(=O)(/N=N/c1ccc(C#Cc2ccc(/N=N/P(=O)(OC)OCC)cc2)cc1)c1ccc(O)cc1,CCCOP(=O)(/N=N/c1ccc(C#Cc2ccc(/N=N/P(=O)(OC)OCC)cc2)cc1)c1ccc(O)cc1,dopt,66.0,4.5655822516472835,False
2125,PI1M,CCC(C)(COC)COC(=O)C(C)C,CCC(C)(COC)COC(=O)C(C)C,coverage,36.0,0.8940806826961882,False
2126,PI1M,CO[Si](C)(CCC(C)C)[Si](C)(C)C#N,CO[Si](C)(CCC(C)C)[Si](C)(C)C#N,random,37.0,0.9624665003915307,True
2127,omics,*/C(CCCC)=C(/*)S(F)(F)(F)(F)F,CCCC/C(C)=C(\C)S(F)(F)(F)(F)F,dopt,29.0,0.49977393112088747,False
2128,OMG,*OC(C(=O)CC(=O)ON1C(=O)CCC1=O)C(OC(=O)C(CSSCC(NC(=O)OCC1c2ccccc2-c2ccccc21)C(*)=O)NC(=O)OCC1c2ccccc2-c2ccccc21)C(=O)CC(=O)ON1C(=O)CCC1=O,COC(C(=O)CC(=O)ON1C(=O)CCC1=O)C(OC(=O)C(CSSCC(NC(=O)OCC1c2ccccc2-c2ccccc21)C(C)=O)NC(=O)OCC1c2ccccc2-c2ccccc21)C(=O)CC(=O)ON1C(=O)CCC1=O,dopt,128.0,27.12175590448529,False
2129,PI1M,CCCC1CCCC1C(=O)C(CCCCCCCCCCCCCCCCCCCCCCCCCCCC)C1=C=C=C([Si](C)(C)C)C(C)C1=O,CCCCCCCCCCCCCCCCCCCCCCCCCCCCC(C(=O)C1CCCC1CCC)C1=C=C=C([Si](C)(C)C)C(C)C1=O,dopt,137.0,32.561268110244924,False
2130,PI1M,CCCCCCC(=O)NCCCCCCNC(=O)CCCCCOC(=O)c1ccc(/N=N/c2ccc(C(=O)OC)cc2)cc1,CCCCCCC(=O)NCCCCCCNC(=O)CCCCCOC(=O)c1ccc(/N=N/c2ccc(C(=O)OC)cc2)cc1,coverage,92.0,11.156095933866299,False
2131,OMG,*NOCCOCCOCCOCCOCCOCCOCCOCCOCCOCCOCCONC(=O)c1nc2ccccc2nc1C(*)=O,CNOCCOCCOCCOCCOCCOCCOCCOCCOCCOCCOCCONC(=O)c1nc2ccccc2nc1C(C)=O,dopt,108.0,17.172474767285724,False
2132,PI1M,Cc1ccc(C(C)(C)c2ccc(C(C)(C)c3ccc(N4C(=O)c5ccc(-c6ccc7c(c6)C(=O)N(C)C7=O)cc5C4=O)cc3)c(C(C)(C)C)c2)cc1,Cc1ccc(C(C)(C)c2ccc(C(C)(C)c3ccc(N4C(=O)c5ccc(-c6ccc7c(c6)C(=O)N(C)C7=O)cc5C4=O)cc3)c(C(C)(C)C)c2)cc1,random,96.0,12.509288293103786,True
2133,OMG,*Oc1cccc(OC(=O)C2C3OC(C4OC43)C2C(*)=O)c1C(C)=O,COc1cccc(OC(=O)C2C3OC(C4OC43)C2C(C)=O)c1C(C)=O,coverage,43.0,1.4419597242422257,False
2134,OMG,*Oc1cccc2c(OC(=O)c3cccc(CSCC(*)=O)c3)cccc12,COc1cccc2c(OC(=O)c3cccc(CSCC(C)=O)c3)cccc12,coverage,47.0,1.8317500939966918,False
2135,OMG,*OC1CC(O[Si](c2ccccc2)(c2ccccc2)C(C)(C)C)CC1OC(=O)c1cc(S)cc(C(*)=O)c1,COC1CC(O[Si](c2ccccc2)(c2ccccc2)C(C)(C)C)CC1OC(=O)c1cc(S)cc(C(C)=O)c1,coverage,74.0,6.210925368545501,False
2136,PI1M,CNC(C)CNC(=O)CCCCCCCCCCCCCCCC(C)=O,CNC(C)CNC(=O)CCCCCCCCCCCCCCCC(C)=O,coverage,70.0,5.348558032191515,False
2137,PI1M,CCC(C)(C)C(=O)N(OC(=O)CCCCCCCCOC(=O)c1cnc(Cl)cc1Cl)Oc1ccc(-c2ccc(OC)cc2)cc1,CCC(C)(C)C(=O)N(OC(=O)CCCCCCCCOC(=O)c1cnc(Cl)cc1Cl)Oc1ccc(-c2ccc(OC)cc2)cc1,random,85.0,9.016954844909401,True
2138,PI1M,CCC(C)(C)C1C=CC2CCC3C(=O)OCC2=CC=CC=CC3C(=O)OCCCCCCCCC(C)(C)C1,CCC(C)(C)C1C=CC2CCC3C(=O)OCC2=CC=CC=CC3C(=O)OCCCCCCCCC(C)(C)C1,dopt,90.0,10.515630927412102,False
2139,PI1M,CCCCCCCCCCCc1ccc(C)cc1,CCCCCCCCCCCc1ccc(C)cc1,coverage,48.0,1.9384826272146733,False
2140,OMG,*OC(C(COS(C)(=O)=O)OS(C)(=O)=O)C(OC(=O)C1CSCN1C(=O)C(*)=O)C(COS(C)(=O)=O)OS(C)(=O)=O,COC(C(COS(C)(=O)=O)OS(C)(=O)=O)C(OC(=O)C1CSCN1C(=O)C(C)=O)C(COS(C)(=O)=O)OS(C)(=O)=O,dopt,72.0,5.769622518212583,False
2141,PI1M,CN=P(C)(Br)Oc1ccc(Cl)cc1,CN=P(C)(Br)Oc1ccc(Cl)cc1,feature,23.0,0.2678988587629254,False
2142,omics,*CC(CC)(COc1cccc(C(F)(F)F)c1)O*,CCC(CC)(COc1cccc(C(F)(F)F)c1)OC,coverage,38.0,1.0340483823546922,False
2143,PI1M,CC(=O)C(C)CNC(=O)c1ccccc1,CC(=O)C(C)CNC(=O)c1ccccc1,coverage,30.0,0.5474937425136082,False
2144,PI1M,Cc1ccc(OCCCCOc2ccc(-n3c(=O)c4cc5c(=O)n(C)c(=O)c5cc4c3=O)c(C)c2)cc1C,Cc1ccc(OCCCCOc2ccc(-n3c(=O)c4cc5c(=O)n(C)c(=O)c5cc4c3=O)c(C)c2)cc1C,coverage,66.0,4.5655822516472835,False
2145,PI1M,COc1ccc(C2C=CC3=CC=C(C=Cc4ccc(c5ccccc5nc5c6ccc(cc6c(=O)n5C)c(=O)o4)C3(C)C)C(C)(C)C(C)(C)C2)cc1,COc1ccc(C2C=CC3=CC=C(C=Cc4ccc(c5ccccc5nc5c6ccc(cc6c(=O)n5C)c(=O)o4)C3(C)C)C(C)(C)C(C)(C)C2)cc1,dopt,98.0,13.22272994707856,False
2146,PI1M,COCCOCCOCCOc1ccc(C(=O)Nc2ccc(NC(=O)c3ccc(C)cc3)cc2)cc1,COCCOCCOCCOc1ccc(C(=O)Nc2ccc(NC(=O)c3ccc(C)cc3)cc2)cc1,coverage,68.0,4.947342301951497,False
2147,PI1M,Cc1ccc(N(c2ccccc2)c2ccc(Oc3ccc(S(C)(=O)=O)cc3)cc2)cc1,Cc1ccc(N(c2ccccc2)c2ccc(Oc3ccc(S(C)(=O)=O)cc3)cc2)cc1,random,54.0,2.6611061495015087,True
2148,PI1M,CNNC(=O)c1cccc(C(=O)Nc2ccc(OC(=O)c3cccc(C(C)=O)c3)cc2)c1,CNNC(=O)c1cccc(C(=O)Nc2ccc(OC(=O)c3cccc(C(C)=O)c3)cc2)c1,random,53.0,2.5306091492877196,True
2149,PI1M,CC(=C)c1ccc(I)nn1,C=C(C)c1ccc(I)nn1,feature,17.0,0.11880386870633687,False
2150,OMG,*Nc1cc(NC(=O)C2CC(C)=C(C)CC2C(*)=O)n(-c2ccccc2)n1,CNc1cc(NC(=O)C2CC(C)=C(C)CC2C(C)=O)n(-c2ccccc2)n1,random,53.0,2.5306091492877196,True
2151,PI1M,COS(=O)(=O)c1ccc(Oc2ccc(C(=O)Nc3ccc(Oc4ccc(Oc5ccc(N=C(C)CCN(C)c6ccccc6)cc5)cc4Oc4ccccc4)cc3)cc2)cc1,COS(=O)(=O)c1ccc(Oc2ccc(C(=O)Nc3ccc(Oc4ccc(Oc5ccc(N=C(C)CCN(C)c6ccccc6)cc5)cc4Oc4ccccc4)cc3)cc2)cc1,random,104.0,15.514674460906292,True
2152,PI1M,CCCOC(=O)c1ccc(C(=O)OCCOC(=O)c2ccc(C(=O)OC)cc2)cc1,CCCOC(=O)c1ccc(C(=O)OCCOC(=O)c2ccc(C(=O)OC)cc2)cc1,coverage,52.0,2.404207673904035,False
2153,PI1M,CCCCCCC(=O)NNC(=O)c1ccccc1NC(=O)CCCCCC(=O)NC,CCCCCCC(=O)NNC(=O)c1ccccc1NC(=O)CCCCCC(=O)NC,coverage,64.0,4.202881203832011,False
2154,PI1M,CCC(C)C(=O)OCCOc1ccc(C(=O)Oc2c(F)c(F)c(F)c(F)c2F)c(F)c1F,CCC(C)C(=O)OCCOc1ccc(C(=O)Oc2c(F)c(F)c(F)c(F)c2F)c(F)c1F,random,47.0,1.8317500939966918,True
2155,PI1M,CCC(OC)c1ccccc1C(C)=O,CCC(OC)c1ccccc1C(C)=O,coverage,30.0,0.5474937425136082,False
2156,OMG,*OC1CC(CN)C(C(=O)OC(C)(C)C)CC1OC(=O)C(CC(*)=O)NCC(F)(F)F,COC1CC(CN)C(C(=O)OC(C)(C)C)CC1OC(=O)C(CC(C)=O)NCC(F)(F)F,coverage,64.0,4.202881203832011,False
2157,PI1M,CCCN(C)C(=O)c1cc(F)ccc1C,CCCN(C)C(=O)c1cc(F)ccc1C,coverage,31.0,0.597979011686388,False
2158,PI1M,CCC(C)C1CCCC(C)CC1,CCC(C)C1CCCC(C)CC1,coverage,36.0,0.8940806826961882,False
2159,PolyInfo,*O[Si](C)(C)O[Si](C)(C)C#Cc1ccc(C#C[Si](*)(C)C)cc1,CO[Si](C)(C)O[Si](C)(C)C#Cc1ccc(C#C[Si](C)(C)C)cc1,coverage,51.0,2.2818482460254073,False
2160,PI1M,C/C=C(/C)C(CC)CCC,C/C=C(/C)C(CC)CCC,coverage,30.0,0.5474937425136082,False
2161,PI1M,COC(COCCCC)C(C)C(C)C,CCCCOCC(OC)C(C)C(C)C,random,40.0,1.187037287474881,True
2162,OMG,*NNC(=S)NC(=O)CCN(C)CCC(*)=O,CNNC(=S)NC(=O)CCN(C)CCC(C)=O,coverage,37.0,0.9624665003915307,False
2163,PI1M,CCCCCCCC(=O)NNC(=O)CCCCCCCC(=O)OC,CCCCCCCC(=O)NNC(=O)CCCCCCCC(=O)OC,coverage,58.0,3.2251081841016833,False
2164,OMG,*OC(CCl)C(CSc1ccc(NC(=O)OC(C)(C)C)cc1)OC(=O)C(CCc1ccccc1Br)C(*)=O,COC(CCl)C(CSc1ccc(NC(=O)OC(C)(C)C)cc1)OC(=O)C(CCc1ccccc1Br)C(C)=O,random,73.0,5.987719929256527,True
2165,PI1M,COc1ccc(C)cc1OCCCCCCCCCC,CCCCCCCCCCOc1cc(C)ccc1OC,coverage,50.0,2.1634770685187323,False
2166,OMG,*Oc1ccc(OC(=O)C2C3CC(C(Br)C3Br)C2C(*)=O)cc1C=O,COc1ccc(OC(=O)C2C3CC(C(Br)C3Br)C2C(C)=O)cc1C=O,random,43.0,1.4419597242422257,True
2167,PI1M,CCCCCCCCCCCNC(=O)c1ccc(C(=O)NC)c(C)c1,CCCCCCCCCCCNC(=O)c1ccc(C(=O)NC)c(C)c1,coverage,59.0,3.3768743086298603,False
2168,PI1M,CCCNC(=O)CCC(=O)NCCCNC(=O)SC,CCCNC(=O)CCC(=O)NCCCNC(=O)SC,random,42.0,1.3535165667832443,True
2169,PI1M,CCC(CCCCCC)COC(=O)CCCCC(=O)OC,CCCCCCC(CC)COC(=O)CCCCC(=O)OC,coverage,53.0,2.5306091492877196,False
2170,OMG,*Nc1cc(CO)cc(NC(=O)CNc2ccc(NCC(*)=O)cc2)c1,CNc1cc(CO)cc(NC(=O)CNc2ccc(NCC(C)=O)cc2)c1,random,50.0,2.1634770685187323,True
2171,OMG,*OC1CCCC1OC(=O)C1C2CCC(O2)C1C(*)=O,COC1CCCC1OC(=O)C1C2CCC(O2)C1C(C)=O,coverage,42.0,1.3535165667832443,False
2172,OMG,*Nc1cc(NC(=O)CNc2ccc(NCC(*)=O)cc2)c(NC(C)=O)cc1NC(C)=O,CNc1cc(NC(=O)CNc2ccc(NCC(C)=O)cc2)c(NC(C)=O)cc1NC(C)=O,coverage,60.0,3.533050524994261,False
2173,PI1M,COc1ccc(C(=O)NCCCCCCCCCNC(=O)c2ccc(C(C)=O)cc2)cc1,COc1ccc(C(=O)NCCCCCCCCCNC(=O)c2ccc(C(C)=O)cc2)cc1,coverage,66.0,4.5655822516472835,False
2174,OMG,*OCCCCCCCCCCCCCCCCCCCOC(=O)CCOc1ccc(OCCC(*)=O)cc1,COCCCCCCCCCCCCCCCCCCCOC(=O)CCOc1ccc(OCCC(C)=O)cc1,coverage,95.0,12.161845525102757,False
2175,PI1M,CCOC(=O)NS(C)=N,CCOC(=O)NS(C)=N,feature,19.0,0.16023971771432066,False
2176,PI1M,C/C=N/c1ccc([N+](=O)[O-])cc1NC(=O)CCCCC(=O)NCCC/C=C(\C#N)CNC(=O)NCCCCCCNC(=O)N(C[Si](C)(C)C)C(=O)C(C)C,C/C=N/c1ccc([N+](=O)[O-])cc1NC(=O)CCCCC(=O)NCCC/C=C(\C#N)CNC(=O)NCCCCCCNC(=O)N(C[Si](C)(C)C)C(=O)C(C)C,dopt,113.0,19.395634774163607,False
2177,OMG,*OCCCCCCOC(=O)Cc1ccc(CC(*)=O)s1,COCCCCCCOC(=O)Cc1ccc(CC(C)=O)s1,coverage,45.0,1.629538578803666,False
2178,PI1M,Cc1cc(CCCC(F)(F)C(F)(F)C(F)(F)C(F)(F)C(F)(F)C(F)(F)C(F)(F)C(F)(F)F)c(C)s1,Cc1cc(CCCC(F)(F)C(F)(F)C(F)(F)C(F)(F)C(F)(F)C(F)(F)C(F)(F)C(F)(F)F)c(C)s1,coverage,48.0,1.9384826272146733,False
2179,PI1M,CCCC(=O)NC(C)CCC(=O)NC,CCCC(=O)NC(C)CCC(=O)NC,coverage,34.0,0.7666572932453927,False
2180,PI1M,CO[SH](=O)(Oc1ccc(C)cc1)Oc1c(C)c(O)c(F)c(F)c1F,CO[SH](=O)(Oc1ccc(C)cc1)Oc1c(C)c(O)c(F)c(F)c1F,dopt,39.0,1.1088856862834737,False
2181,PI1M,CCCCCCOc1cc(OCCCCCCCC)c(C)cc1CCCCCCCCCCCC,CCCCCCCCCCCCc1cc(C)c(OCCCCCCCC)cc1OCCCCCC,random,95.0,12.161845525102757,True
2182,PI1M,CCCCCCC1CCC(COC(=O)CCCCC(=O)OC)CC1,CCCCCCC1CCC(COC(=O)CCCCC(=O)OC)CC1,coverage,60.0,3.533050524994261,False
2183,omics,*C(=Nc1ccc([N+](=O)[O-])cc1)N1C(=O)c2ccc(S(=O)(=O)c3ccc4c(c3)C(=O)N(*)C4=O)cc2C1=O,CC(=Nc1ccc([N+](=O)[O-])cc1)N1C(=O)c2ccc(S(=O)(=O)c3ccc4c(c3)C(=O)N(C)C4=O)cc2C1=O,coverage,54.0,2.6611061495015087,False
2184,PI1M,CCC(O)COC(=O)N1CCN(C)CC1,CCC(O)COC(=O)N1CCN(C)CC1,coverage,35.0,0.828831072009792,False
2185,PI1M,CC#COC=C(CC)COC(=O)C(CC)SC(=O)OC,CC#COC=C(CC)COC(=O)C(CC)SC(=O)OC,random,40.0,1.187037287474881,True
2186,PI1M,CCC(C)(C)C(=O)OCCCCCCOCCOCCOCCOCCOCCOCCOC,CCC(C)(C)C(=O)OCCCCCCOCCOCCOCCOCCOCCOCCOC,coverage,84.0,8.734423876530629,False
2187,PI1M,CCC(=O)Nc1ccc(Oc2ccc(-c3nnc(C)o3)cc2)cc1,CCC(=O)Nc1ccc(Oc2ccc(-c3nnc(C)o3)cc2)cc1,coverage,41.0,1.2685615949723126,False
2188,PI1M,CO[Si](C)(C)O[Si](C)(C)O[Si](C)(C)O[Si](C)(C)O[Si](C)(C)[Si](CC)(CC)[Si](C)(C)C,CC[Si](CC)([Si](C)(C)C)[Si](C)(C)O[Si](C)(C)O[Si](C)(C)O[Si](C)(C)O[Si](C)(C)OC,dopt,82.0,8.18619805320074,False
2189,PI1M,C/N=[SH]/C=C/CC(C)(COC(=O)C(C)C(C)(C)C)CC(CCCCCC)(CCCCCC)C(=O)O,CCCCCCC(CCCCCC)(CC(C)(C/C=C/[SH]=N/C)COC(=O)C(C)C(C)(C)C)C(=O)O,dopt,90.0,10.515630927412102,False
2190,PI1M,Cc1cc(OCCCCCCCCCCCCCC)c(C=P(C)(C#N)C#N)cc1OCCCC,CCCCCCCCCCCCCCOc1cc(C)c(OCCCC)cc1C=P(C)(C#N)C#N,dopt,81.0,7.920410401396693,False
2191,OMG,*OC(CCl)C(COc1ccc(Cl)cc1C=O)OC(=O)C1CCC1C(*)=O,COC(CCl)C(COc1ccc(Cl)cc1C=O)OC(=O)C1CCC1C(C)=O,random,49.0,2.04904001620089,True
2192,PI1M,CO[Si](C)(C)O[Si](C)(C)O[Si](C)(C)O[Si](C)(C)O[Si](C)(C)O[Si](C)(C)O[Si](C)(C)O[Si](C)(C)O[Si](C)(C)O[Si](C)(c1ccccc1)c1cc(C)cc(C(C)(C)C)c1,CO[Si](C)(C)O[Si](C)(C)O[Si](C)(C)O[Si](C)(C)O[Si](C)(C)O[Si](C)(C)O[Si](C)(C)O[Si](C)(C)O[Si](C)(C)O[Si](C)(c1ccccc1)c1cc(C)cc(C(C)(C)C)c1,dopt,137.0,32.561268110244924,False
2193,PI1M,CCCCCCCCCCCCCCCOC(=O)NCC(=O)OC,CCCCCCCCCCCCCCCOC(=O)NCC(=O)OC,coverage,61.0,3.6936882750981668,False
2194,omics,*C#C/C(=C(/C)CC*)S(F)(F)(F)(F)F,CC#C/C(=C(/C)CCC)S(F)(F)(F)(F)F,dopt,28.0,0.4547556347186134,False
2195,PI1M,CCCCCCCCCCCCCCOC(=O)c1cc(C(=O)OC)cc(C(C)(C)C)c1,CCCCCCCCCCCCCCOC(=O)c1cc(C(=O)OC)cc(C(C)(C)C)c1,coverage,75.0,6.439287015998562,False
2196,PI1M,CCCCCOc1ccc(C(C)(C)c2ccc(OC(=O)c3cccc(C(=O)O)c3)cc2)cc1C(=O)OC,CCCCCOc1ccc(C(C)(C)c2ccc(OC(=O)c3cccc(C(=O)O)c3)cc2)cc1C(=O)OC,random,69.0,5.145493557044269,True
2197,OMG,*OCCOCCOCCOCCOCCOCCOCCOC(=O)C(C)(C)OC(C)(C)C(*)=O,COCCOCCOCCOCCOCCOCCOCCOC(=O)C(C)(C)OC(C)(C)C(C)=O,coverage,81.0,7.920410401396693,False
2198,PI1M,CCC(C)c1ccc(C#Cc2ccc(-c3ccccc3)cc2)cc1,CCC(C)c1ccc(C#Cc2ccc(-c3ccccc3)cc2)cc1,coverage,46.0,1.7287872538090088,False
2199,PI1M,COP(=O)(Oc1ccccc1)C(C)C(C)(F)Cl,COP(=O)(Oc1ccccc1)C(C)C(C)(F)Cl,coverage,32.0,0.6512930237899227,False
2200,PI1M,CCC(C)C(OI)OCC,CCOC(OI)C(C)CC,feature,25.0,0.33525989756051233,False
2201,PI1M,CO[Si](C)(C)O[Si](C)(C)CCCC(C)=O,CO[Si](C)(C)O[Si](C)(C)CCCC(C)=O,coverage,39.0,1.1088856862834737,False
2202,PI1M,CCCCCCCCCCCCCC(=O)NNC(=O)c1ccc(C)nc1,CCCCCCCCCCCCCC(=O)NNC(=O)c1ccc(C)nc1,coverage,61.0,3.6936882750981668,False
2203,omics,*CCCCCCCCCOCCOCC*,CCCCCCCCCCOCCOCCC,coverage,49.0,2.04904001620089,False
2204,PI1M,Cc1cc(C)c([Si](C)(C)Br)c(Br)c1F,Cc1cc(C)c([Si](C)(C)Br)c(Br)c1F,feature,27.0,0.41237422298650106,False
2205,OMG,*NC(c1ccc(F)cc1)C(NC(=O)CC(COc1ccccc1)CC(*)=O)c1ccc(F)cc1,CNC(c1ccc(F)cc1)C(NC(=O)CC(COc1ccccc1)CC(C)=O)c1ccc(F)cc1,random,65.0,4.381874289318153,True
2206,PI1M,CCCNC(=O)CCCCCCCCS(=O)(=O)CCCCCCCCCCC(=O)NC,CCCNC(=O)CCCCCCCCS(=O)(=O)CCCCCCCCCCC(=O)NC,coverage,79.0,7.405252308862643,False
2207,PI1M,CCc1cc(C)c(O)cc1O,CCc1cc(C)c(O)cc1O,coverage,23.0,0.2678988587629254,False
2208,PI1M,COc1ccc(Oc2ccc(C(=O)c3ccc(Oc4ccc(C(=O)c5ccc(C)cc5)cc4)cc3C(F)(F)F)cc2)cc1,COc1ccc(Oc2ccc(C(=O)c3ccc(Oc4ccc(C(=O)c5ccc(C)cc5)cc4)cc3C(F)(F)F)cc2)cc1,coverage,68.0,4.947342301951497,False
2209,PI1M,CC#Cc1cc(CCCCCCCCCCCCCCCC)c(C)s1,CC#Cc1cc(CCCCCCCCCCCCCCCC)c(C)s1,coverage,65.0,4.381874289318153,False
2210,PI1M,CCC(C)OCC(=O)OCCOCCOC(=O)c1ccccc1O,CCC(C)OCC(=O)OCCOCCOC(=O)c1ccccc1O,random,48.0,1.9384826272146733,True
2211,PI1M,C/C=C/c1ccc(C)c(CCCCCCCCCC)c1,C/C=C/c1ccc(C)c(CCCCCCCCCC)c1,coverage,52.0,2.404207673904035,False
2212,PolyInfo,*Oc1c(C)cc(*)cc1C(C)CCCCCC,CCCCCCC(C)c1cc(C)cc(C)c1OC,coverage,46.0,1.7287872538090088,False
2213,PI1M,COc1ccc(C(=O)Oc2ccc(OC(=O)c3ccc(C(C)=O)cc3)cc2)cc1C,COc1ccc(C(=O)Oc2ccc(OC(=O)c3ccc(C(C)=O)cc3)cc2)cc1C,coverage,50.0,2.1634770685187323,False
2214,PI1M,COc1ccc(C(C(=O)OCC)c2ccc(OC(C)=O)cc2)cc1,CCOC(=O)C(c1ccc(OC)cc1)c1ccc(OC(C)=O)cc1,coverage,44.0,1.5339481655863532,False
2215,OMG,*Oc1ccc(OC(=O)C(CC(*)=O)NCC(F)(F)F)cc1Br,COc1ccc(OC(=O)C(CC(C)=O)NCC(F)(F)F)cc1Br,coverage,38.0,1.0340483823546922,False
2216,OMG,*Oc1ccc(N=Nc2ccc(OC(=O)c3ccc(N=Nc4ccc(C(*)=O)cc4)cc3)cc2)cc1,COc1ccc(N=Nc2ccc(OC(=O)c3ccc(N=Nc4ccc(C(C)=O)cc4)cc3)cc2)cc1,coverage,58.0,3.2251081841016833,False
2217,PI1M,C/C=C(/C)c1cccc(C(F)(F)C(F)(F)C(F)(F)C(F)(F)F)c1,C/C=C(/C)c1cccc(C(F)(F)C(F)(F)C(F)(F)C(F)(F)F)c1,coverage,34.0,0.7666572932453927,False
2218,PI1M,CCc1ccc(C(=O)Nc2ccc(C(=O)OC)cc2)cc1,CCc1ccc(C(=O)Nc2ccc(C(=O)OC)cc2)cc1,coverage,38.0,1.0340483823546922,False
2219,PI1M,CCCOC(=O)SSC(=O)NC(COC(=O)OC)c1ccccc1,CCCOC(=O)SSC(=O)NC(COC(=O)OC)c1ccccc1,random,43.0,1.4419597242422257,True
2220,OMG,*OCC(OC(=O)C(N)C(*)=O)c1cc(NC(=O)OC(C)(C)C)ccc1Cl,COCC(OC(=O)C(N)C(C)=O)c1cc(NC(=O)OC(C)(C)C)ccc1Cl,coverage,52.0,2.404207673904035,False
2221,PI1M,COC1=C(Br)C=C2C(=O)C2(c2cc(Br)c(OC(=O)c3cc(C(C)=O)cc(C(F)(F)C(F)(F)C(F)(F)C(F)(F)C(F)(F)C(F)(F)F)c3)cc2C(F)(F)F)C(C(F)(F)F)=C1,COC1=C(Br)C=C2C(=O)C2(c2cc(Br)c(OC(=O)c3cc(C(C)=O)cc(C(F)(F)C(F)(F)C(F)(F)C(F)(F)C(F)(F)C(F)(F)F)c3)cc2C(F)(F)F)C(C(F)(F)F)=C1,dopt,71.0,5.556584750444072,False
2222,omics,*Oc1c(C)cc(*)cc1C(F)(F)F,COc1c(C)cc(C)cc1C(F)(F)F,coverage,25.0,0.33525989756051233,False
2223,OMG,*Oc1cccc(OC(=O)C(CSSCC(NC(=O)OCc2ccccc2)C(*)=O)NC(=O)OCc2ccccc2)c1C(N)=O,COc1cccc(OC(=O)C(CSSCC(NC(=O)OCc2ccccc2)C(C)=O)NC(=O)OCc2ccccc2)c1C(N)=O,random,78.0,7.155788006079488,True
2224,PI1M,C/N=C(/OC)[PH]=C,C=[PH]/C(=N\C)OC,feature,16.0,0.1009266220636141,False
2225,PI1M,COc1ccc(S(=O)(=O)c2ccc(Oc3ccc(-c4ccc(Sc5ccc(C)cc5)cc4)cc3)cc2)cc1,COc1ccc(S(=O)(=O)c2ccc(Oc3ccc(-c4ccc(Sc5ccc(C)cc5)cc4)cc3)cc2)cc1,coverage,64.0,4.202881203832011,False
2226,PI1M,CCC(C)C1=CC(O)=CC=CN1Cl,CCC(C)C1=CC(O)=CC=CN1Cl,feature,27.0,0.41237422298650106,False
2227,OMG,*OCCCCCCCCCCCCCCOC(=O)c1cnc(C)cc1C(*)=O,COCCCCCCCCCCCCCCOC(=O)c1cnc(C)cc1C(C)=O,coverage,68.0,4.947342301951497,False
2228,PI1M,COC(Cl)(I)C(C)=O,COC(Cl)(I)C(C)=O,feature,14.0,0.07047050774391327,False
2229,PI1M,CC(C)C(C)C(=O)OCC(F)(F)C(F)(F)C(F)(F)C(F)(F)C(F)(F)C(F)(F)C(F)(F)C(F)(F)C(F)(F)C(F)(F)C(F)(F)C(F)(F)CC(F)(F)C(F)(F)C(F)(F)C(F)(F)C(F)(F)CF,CC(C)C(C)C(=O)OCC(F)(F)C(F)(F)C(F)(F)C(F)(F)C(F)(F)C(F)(F)C(F)(F)C(F)(F)C(F)(F)C(F)(F)C(F)(F)C(F)(F)CC(F)(F)C(F)(F)C(F)(F)C(F)(F)C(F)(F)CF,dopt,80.0,7.66011076664799,False
2230,omics,*Nc1ccc(-c2ccccc2)cc1*,CNc1ccc(-c2ccccc2)cc1C,coverage,30.0,0.5474937425136082,False
2231,OMG,*OCC(COC(=O)C1CSCC(C(*)=O)N1C(=O)OC(C)(C)C)CC(C)C,COCC(COC(=O)C1CSCC(C(C)=O)N1C(=O)OC(C)(C)C)CC(C)C,random,63.0,4.0285528241783775,True
2232,PI1M,Cc1cc(OC)c(C)cc1CCC,CCCc1cc(C)c(OC)cc1C,coverage,31.0,0.597979011686388,False
2233,PI1M,COC(=O)Nc1ccc(CCc2ccc(NC(C)=O)cc2)cc1,COC(=O)Nc1ccc(CCc2ccc(NC(C)=O)cc2)cc1,coverage,43.0,1.4419597242422257,False
2234,PI1M,CN=[PH](N(CCC)CCC#N)[PH](C)(Cl)Cl,CCCN(CCC#N)[PH](=NC)[PH](C)(Cl)Cl,feature,34.0,0.7666572932453927,False
2235,PI1M,CN=P(C)(OCCCCCCCC)OCCOCCOCCOCCOCCOC,CCCCCCCCOP(C)(=NC)OCCOCCOCCOCCOCCOC,coverage,76.0,6.672852850107062,False
2236,PI1M,CCC(C)CCC(O)CO,CCC(C)CCC(O)CO,coverage,28.0,0.4547556347186134,False
2237,OMG,*OC1C(OC)OC2COC(c3ccccc3)OC2C1OC(=O)C(OC)C(OC)C(*)=O,COC1OC2COC(c3ccccc3)OC2C(OC(=O)C(OC)C(OC)C(C)=O)C1OC,coverage,62.0,3.858838735716932,False
2238,PI1M,CCc1ccc(C(C)(C)c2ccc(C(C)(C)c3ccc(C(=O)OCC(C)(C)COc4ccc(C)o4)o3)o2)o1,CCc1ccc(C(C)(C)c2ccc(C(C)(C)c3ccc(C(=O)OCC(C)(C)COc4ccc(C)o4)o3)o2)o1,dopt,76.0,6.672852850107062,False
2239,omics,*c1ccc(-c2nnc(-c3cccc(-c4ccn(-c5ccc(*)cc5)n4)c3)n2-c2ccccc2)cc1,Cc1ccc(-c2nnc(-c3cccc(-c4ccn(-c5ccc(C)cc5)n4)c3)n2-c2ccccc2)cc1,random,61.0,3.6936882750981668,True
2240,PI1M,CC(=O)NCCCCCCNC(C)=O,CC(=O)NCCCCCCNC(C)=O,coverage,34.0,0.7666572932453927,False
2241,OMG,*Oc1c(Cl)cc(Cl)cc1OC(=O)C1C2OC(C3OC32)C1C(*)=O,COc1c(Cl)cc(Cl)cc1OC(=O)C1C2OC(C3OC32)C1C(C)=O,random,38.0,1.0340483823546922,True
2242,OMG,*OCc1cc(OC)c(COC(=O)C(C)CCC(*)=O)cc1OC,COCc1cc(OC)c(COC(=O)C(C)CCC(C)=O)cc1OC,coverage,50.0,2.1634770685187323,False
2243,PI1M,CCCOCCOC(=O)c1ccccc1C(=O)OCCOc1ccc(/N=N/c2ccc(OC)cc2)cc1,CCCOCCOC(=O)c1ccccc1C(=O)OCCOc1ccc(/N=N/c2ccc(OC)cc2)cc1,coverage,67.0,4.754055023099274,False
2244,OMG,*Oc1cc(Cl)c(COC(=O)C2(C(*)=O)CCC(=O)CS2)cc1OC,COc1cc(Cl)c(COC(=O)C2(C(C)=O)CCC(=O)CS2)cc1OC,random,44.0,1.5339481655863532,True
2245,PI1M,COc1ccc(/C=C/c2ccc(OCCCCCCOc3ccc(C(C)=O)cc3)cc2)cc1C,COc1ccc(/C=C/c2ccc(OCCCCCCOc3ccc(C(C)=O)cc3)cc2)cc1C,coverage,68.0,4.947342301951497,False
2246,PI1M,CC(=O)CCCCOC(=O)c1cccc(OCCCCCCOc2ccc(/C=N/c3ccc(/N=[PH]/c4ccc([N+](=O)[O-])cc4)cc3)cc2)c1C,CC(=O)CCCCOC(=O)c1cccc(OCCCCCCOc2ccc(/C=N/c3ccc(/N=[PH]/c4ccc([N+](=O)[O-])cc4)cc3)cc2)c1C,dopt,93.0,11.48529398776902,False
2247,OMG,*Oc1cccc(OC(=O)C2(C(*)=O)CC3CC(C3)C2)c1C,COc1cccc(OC(=O)C2(C(C)=O)CC3CC(C3)C2)c1C,coverage,44.0,1.5339481655863532,False
2248,PI1M,Cc1ccc(OCCCCOc2ccc(-c3ccccc3-c3ccc(C)s3)s2)s1,Cc1ccc(OCCCCOc2ccc(-c3ccccc3-c3ccc(C)s3)s2)s1,coverage,53.0,2.5306091492877196,False
2249,PI1M,Cc1ccc(-c2ccc(-c3ccc(-c4ccc(Oc5ccc(-c6nnc(C)o6)cc5)cc4)cc3)cc2)cc1,Cc1ccc(-c2ccc(-c3ccc(-c4ccc(Oc5ccc(-c6nnc(C)o6)cc5)cc4)cc3)cc2)cc1,coverage,64.0,4.202881203832011,False
2250,PI1M,COc1ccc(-c2ccc(Oc3ccc(-c4ccc(C)cc4)cc3)cc2)cc1,COc1ccc(-c2ccc(Oc3ccc(-c4ccc(C)cc4)cc3)cc2)cc1,coverage,50.0,2.1634770685187323,False
2251,PolyInfo,*c1ccc(-c2ccc(*)c(Cl)c2)cc1Cl,Cc1ccc(-c2ccc(C)c(Cl)c2)cc1Cl,coverage,28.0,0.4547556347186134,False
2252,PI1M,CC(=O)Nc1ccc(Oc2ccc(NC(=O)c3ccc4c(c3)C(=O)N(C)C4=O)cc2)cc1,CC(=O)Nc1ccc(Oc2ccc(NC(=O)c3ccc4c(c3)C(=O)N(C)C4=O)cc2)cc1,random,51.0,2.2818482460254073,True
2253,PI1M,CC#Cc1ccc(-c2ccc(CC[Si](C)(C)C)cc2)cc1,CC#Cc1ccc(-c2ccc(CC[Si](C)(C)C)cc2)cc1,coverage,45.0,1.629538578803666,False
2254,PI1M,CCCCCCCCCCCCCCOC(=O)CCCCNC(=O)CCCCCCCCCCCC(=O)OC,CCCCCCCCCCCCCCOC(=O)CCCCNC(=O)CCCCCCCCCCCC(=O)OC,coverage,102.0,14.725072667614862,False
2255,PI1M,CC(=O)c1ccc(C(=O)Oc2cccc(C)c2)cc1,CC(=O)c1ccc(C(=O)Oc2cccc(C)c2)cc1,coverage,33.0,0.707498434008989,False
2256,PI1M,Cc1ccc2c(c1)C(CCCCCC)(CCCCCCCC)C(=C)C1CCC(C(=O)O)C(=O)N1CCOCCCCCC1CCCCCC2OC1,C=C1C2CCC(C(=O)O)C(=O)N2CCOCCCCCC2CCCCCC(OC2)c2ccc(C)cc2C1(CCCCCC)CCCCCCCC,dopt,124.0,24.90160373066553,False
2257,PI1M,CSc1ccc(-c2ccc(-c3ccc(Nc4ccc(C)cc4)cc3)cc2)cc1,CSc1ccc(-c2ccc(-c3ccc(Nc4ccc(C)cc4)cc3)cc2)cc1,coverage,51.0,2.2818482460254073,False
2258,PI1M,CN=[PH](SCC(C)=O)c1cc(Cl)ccc1S(=O)(=S)Cl,CN=[PH](SCC(C)=O)c1cc(Cl)ccc1S(=O)(=S)Cl,feature,31.0,0.597979011686388,False
2259,PI1M,CC(=O)c1ccc2c(c1)C(=O)N(c1ccc(Oc3ccc(N4C(=O)c5ccc([PH](C)(C(F)(F)F)C(F)(F)F)cc5C4=O)cc3C(F)(F)F)c(C(F)(F)F)c1)C2=O,CC(=O)c1ccc2c(c1)C(=O)N(c1ccc(Oc3ccc(N4C(=O)c5ccc([PH](C)(C(F)(F)F)C(F)(F)F)cc5C4=O)cc3C(F)(F)F)c(C(F)(F)F)c1)C2=O,dopt,75.0,6.439287015998562,False
2260,omics,*c1cnc2ccc(-c3ccc4ncc(-c5ccc(-c6ccc(-c7ccc(-c8nnn(*)n8)cc7)cc6)cc5)nc4c3)cc2n1,Cc1cnc2ccc(-c3ccc4ncc(-c5ccc(-c6ccc(-c7ccc(-c8nnn(C)n8)cc7)cc6)cc5)nc4c3)cc2n1,dopt,71.0,5.556584750444072,False
2261,OMG,*Oc1cc(OC(=O)C(C)(C)OC(C)(C)C(*)=O)nc(OCC)n1,CCOc1nc(OC)cc(OC(=O)C(C)(C)OC(C)(C)C(C)=O)n1,random,48.0,1.9384826272146733,True
2262,OMG,*OCc1ccc(-c2ccc(COC(=O)C(OC)C(OC)C(*)=O)cc2)cc1,COCc1ccc(-c2ccc(COC(=O)C(OC)C(OC)C(C)=O)cc2)cc1,coverage,54.0,2.6611061495015087,False
2263,PI1M,CN=P(C)(C)S(C)(C)NCC,CCNS(C)(C)P(C)(C)=NC,dopt,32.0,0.6512930237899227,False
2264,PolyInfo,*Oc1ccc(C(=O)c2ccc(Oc3ccc(C(=O)c4cccc(C(=O)c5ccc(*)cc5)c4)cc3)cc2)cc1,COc1ccc(C(=O)c2ccc(Oc3ccc(C(=O)c4cccc(C(=O)c5ccc(C)cc5)c4)cc3)cc2)cc1,coverage,66.0,4.5655822516472835,False
2265,PI1M,CC(=O)C1CCCCN1C,CC(=O)C1CCCCN1C,coverage,25.0,0.33525989756051233,False
2266,PolyInfo,*Oc1ccc(S(=O)(=O)c2ccc(Oc3ccc(-c4ccc(*)cc4)cc3)cc2[N-][N+]#N)c([N-][N+]#N)c1,COc1ccc(S(=O)(=O)c2ccc(Oc3ccc(-c4ccc(C)cc4)cc3)cc2[N-][N+]#N)c([N-][N+]#N)c1,feature,57.0,3.0777004384750812,False
2267,PI1M,CN=P(C)(Oc1ccc(C(F)(F)F)cc1)Oc1cccc(C(F)(F)F)c1,CN=P(C)(Oc1ccc(C(F)(F)F)cc1)Oc1cccc(C(F)(F)F)c1,coverage,40.0,1.187037287474881,False
2268,OMG,*OC1(C2(COC(=O)C3C4OC(C5OC54)C3C(*)=O)CCOC2)CCCC1,COC1(C2(COC(=O)C3C4OC(C5OC54)C3C(C)=O)CCOC2)CCCC1,random,55.0,2.7957518399460364,True
2269,PI1M,CCCC(C)(CCl)C(=O)NC,CCCC(C)(CCl)C(=O)NC,coverage,27.0,0.41237422298650106,False
2270,PI1M,CCC(C)(CCC(=O)OCCCCCCC)C(=O)OCc1ccccc1,CCCCCCCOC(=O)CCC(C)(CC)C(=O)OCc1ccccc1,random,60.0,3.533050524994261,True
2271,PI1M,COc1ccc(Oc2cccc(NC(=O)Nc3ccc(Sc4ccc(OC(=O)c5ccc(C(C)=O)cc5)cc4)o3)c2)cc1,COc1ccc(Oc2cccc(NC(=O)Nc3ccc(Sc4ccc(OC(=O)c5ccc(C(C)=O)cc5)cc4)o3)c2)cc1,random,69.0,5.145493557044269,True
2272,OMG,*Nc1ccc(OCc2ccccc2)cc1NC(=O)c1cc(NS(=O)(=O)c2ccc(Cl)cc2)cc(C(*)=O)c1,CNc1ccc(OCc2ccccc2)cc1NC(=O)c1cc(NS(=O)(=O)c2ccc(Cl)cc2)cc(C(C)=O)c1,coverage,65.0,4.381874289318153,False
2273,PI1M,CCCCCCC(=O)NCc1ccc(C(=O)OC)cc1,CCCCCCC(=O)NCc1ccc(C(=O)OC)cc1,coverage,43.0,1.4419597242422257,False
2274,PI1M,COC1=C[PH]=CC(C)OC1,COC1=C[PH]=CC(C)OC1,feature,22.0,0.23770591902308572,False
2275,OMG,*Oc1ccc(OC(=O)CN(CC(*)=O)c2ccc(C=O)cc2)cc1OCC,CCOc1cc(OC(=O)CN(CC(C)=O)c2ccc(C=O)cc2)ccc1OC,random,51.0,2.2818482460254073,True
2276,PI1M,COC1CCC(C)OCCO1,COC1CCC(C)OCCO1,feature,27.0,0.41237422298650106,False
2277,OMG,*Oc1c(Br)cc(Br)cc1C=NNC(=O)NN=Cc1cc(Br)cc(Br)c1OC(=O)C1CC1C(*)=O,COc1c(Br)cc(Br)cc1C=NNC(=O)NN=Cc1cc(Br)cc(Br)c1OC(=O)C1CC1C(C)=O,dopt,53.0,2.5306091492877196,False
2278,PI1M,CCC(C)(C)C(=O)Oc1ccc(C(C)(C)CC)cc1,CCC(C)(C)C(=O)Oc1ccc(C(C)(C)CC)cc1,coverage,45.0,1.629538578803666,False
2279,PI1M,COc1ccc(NC(=O)CCCCCCCCCCCCCC(=O)Nc2ccc(C)c(OC)c2)cc1,COc1ccc(NC(=O)CCCCCCCCCCCCCC(=O)Nc2ccc(C)c(OC)c2)cc1,coverage,80.0,7.66011076664799,False
2280,PI1M,CCCCCCOC(=O)SCCCCCCSCCCCCOC,CCCCCCOC(=O)SCCCCCCSCCCCCOC,random,62.0,3.858838735716932,True
2281,PI1M,C/C=C/c1ccc(NC(=O)CCCCCCCCCCCCCCC(=O)Nc2ccc(C)cc2)cc1,C/C=C/c1ccc(NC(=O)CCCCCCCCCCCCCCC(=O)Nc2ccc(C)cc2)cc1,coverage,82.0,8.18619805320074,False
2282,PI1M,COc1ccc(C(=O)Nc2ccc(Oc3cccc(NC(=O)c4ccc(C)cc4)c3)cc2)cc1,COc1ccc(C(=O)Nc2ccc(Oc3cccc(NC(=O)c4ccc(C)cc4)c3)cc2)cc1,coverage,58.0,3.2251081841016833,False
2283,PI1M,CNC(=O)CCCCCCCCCCC(=O)NCC(C)=O,CNC(=O)CCCCCCCCCCC(=O)NCC(C)=O,coverage,51.0,2.2818482460254073,False
2284,OMG,*NC12CC(C34CC(NC(=O)c5ccc(NC(=O)c6ccc(C(=O)Nc7ccc(C(*)=O)cc7)cc6)cc5)(C3)C4)(C1)C2,CNC12CC(C34CC(NC(=O)c5ccc(NC(=O)c6ccc(C(=O)Nc7ccc(C(C)=O)cc7)cc6)cc5)(C3)C4)(C1)C2,dopt,76.0,6.672852850107062,False
2285,PI1M,Cc1c(OC)cc(C=C)c(C)c1C,C=Cc1cc(OC)c(C)c(C)c1C,coverage,29.0,0.49977393112088747,False
2286,PI1M,COc1ccccc1C(=O)OC(=O)c1ccc(C(=O)NNC(=O)c2ccc(C)cc2)cc1,COc1ccccc1C(=O)OC(=O)c1ccc(C(=O)NNC(=O)c2ccc(C)cc2)cc1,coverage,52.0,2.404207673904035,False
2287,PI1M,C/C=C/CCCCC/C=C/CCCCCCCCC,C/C=C/CCCCC/C=C/CCCCCCCCC,coverage,55.0,2.7957518399460364,False
2288,PI1M,CCCN(CC)C(=O)CCCCCCCCCCCCCCCCCC(=O)N(C)C,CCCN(CC)C(=O)CCCCCCCCCCCCCCCCCC(=O)N(C)C,random,82.0,8.18619805320074,True
2289,PI1M,C/C=C/C1C(=O)OC(=O)CC(=O)N(C)C1=O,C/C=C/C1C(=O)OC(=O)CC(=O)N(C)C1=O,feature,27.0,0.41237422298650106,False
2290,PI1M,CNc1ccc(S(=O)(=S)c2ccc(Cc3ccc(NC(C)=CC=CC=C)cc3)cc2)cc1,C=CC=CC=C(C)Nc1ccc(Cc2ccc(S(=O)(=S)c3ccc(NC)cc3)cc2)cc1,dopt,60.0,3.533050524994261,False
2291,OMG,*OC(C)(C)CCC(C)(C)OC(=O)C1CCC1C(*)=O,COC(C)(C)CCC(C)(C)OC(=O)C1CCC1C(C)=O,random,48.0,1.9384826272146733,True
2292,PI1M,Cc1ccc(N(C)CCn2cc(C)s2)s1,Cc1ccc(N(C)CCn2cc(C)s2)s1,feature,31.0,0.597979011686388,False
2293,PI1M,Cc1ccc(-c2ccc(-c3ccc(S(=O)(=O)c4ccc(N(C)c5ccccc5)cc4)cc3)cc2)cc1,Cc1ccc(-c2ccc(-c3ccc(S(=O)(=O)c4ccc(N(C)c5ccccc5)cc4)cc3)cc2)cc1,coverage,63.0,4.0285528241783775,False
2294,PI1M,CCCCCC(=O)NCCCNC(=O)c1ccccc1S(C)(=O)=O,CCCCCC(=O)NCCCNC(=O)c1ccccc1S(C)(=O)=O,random,50.0,2.1634770685187323,True
2295,PolyInfo,*O[Si](*)(C)CCC(F)(F)C(F)(F)C(F)(F)C(F)(F)C(F)(F)C(F)(F)C(F)(F)C(F)(F)F,CO[Si](C)(C)CCC(F)(F)C(F)(F)C(F)(F)C(F)(F)C(F)(F)C(F)(F)C(F)(F)C(F)(F)F,coverage,45.0,1.629538578803666,False
2296,PI1M,COc1ccc([SH](=O)=Nc2ccc(S(=O)(=O)c3ccc(Oc4ccc(C#N)cc4)cc3)cc2)cc1C,COc1ccc([SH](=O)=Nc2ccc(S(=O)(=O)c3ccc(Oc4ccc(C#N)cc4)cc3)cc2)cc1C,dopt,58.0,3.2251081841016833,False
2297,PI1M,CNc1ccccc1CCc1ccccc1CCN(C)C,CNc1ccccc1CCc1ccccc1CCN(C)C,coverage,47.0,1.8317500939966918,False
2298,OMG,*Oc1ccc(C=NNC(=O)C(=O)NN=Cc2ccc(OC(=O)CCC(=NN=C(CCC(*)=O)c3ccccc3)c3ccccc3)c(OC)c2)cc1OC,COc1ccc(C=NNC(=O)C(=O)NN=Cc2ccc(OC(=O)CCC(=NN=C(CCC(C)=O)c3ccccc3)c3ccccc3)c(OC)c2)cc1OC,coverage,94.0,11.820528946214294,False
2299,PI1M,CCCC1C(=O)NC=[SH](C)N(CCCCCCNC(=O)CCCCC(=O)NC)C1=O,CCCC1C(=O)NC=[SH](C)N(CCCCCCNC(=O)CCCCC(=O)NC)C1=O,dopt,69.0,5.145493557044269,False
2300,PI1M,CNc1cccc(NC(=O)c2cc(OC(=O)CCCCCCC(C)=O)c(C)nc2F)c1,CNc1cccc(NC(=O)c2cc(OC(=O)CCCCCCC(C)=O)c(C)nc2F)c1,random,59.0,3.3768743086298603,True
2301,omics,*CCCCCCNC(=O)NCc1ccc(CNC(=O)NCCCCCCNC(=O)N*)cc1,CCCCCCCNC(=O)NCc1ccc(CNC(=O)NCCCCCCNC(=O)NC)cc1,coverage,78.0,7.155788006079488,False
2302,OMG,*NC(=NO)c1cc(C)cc(C(=NO)NC(=O)CN(CC(*)=O)S(=O)(=O)c2ccc(OC)cc2)c1,CNC(=NO)c1cc(C)cc(C(=NO)NC(=O)CN(CC(C)=O)S(=O)(=O)c2ccc(OC)cc2)c1,random,62.0,3.858838735716932,True
2303,PI1M,CN[Si](C)(C)[Si](C)(C)C,CN[Si](C)(C)[Si](C)(C)C,feature,28.0,0.4547556347186134,False
2304,PI1M,CO[Si](C)(C)O[Si](C)(C)O[Si](C)(C)O[Si](C)(C)O[Si](C)(C)CCC(F)(F)F,CO[Si](C)(C)O[Si](C)(C)O[Si](C)(C)O[Si](C)(C)O[Si](C)(C)CCC(F)(F)F,coverage,64.0,4.202881203832011,False
2305,omics,*CC(*)c1cc(C(F)(F)F)ccc1CBr,CCC(C)c1cc(C(F)(F)F)ccc1CBr,coverage,30.0,0.5474937425136082,False
2306,PI1M,CCC(CC)c1ccccc1,CCC(CC)c1ccccc1,coverage,27.0,0.41237422298650106,False
2307,PI1M,CNc1cc(CNC(=O)c2ccc(C(C)=O)cc2)ccc1C,CNc1cc(CNC(=O)c2ccc(C(C)=O)cc2)ccc1C,coverage,42.0,1.3535165667832443,False
2308,PI1M,CN=P(C)(Cl)c1ccc(I)cc1,CN=P(C)(Cl)c1ccc(I)cc1,feature,22.0,0.23770591902308572,False
2309,PI1M,CCCCOC(=O)SSSSSSSSSSSSSSSSSSSSSSCC(=O)NC,CCCCOC(=O)SSSSSSSSSSSSSSSSSSSSSSCC(=O)NC,dopt,49.0,2.04904001620089,False
2310,OMG,*OCC(OC(=O)CCOCCOCCOCCOCCOCCOCCOCCOCCOCCOCCOCCOCCC(*)=O)c1c(OC)cc(C)cc1OC,COCC(OC(=O)CCOCCOCCOCCOCCOCCOCCOCCOCCOCCOCCOCCOCCC(C)=O)c1c(OC)cc(C)cc1OC,random,131.0,28.865744948045254,True
2311,PI1M,C[SiH](C)CC(=O)c1ccccc1Br,C[SiH](C)CC(=O)c1ccccc1Br,random,26.0,0.372564345698904,True
2312,PI1M,CO[Si](N=C)c1cc(F)ccc1Cl,C=N[Si](OC)c1cc(F)ccc1Cl,feature,21.0,0.2097456137295212,False
2313,PI1M,CNC(C)C(=O)NCC(C)(C)CC,CCC(C)(C)CNC(=O)C(C)NC,coverage,35.0,0.828831072009792,False
2314,PI1M,CCC(C)C(=O)OCc1ccc(O)cc1C,CCC(C)C(=O)OCc1ccc(O)cc1C,coverage,34.0,0.7666572932453927,False
2315,PI1M,COc1ccc(OC(=O)c2ccc(C)cc2)cc1C(=O)OCCCCCC,CCCCCCOC(=O)c1cc(OC(=O)c2ccc(C)cc2)ccc1OC,coverage,53.0,2.5306091492877196,False
2316,PI1M,Cc1cc(Cl)c(C)c(C)c1O,Cc1cc(Cl)c(C)c(C)c1O,random,22.0,0.23770591902308572,True
2317,OMG,*OC(CCC(OC(=O)C1CC(C(*)=O)N(C)N1C)C(C)=O)C(C)=O,COC(CCC(OC(=O)C1CC(C(C)=O)N(C)N1C)C(C)=O)C(C)=O,coverage,53.0,2.5306091492877196,False
2318,OMG,*OC(COC(=O)C1CC(C(*)=O)CO1)CC1CC1,COC(COC(=O)C1CC(C(C)=O)CO1)CC1CC1,random,41.0,1.2685615949723126,True
2319,PI1M,C/N=C/c1ccc(-c2ccc(-c3ccc(-c4ccc(C)cc4)cc3)cc2)cc1,C/N=C/c1ccc(-c2ccc(-c3ccc(-c4ccc(C)cc4)cc3)cc2)cc1,coverage,51.0,2.2818482460254073,False
2320,OMG,*OC1CCC(COC(=O)CCOCCOCCOCCOCCOCCOCCOCCOCCOCCOCCOCCOCCC(*)=O)CC1,COC1CCC(COC(=O)CCOCCOCCOCCOCCOCCOCCOCCOCCOCCOCCOCCOCCC(C)=O)CC1,coverage,123.0,24.365073982715902,False
2321,OMG,*OC(c1ccc(OC(=O)C(Br)CC(*)=O)cc1OC)C(F)(F)F,COc1cc(OC(=O)C(Br)CC(C)=O)ccc1C(OC)C(F)(F)F,random,40.0,1.187037287474881,True
2322,OMG,*Oc1ccc(Br)c(C(CC#N)OC(=O)C(OC)C(OC)C(*)=O)c1,COc1ccc(Br)c(C(CC#N)OC(=O)C(OC)C(OC)C(C)=O)c1,coverage,45.0,1.629538578803666,False
2323,OMG,*NC(=S)NN=C(C(=NNC(=S)NC(=O)c1cc(C(*)=O)cc(S(=O)(=O)Cl)c1)c1ccccc1)c1ccccc1,CNC(=S)NN=C(C(=NNC(=S)NC(=O)c1cc(C(C)=O)cc(S(=O)(=O)Cl)c1)c1ccccc1)c1ccccc1,dopt,63.0,4.0285528241783775,False
2324,PI1M,CCC(=O)Oc1ccc2cc(c1=O)OC(=O)C1=CC=C(Oc3ccc(N4C(=O)c5ccc(C)cc5C4=O)c(Cl)c3)C=C2c2ccccc21,CCC(=O)Oc1ccc2cc(c1=O)OC(=O)C1=CC=C(Oc3ccc(N4C(=O)c5ccc(C)cc5C4=O)c(Cl)c3)C=C2c2ccccc21,dopt,72.0,5.769622518212583,False
2325,PI1M,CCCCCCCCCCCCCCCCCCCCCCOC(=O)CCCCCCCCCCCC(=O)NCCCCC(=O)OC,CCCCCCCCCCCCCCCCCCCCCCOC(=O)CCCCCCCCCCCC(=O)NCCCCC(=O)OC,random,126.0,25.99679149771609,True
2326,PI1M,CO[Si](C)(C)[Si](C)(C#C)N(C)C,C#C[Si](C)(N(C)C)[Si](C)(C)OC,feature,31.0,0.597979011686388,False
2327,OMG,*Oc1cc(COC(=O)CCN(CCC(*)=O)S(=O)(=O)c2ccc(C)c(C)c2)ccc1Br,COc1cc(COC(=O)CCN(CCC(C)=O)S(=O)(=O)c2ccc(C)c(C)c2)ccc1Br,random,60.0,3.533050524994261,True
2328,PI1M,Cc1cccc(-n2on2N=C)n1,C=Nn1on1-c1cccc(C)n1,feature,20.0,0.1839474081746623,False
2329,OMG,*OC1C(OC(=O)C(CCC(*)=O)NC=N)OCC2OC(C)(C)OC21,COC1C(OC(=O)C(CCC(C)=O)NC=N)OCC2OC(C)(C)OC21,coverage,51.0,2.2818482460254073,False
2330,PI1M,CNC(CCCCCCCC)C(=C)CCCCCCC,C=C(CCCCCCC)C(CCCCCCCC)NC,coverage,59.0,3.3768743086298603,False
2331,OMG,*Oc1ccccc1C(=O)NN=Cc1ccc(C=NNC(=O)c2ccccc2OC(=O)C23CC(C(*)=O)(CO2)C3)cc1,COc1ccccc1C(=O)NN=Cc1ccc(C=NNC(=O)c2ccccc2OC(=O)C23CC(C(C)=O)(CO2)C3)cc1,random,70.0,5.348558032191515,True
2332,PI1M,CN[Si](C)(CCl)[Si](C)(C)C,CN[Si](C)(CCl)[Si](C)(C)C,feature,28.0,0.4547556347186134,False
2333,PI1M,CCC(O)CN(C)OC,CCC(O)CN(C)OC,coverage,24.0,0.30039397989449834,False
2334,PI1M,CCC(CCCCCCCCCCCCCCCCCC)C(=O)NC,CCCCCCCCCCCCCCCCCCC(CC)C(=O)NC,coverage,72.0,5.769622518212583,False
2335,PI1M,CC#CCNS(=O)(=O)OC,CC#CCNS(=O)(=O)OC,feature,19.0,0.16023971771432066,False
2336,PI1M,COC(C)OC(C)(C)C(C)(C)C#C[Si](C)(C)[Si](C)(C)O[Si](C)(C)C,COC(C)OC(C)(C)C(C)(C)C#C[Si](C)(C)[Si](C)(C)O[Si](C)(C)C,random,64.0,4.202881203832011,True
2337,PI1M,Cc1cc2nc(C#N)nc-2c(C)s1,Cc1cc2nc(C#N)nc-2c(C)s1,dopt,20.0,0.1839474081746623,False
2338,PI1M,CC(=O)OCCCCCCOC(=O)c1cccc(C)c1,CC(=O)OCCCCCCOC(=O)c1cccc(C)c1,coverage,42.0,1.3535165667832443,False
2339,PI1M,CCC(CC(C)(C)C)C(=O)OCCC,CCCOC(=O)C(CC)CC(C)(C)C,coverage,38.0,1.0340483823546922,False
2340,OMG,*OCCOc1ccccc1OCCOC(=O)C1CSC(C)(C(*)=O)N1,COCCOc1ccccc1OCCOC(=O)C1CSC(C)(C(C)=O)N1,coverage,51.0,2.2818482460254073,False
2341,PI1M,CN=P(C)(Cl)O[SH](=O)(Cl)Cl,CN=P(C)(Cl)O[SH](=O)(Cl)Cl,feature,17.0,0.11880386870633687,False
2342,omics,*CC(O)COc1ccc(C(=O)OCCCOC(=O)c2ccc(*)cc2)cc1,CCC(O)COc1ccc(C(=O)OCCCOC(=O)c2ccc(C)cc2)cc1,random,54.0,2.6611061495015087,True
2343,PI1M,CCC(C)c1ccc(COc2ccc(C(C)(C)C)cc2)cc1,CCC(C)c1ccc(COc2ccc(C(C)(C)C)cc2)cc1,coverage,50.0,2.1634770685187323,False
2344,PI1M,COc1ccc(NC(=O)c2ccc(NC(=O)c3cccc(C(C)=O)c3)cc2)cc1,COc1ccc(NC(=O)c2ccc(NC(=O)c3cccc(C(C)=O)c3)cc2)cc1,coverage,49.0,2.04904001620089,False
2345,OMG,*Nc1ccc(NC(=O)C23CCC(C(*)=O)(CC2=O)C(=O)C3)c(Cl)c1Cl,CNc1ccc(NC(=O)C23CCC(C(C)=O)(CC2=O)C(=O)C3)c(Cl)c1Cl,coverage,44.0,1.5339481655863532,False
2346,PI1M,CNc1ccc(Sc2ccc(N=C)c(C)c2)cc1,C=Nc1ccc(Sc2ccc(NC)cc2)cc1C,random,34.0,0.7666572932453927,True
2347,OMG,*OCc1cccc(C(C)(C)OC(=O)COCCOCCOCCOCCOCCOCC(*)=O)c1,COCc1cccc(C(C)(C)OC(=O)COCCOCCOCCOCCOCCOCC(C)=O)c1,random,78.0,7.155788006079488,True
2348,PI1M,CCC(C)(C)C(=O)OCC(=O)N(F)Cl,CCC(C)(C)C(=O)OCC(=O)N(F)Cl,feature,27.0,0.41237422298650106,False
2349,PI1M,CN=P(C)(OCCC(F)(F)C(F)(F)C(F)(F)F)C(F)(F)C(F)(F)F,CN=P(C)(OCCC(F)(F)C(F)(F)C(F)(F)F)C(F)(F)C(F)(F)F,coverage,34.0,0.7666572932453927,False
2350,PI1M,CC(=O)Nc1ccc(Cc2ccc(NC(=O)c3ccc(C)cc3)cc2)cc1C,CC(=O)Nc1ccc(Cc2ccc(NC(=O)c3ccc(C)cc3)cc2)cc1C,random,52.0,2.404207673904035,True
2351,PolyInfo,*Nc1ccc(*)cc1,CNc1ccc(C)cc1,coverage,20.0,0.1839474081746623,False
2352,OMG,*OC(C(COS(C)(=O)=O)OS(C)(=O)=O)C(OC(=O)c1cc(C(*)=O)ccc1S)C(COS(C)(=O)=O)OS(C)(=O)=O,COC(C(COS(C)(=O)=O)OS(C)(=O)=O)C(OC(=O)c1cc(C(C)=O)ccc1S)C(COS(C)(=O)=O)OS(C)(=O)=O,dopt,71.0,5.556584750444072,False
2353,OMG,*OCC1(COC(=O)C(CCC(*)=O)NC(=O)CBr)CCC2(CC1)OCCO2,COCC1(COC(=O)C(CCC(C)=O)NC(=O)CBr)CCC2(CC1)OCCO2,random,58.0,3.2251081841016833,True
2354,OMG,*OC(CCl)C(COc1ccccc1OCC)OC(=O)C(CCC(*)=O)NC(=O)OCC1c2ccccc2-c2ccccc21,CCOc1ccccc1OCC(OC(=O)C(CCC(C)=O)NC(=O)OCC1c2ccccc2-c2ccccc21)C(CCl)OC,coverage,82.0,8.18619805320074,False
2355,PI1M,COC(=O)C(C(=O)C1CC1C(C)CO)c1ccccc1,COC(=O)C(C(=O)C1CC1C(C)CO)c1ccccc1,random,40.0,1.187037287474881,True
2356,OMG,*Oc1cc(OC(=O)C2C(c3ccc(OC)cc3)C(C(*)=O)C2c2ccc(OC)cc2)ccc1C(=O)CBr,COc1ccc(C2C(C(C)=O)C(c3ccc(OC)cc3)C2C(=O)Oc2ccc(C(=O)CBr)c(OC)c2)cc1,coverage,67.0,4.754055023099274,False
2357,OMG,*Oc1nc(OC(=O)C(CCC(*)=O)NC=N)nc(C)c1Br,COc1nc(OC(=O)C(CCC(C)=O)NC=N)nc(C)c1Br,random,39.0,1.1088856862834737,True
2358,PI1M,CCCCCCCCCCOC(=O)c1ccc(-c2ccc(S(=O)(=O)OCCN(CCC(C)C)C[Si](C)(C)C)cc2)cc1,CCCCCCCCCCOC(=O)c1ccc(-c2ccc(S(=O)(=O)OCCN(CCC(C)C)C[Si](C)(C)C)cc2)cc1,random,97.0,12.862901673682583,True
2359,PI1M,CNc1ccc([Si](C)(C)c2ccc([Si](C)(C)CC)cc2)cc1,CC[Si](C)(C)c1ccc([Si](C)(C)c2ccc(NC)cc2)cc1,coverage,51.0,2.2818482460254073,False
2360,OMG,*Nc1cc(Cl)c(NC(=O)c2cc(NS(=O)(=O)c3ccc(NC(C)=O)cc3)cc(C(*)=O)c2)c(Br)c1,CNc1cc(Cl)c(NC(=O)c2cc(NS(=O)(=O)c3ccc(NC(C)=O)cc3)cc(C(C)=O)c2)c(Br)c1,random,58.0,3.2251081841016833,True
2361,PI1M,CC#Cc1cc(OCCCCCCCCCCCCCCCCCCc2ccc(OC)cc2)ccc1OCCCCCCCC,CC#Cc1cc(OCCCCCCCCCCCCCCCCCCc2ccc(OC)cc2)ccc1OCCCCCCCC,random,111.0,18.485951002195634,True
2362,PI1M,Cc1ccc(Cc2ccc(NCc3ccc(-c4ccc(C)o4)s3)o2)o1,Cc1ccc(Cc2ccc(NCc3ccc(-c4ccc(C)o4)s3)o2)o1,dopt,44.0,1.5339481655863532,False
2363,omics,*C/C=C/C(*)C,CC/C=C/C(C)C,coverage,21.0,0.2097456137295212,False
2364,OMG,*OC(=NO)C(=NO)OC(=O)C(CS)NCCNC(CS)C(*)=O,COC(=NO)C(=NO)OC(=O)C(CS)NCCNC(CS)C(C)=O,dopt,46.0,1.7287872538090088,False
2365,PI1M,CCCCCCCCCCCC(=O)Nc1ccc(NC(=O)CCCC)cc1C,CCCCCCCCCCCC(=O)Nc1ccc(NC(=O)CCCC)cc1C,coverage,68.0,4.947342301951497,False
2366,PI1M,CO[PH](Cl)(C#N)C(C)=O,CO[PH](Cl)(C#N)C(C)=O,feature,16.0,0.1009266220636141,False
2367,PI1M,CCNC(=O)C(C)c1ccccc1,CCNC(=O)C(C)c1ccccc1,coverage,28.0,0.4547556347186134,False
2368,PI1M,CCCCCCCCCCCOc1ccc(OC(C)=O)cc1,CCCCCCCCCCCOc1ccc(OC(C)=O)cc1,random,52.0,2.404207673904035,True
2369,PI1M,CCC1(C)C(=C)C1C,C=C1C(C)C1(C)CC,random,22.0,0.23770591902308572,True
2370,omics,*c1nc(-c2ccc(I)cc2)nc(N2C(=O)c3ccc(S(=O)(=O)c4ccc5c(c4)C(=O)N(*)C5=O)cc3C2=O)n1,Cc1nc(-c2ccc(I)cc2)nc(N2C(=O)c3ccc(S(=O)(=O)c4ccc5c(c4)C(=O)N(C)C5=O)cc3C2=O)n1,dopt,56.0,2.934599081644776,False
2371,OMG,*Oc1c(OC)cc(Br)cc1C(C)OC(=O)C1(C(*)=O)CC2(CCOCC2)C1,COc1cc(Br)cc(C(C)OC(=O)C2(C(C)=O)CC3(CCOCC3)C2)c1OC,random,55.0,2.7957518399460364,True
2372,PI1M,Cc1ccc(C)c(S(=O)(=O)Oc2ccccc2)c1,Cc1ccc(C)c(S(=O)(=O)Oc2ccccc2)c1,coverage,32.0,0.6512930237899227,False
2373,OMG,*OC(CSc1ccccc1)C(CCl)OC(=O)C1(C(*)=O)CC2(CCOCC2)C1,COC(CSc1ccccc1)C(CCl)OC(=O)C1(C(C)=O)CC2(CCOCC2)C1,coverage,58.0,3.2251081841016833,False
2374,PI1M,CNC(=O)c1ccc([Si](C)(C)C)cc1,CNC(=O)c1ccc([Si](C)(C)C)cc1,coverage,31.0,0.597979011686388,False
2375,OMG,*OC1C(OC(=O)C(Br)CC(*)=O)C(COC(c2ccccc2)(c2ccccc2)c2ccccc2)OC1n1ccc(=O)[nH]c1=O,COC1C(OC(=O)C(Br)CC(C)=O)C(COC(c2ccccc2)(c2ccccc2)c2ccccc2)OC1n1ccc(=O)[nH]c1=O,coverage,78.0,7.155788006079488,False
2376,PI1M,C/C=C/C1CC(C)S(=O)(=S)C1,C/C=C/C1CC(C)S(=O)(=S)C1,feature,25.0,0.33525989756051233,False
2377,PI1M,CN[Si](C)(F)CSC,CN[Si](C)(F)CSC,feature,20.0,0.1839474081746623,False
2378,omics,*c1sc(-c2ccc(*)c3nsnc23)cc1CCCCOC(=O)CCC,CCCC(=O)OCCCCc1cc(-c2ccc(C)c3nsnc23)sc1C,dopt,50.0,2.1634770685187323,False
2379,PI1M,Cc1ccc(C(=O)NCCCCCCCCCCNC(=O)c2ccc3c(c2)C(=O)N(C)C3=O)cc1,Cc1ccc(C(=O)NCCCCCCCCCCNC(=O)c2ccc3c(c2)C(=O)N(C)C3=O)cc1,coverage,70.0,5.348558032191515,False
2380,OMG,*OC(CCl)C(CSCc1ccc(OC)cc1)OC(=O)CSCCCC(*)=O,COc1ccc(CSCC(OC(=O)CSCCCC(C)=O)C(CCl)OC)cc1,random,57.0,3.0777004384750812,True
2381,PolyInfo,*Nc1ccc(NC(=O)CCCCCCCCCCC(*)=O)cc1,CNc1ccc(NC(=O)CCCCCCCCCCC(C)=O)cc1,coverage,56.0,2.934599081644776,False
2382,PI1M,CCOC(=O)C(C)C#N,CCOC(=O)C(C)C#N,coverage,18.0,0.1385498383381463,False
2383,PI1M,CCc1ccc(CCCCCCCCNC(=O)c2ccc(C(=O)SC)cc2)cc1,CCc1ccc(CCCCCCCCNC(=O)c2ccc(C(=O)SC)cc2)cc1,coverage,62.0,3.858838735716932,False
2384,OMG,*OCCN(CCOCCN(CCOC(=O)CC(CC(*)=O)c1cc(F)cc(F)c1)S(=O)(=O)c1ccc(C)cc1)S(=O)(=O)c1ccc(C)cc1,COCCN(CCOCCN(CCOC(=O)CC(CC(C)=O)c1cc(F)cc(F)c1)S(=O)(=O)c1ccc(C)cc1)S(=O)(=O)c1ccc(C)cc1,random,94.0,11.820528946214294,True
2385,PI1M,COC(=O)CCCCCCCCCCCCCCC(=O)NCCCCCC(C)=O,COC(=O)CCCCCCCCCCCCCCC(=O)NCCCCCC(C)=O,coverage,74.0,6.210925368545501,False
2386,PI1M,CNc1ccc(Cc2ccc(C)cc2)c(C)c1,CNc1ccc(Cc2ccc(C)cc2)c(C)c1,coverage,36.0,0.8940806826961882,False
2387,PI1M,CCCCCCCCCCCCCOc1ccc(C(=O)Oc2ccc(OC)c(C)c2)cc1,CCCCCCCCCCCCCOc1ccc(C(=O)Oc2ccc(OC)c(C)c2)cc1,coverage,72.0,5.769622518212583,False
2388,PI1M,CN=P(C)(C)OCC(F)(F)C(F)(F)C(F)(F)OCC(F)(F)C(F)(F)C(F)(F)C(F)(F)CCCOCCOCC(F)(F)C(F)(F)C(F)F,CN=P(C)(C)OCC(F)(F)C(F)(F)C(F)(F)OCC(F)(F)C(F)(F)C(F)(F)C(F)(F)CCCOCCOCC(F)(F)C(F)(F)C(F)F,random,73.0,5.987719929256527,True
2389,OMG,*Nc1ccc(C(C)=NN=C(C)c2ccc(NC(=O)C3CCC4(CCC(C(*)=O)CC4)CC3)cc2)cc1,CNc1ccc(C(C)=NN=C(C)c2ccc(NC(=O)C3CCC4(CCC(C(C)=O)CC4)CC3)cc2)cc1,random,77.0,6.911670651446108,True
2390,PI1M,COc1ccc(C(Cc2ccc(OC(=O)CCCCCC#Cc3ccc(OC(=O)c4cccc(C(C)=O)c4)cc3)cc2)C(=O)OCl)cc1,COc1ccc(C(Cc2ccc(OC(=O)CCCCCC#Cc3ccc(OC(=O)c4cccc(C(C)=O)c4)cc3)cc2)C(=O)OCl)cc1,dopt,83.0,8.457520383218988,False
2391,OMG,*OCCOCCOCCOCCOCCOCCOCCOCCOCCOCCOCCOCCOCCOCCOC(=O)c1cc(C(*)=O)ccc1N,COCCOCCOCCOCCOCCOCCOCCOCCOCCOCCOCCOCCOCCOCCOC(=O)c1cc(C(C)=O)ccc1N,coverage,123.0,24.365073982715902,False
2392,PI1M,CN(Cl)C(=O)C1C(=O)N(C)C1=O,CN(Cl)C(=O)C1C(=O)N(C)C1=O,feature,19.0,0.16023971771432066,False
2393,PI1M,CCC(C)OC(=O)c1ccc(OI)c(C)c1,CCC(C)OC(=O)c1ccc(OI)c(C)c1,feature,31.0,0.597979011686388,False
2394,PI1M,COc1ccc(C(=O)Nc2ccc(OC(=O)c3ccc(C(C)=O)cc3)cc2)cc1C(=O)OC,COC(=O)c1cc(C(=O)Nc2ccc(OC(=O)c3ccc(C(C)=O)cc3)cc2)ccc1OC,random,54.0,2.6611061495015087,True
2395,PI1M,C/C=C/C1CC(C)C(O)C1,C/C=C/C1CC(C)C(O)C1,coverage,26.0,0.372564345698904,False
2396,PI1M,Cc1ccc2c(c1)-c1cc(C)ccc-2c1=O,Cc1ccc2c(c1)-c1cc(C)ccc-2c1=O,feature,28.0,0.4547556347186134,False
2397,PI1M,COC(=O)Nc1ccc(Cc2ccc(NC(=O)OCCCCCCCCOc3ccc(C)cc3)cc2)cc1,COC(=O)Nc1ccc(Cc2ccc(NC(=O)OCCCCCCCCOc3ccc(C)cc3)cc2)cc1,coverage,76.0,6.672852850107062,False
2398,OMG,*OCC1CC=CCC1COC(=O)c1ncnc(C(*)=O)c1C,COCC1CC=CCC1COC(=O)c1ncnc(C(C)=O)c1C,random,45.0,1.629538578803666,True
2399,PI1M,CCCCCCS(=O)(=O)CCCCCCC(=O)OC,CCCCCCS(=O)(=O)CCCCCCC(=O)OC,coverage,47.0,1.8317500939966918,False
2400,PI1M,CN=P(C)(OCCOc1ccc(/N=N/c2ccc(C#N)cc2)cc1)c1ccc(/N=N/c2ccccc2)cc1,CN=P(C)(OCCOc1ccc(/N=N/c2ccc(C#N)cc2)cc1)c1ccc(/N=N/c2ccccc2)cc1,dopt,65.0,4.381874289318153,False
2401,PI1M,C/N=C(/C)CCCC,CCCC/C(C)=N\C,random,23.0,0.2678988587629254,True
2402,OMG,*OC1(CCC2(OC(=O)CCC(=NN=C(CCC(*)=O)c3ccccc3)c3ccccc3)CC2)CC1,COC1(CCC2(OC(=O)CCC(=NN=C(CCC(C)=O)c3ccccc3)c3ccccc3)CC2)CC1,dopt,72.0,5.769622518212583,False
2403,OMG,*NC12CC(C34CC(NC(=O)c5nccc(Cl)c5C(*)=O)(C3)C4)(C1)C2,CNC12CC(C34CC(NC(=O)c5nccc(Cl)c5C(C)=O)(C3)C4)(C1)C2,dopt,47.0,1.8317500939966918,False
2404,OMG,*Oc1cc(C=Nc2ccc(Br)cc2)ccc1OC(=O)c1ncnc(C(*)=O)c1C,COc1cc(C=Nc2ccc(Br)cc2)ccc1OC(=O)c1ncnc(C(C)=O)c1C,random,48.0,1.9384826272146733,True
2405,OMG,*Nc1c(Cl)cccc1S(=O)(=O)NC(=O)CNc1ccc(NCC(*)=O)cc1,CNc1c(Cl)cccc1S(=O)(=O)NC(=O)CNc1ccc(NCC(C)=O)cc1,random,49.0,2.04904001620089,True
2406,PI1M,COc1ccc(OC(=O)CCCCCCCCCCCCCCC(C)=O)cc1,COc1ccc(OC(=O)CCCCCCCCCCCCCCC(C)=O)cc1,coverage,66.0,4.5655822516472835,False
2407,PI1M,C/C=C(/C)c1cccc(C(C)(C)C)c1,C/C=C(/C)c1cccc(C(C)(C)C)c1,coverage,34.0,0.7666572932453927,False
2408,PI1M,COC(C)=CSS(=O)(=O)O,COC(C)=CSS(=O)(=O)O,feature,18.0,0.1385498383381463,False
2409,PI1M,C/C=C/c1ccc(/C=C/c2ccc(/C=C/c3nnc(C)o3)cc2)cc1,C/C=C/c1ccc(/C=C/c2ccc(/C=C/c3nnc(C)o3)cc2)cc1,random,45.0,1.629538578803666,True
2410,PI1M,CCNC(CC(C)(C)C)=C(OC)C(C)(C)C,CCNC(CC(C)(C)C)=C(OC)C(C)(C)C,random,45.0,1.629538578803666,True
2411,PI1M,CCC(C)C(=O)Oc1ccc(F)c(Cl)c1,CCC(C)C(=O)Oc1ccc(F)c(Cl)c1,coverage,27.0,0.41237422298650106,False
2412,omics,*CC(O)COc1ccc(C(C)(c2ccccc2)c2ccc(*)cc2)cc1,CCC(O)COc1ccc(C(C)(c2ccccc2)c2ccc(C)cc2)cc1,coverage,55.0,2.7957518399460364,False
2413,OMG,*OCCOC(=O)C1=CCC=C(C(*)=O)O1,COCCOC(=O)C1=CCC=C(C(C)=O)O1,random,30.0,0.5474937425136082,True
2414,PI1M,C/C=C/C=C/C=C/CC[PH](C)(COC(C)(C)C)C(O)C(O)Br,C/C=C/C=C/C=C/CC[PH](C)(COC(C)(C)C)C(O)C(O)Br,dopt,54.0,2.6611061495015087,False
2415,OMG,*Oc1ccc(OC(=O)C2CC(C(*)=O)CO2)cc1C(=O)OCC,CCOC(=O)c1cc(OC(=O)C2CC(C(C)=O)CO2)ccc1OC,random,44.0,1.5339481655863532,True
2416,PI1M,CP(=C)(Br)Oc1cccc(C(=O)Oc2ccc(C#N)cc2)c1,C=P(C)(Br)Oc1cccc(C(=O)Oc2ccc(C#N)cc2)c1,feature,35.0,0.828831072009792,False
2417,PI1M,CCCCCCSC(=O)Nc1ccc(C(=O)SC)cc1,CCCCCCSC(=O)Nc1ccc(C(=O)SC)cc1,coverage,41.0,1.2685615949723126,False
2418,PI1M,CCC(C)Cc1ccccc1CO,CCC(C)Cc1ccccc1CO,coverage,31.0,0.597979011686388,False
2419,PI1M,CO[Si](C)(C)O[Si](C)(C)CCCOCCOCCOCCOCCOCCOCCOCCOC,COCCOCCOCCOCCOCCOCCOCCOCCC[Si](C)(C)O[Si](C)(C)OC,random,87.0,9.599083603550964,True
2420,OMG,*OCC(CN(CC)C(=O)OC(C)(C)C)OC(=O)C(Cc1ccc(Br)cc1F)C(*)=O,CCN(CC(COC)OC(=O)C(Cc1ccc(Br)cc1F)C(C)=O)C(=O)OC(C)(C)C,coverage,62.0,3.858838735716932,False
2421,OMG,*Oc1ccccc1OC(=O)C(C)(CC(*)=O)NC(=O)OC(C)(C)C,COc1ccccc1OC(=O)C(C)(CC(C)=O)NC(=O)OC(C)(C)C,coverage,50.0,2.1634770685187323,False
2422,PI1M,CCCCSCCSC,CCCCSCCSC,coverage,25.0,0.33525989756051233,False
2423,OMG,*OC1(C2(COC(=O)C(N)C(*)=O)CCOCC2)COC1,COC1(C2(COC(=O)C(N)C(C)=O)CCOCC2)COC1,coverage,44.0,1.5339481655863532,False
2424,PI1M,CCC(C)C(=O)S(F)(F)Br,CCC(C)C(=O)S(F)(F)Br,feature,19.0,0.16023971771432066,False
2425,PI1M,CCc1ccc(N=C)c(OCCCCCCCCCCCC)c1,C=Nc1ccc(CC)cc1OCCCCCCCCCCCC,coverage,58.0,3.2251081841016833,False
2426,OMG,*Oc1cc(OC)ccc1C(CC(=O)OC)OC(=O)C(CCC(*)=O)NC(=O)CBr,COC(=O)CC(OC(=O)C(CCC(C)=O)NC(=O)CBr)c1ccc(OC)cc1OC,random,56.0,2.934599081644776,True
2427,PI1M,CCC(C)(C)C(=O)OCC(COc1ccc(OC)cc1)c1ccc(OC)cc1,CCC(C)(C)C(=O)OCC(COc1ccc(OC)cc1)c1ccc(OC)cc1,random,58.0,3.2251081841016833,True
2428,OMG,*NC12CC3(C)CC(C)(C1)CC(NC(=O)c1c(Cl)c(Cl)c(C(*)=O)c(Cl)c1Cl)(C3)C2,CNC12CC3(C)CC(C)(C1)CC(NC(=O)c1c(Cl)c(Cl)c(C(C)=O)c(Cl)c1Cl)(C3)C2,dopt,56.0,2.934599081644776,False
2429,OMG,*OCCN(CCOC(=O)c1cccnc1NCC(*)=O)C(=O)c1ccccc1OC,COCCN(CCOC(=O)c1cccnc1NCC(C)=O)C(=O)c1ccccc1OC,coverage,58.0,3.2251081841016833,False
2430,PI1M,CCCCP(CCCCCCC)COP(=O)(C(C)=O)C(C)(C)CCC(=O)OC,CCCCCCCP(CCCC)COP(=O)(C(C)=O)C(C)(C)CCC(=O)OC,dopt,70.0,5.348558032191515,False
2431,OMG,*NC(=NN=Cc1ccccc1Br)NC(=O)c1c(Cl)c(Cl)c(C(*)=O)c(Cl)c1Cl,CNC(=NN=Cc1ccccc1Br)NC(=O)c1c(Cl)c(Cl)c(C(C)=O)c(Cl)c1Cl,coverage,42.0,1.3535165667832443,False
2432,OMG,*OCCN(CCOC(=O)CCN(CCC(*)=O)S(=O)(=O)c1ccc(F)cc1)C(=O)NCCNC(=O)OC(C)(C)C,COCCN(CCOC(=O)CCN(CCC(C)=O)S(=O)(=O)c1ccc(F)cc1)C(=O)NCCNC(=O)OC(C)(C)C,random,82.0,8.18619805320074,True
2433,PI1M,CCC(COC(=O)OC)C(CC)CC,CCC(CC)C(CC)COC(=O)OC,coverage,36.0,0.8940806826961882,False
2434,PI1M,CCC(C)(C)C(=O)OCCOCCOCCOCCOCCOCCOCCOCCOc1ccc(Cl)cc1,CCC(C)(C)C(=O)OCCOCCOCCOCCOCCOCCOCCOCCOc1ccc(Cl)cc1,coverage,86.0,9.30515942952161,False
2435,PI1M,CO[PH](=S)c1ccccc1P(=O)(CCCCc1ccccc1)C(=O)Oc1ccc(C(C)(C)c2ccc(Oc3ccc(C(C)(C)c4ccc(C)cc4)cc3)cc2)cc1,CO[PH](=S)c1ccccc1P(=O)(CCCCc1ccccc1)C(=O)Oc1ccc(C(C)(C)c2ccc(Oc3ccc(C(C)(C)c4ccc(C)cc4)cc3)cc2)cc1,dopt,109.0,17.603550241513325,False
2436,PI1M,Cc1ccc2c(c1)-c1cc(C)oc1-2,Cc1ccc2c(c1)-c1cc(C)oc1-2,feature,23.0,0.2678988587629254,False
2437,PI1M,CCCOc1cc(C)c(C(C)(C)c2cc(C)c(OC)c(C)c2C)cc1C,CCCOc1cc(C)c(C(C)(C)c2cc(C)c(OC)c(C)c2C)cc1C,random,60.0,3.533050524994261,True
2438,PI1M,COc1ccc(/N=N/c2ccc(/N=C/c3ccc(C)cc3)cc2)cc1Oc1ccc(/N=N/c2ccc(/N=N/c3ccc(C)cc3)cc2)cc1,COc1ccc(/N=N/c2ccc(/N=C/c3ccc(C)cc3)cc2)cc1Oc1ccc(/N=N/c2ccc(/N=N/c3ccc(C)cc3)cc2)cc1,dopt,82.0,8.18619805320074,False
2439,omics,*CC(O)CN(CCO)S(=O)(=O)c1ccc(-c2ccc(S(=O)(=O)N(CCO)CC(O)COc3ccc(C(C)(C)c4ccc(*)c(Cl)c4)cc3)cc2)cc1,CCC(O)CN(CCO)S(=O)(=O)c1ccc(-c2ccc(S(=O)(=O)N(CCO)CC(O)COc3ccc(C(C)(C)c4ccc(C)c(Cl)c4)cc3)cc2)cc1,dopt,102.0,14.725072667614862,False
2440,omics,*C(CCC)CCCCCCCCC1C2CC(C)C(C2)C1*,CCCC(C)CCCCCCCCC1C2CC(C)C(C2)C1C,random,64.0,4.202881203832011,True
2441,PI1M,CCC(O)COc1c(C)cc(C)c(Cl)c1O,CCC(O)COc1c(C)cc(C)c(Cl)c1O,coverage,33.0,0.707498434008989,False
2442,PI1M,COSCCNC(=O)NCCCCCCCCCCCCNC(C)=C,C=C(C)NCCCCCCCCCCCCNC(=O)NCCSOC,random,64.0,4.202881203832011,True
2443,PI1M,CCC(C)(CC(=O)Oc1ccccc1)C(=O)OCCCCCCCCCCCCCCCOc1ccc(-c2ccc(C#N)cc2)cc1,CCC(C)(CC(=O)Oc1ccccc1)C(=O)OCCCCCCCCCCCCCCCOc1ccc(-c2ccc(C#N)cc2)cc1,random,100.0,13.96120758869343,True
2444,PI1M,COc1ccccc1-c1ccc(C)cc1-c1ccccc1,COc1ccccc1-c1ccc(C)cc1-c1ccccc1,coverage,39.0,1.1088856862834737,False
2445,PI1M,C/C=C/C(C)C(=O)OCCCCC,C/C=C/C(C)C(=O)OCCCCC,coverage,33.0,0.707498434008989,False
2446,OMG,*OC(C(=O)NC1CC1)C(OC(=O)CSc1cccc2c(SCC(*)=O)cccc12)C(=O)NC1CC1,COC(C(=O)NC1CC1)C(OC(=O)CSc1cccc2c(SCC(C)=O)cccc12)C(=O)NC1CC1,dopt,66.0,4.5655822516472835,False
2447,PI1M,CC(C#N)C(=O)C(=O)N(C)Cl,CC(C#N)C(=O)C(=O)N(C)Cl,feature,18.0,0.1385498383381463,False
2448,OMG,*OC(CCl)c1ccc(OC(=O)CC2CS(=O)(=O)CC2CC(*)=O)cc1Cl,COC(CCl)c1ccc(OC(=O)CC2CS(=O)(=O)CC2CC(C)=O)cc1Cl,random,49.0,2.04904001620089,True
2449,OMG,*OCc1cccc(COC(=O)C(CC(*)=O)NC(=O)OCC2c3ccccc3-c3ccccc32)c1Br,COCc1cccc(COC(=O)C(CC(C)=O)NC(=O)OCC2c3ccccc3-c3ccccc32)c1Br,random,65.0,4.381874289318153,True
2450,OMG,*OCC(COC(=O)C(N)CC(Cl)C(*)=O)OC,COCC(COC(=O)C(N)CC(Cl)C(C)=O)OC,random,38.0,1.0340483823546922,True
2451,PI1M,Cc1ccc([N+](=O)[O-])c2cc(C)nc-2c1,Cc1ccc([N+](=O)[O-])c2cc(C)nc-2c1,feature,25.0,0.33525989756051233,False
2452,PI1M,CCCCCCCOC(=O)CCc1ccc(CCOC(=O)CCCCC(=O)OC)cc1,CCCCCCCOC(=O)CCc1ccc(CCOC(=O)CCCCC(=O)OC)cc1,random,69.0,5.145493557044269,True
2453,OMG,*OC(C)=NS(=O)(=O)c1ccc(N=NN2CCN(N=Nc3ccc(S(=O)(=O)N=C(C)OC(=O)C4CCC4C(*)=O)cc3)CC2)cc1,COC(C)=NS(=O)(=O)c1ccc(N=NN2CCN(N=Nc3ccc(S(=O)(=O)N=C(C)OC(=O)C4CCC4C(C)=O)cc3)CC2)cc1,dopt,80.0,7.66011076664799,False
2454,omics,*c1nc2ccc(-c3ccc4nc(-c5ccccc5)c(-c5ccc6nc(*)c(-c7ccccc7)nc6c5)nc4c3)cc2nc1-c1ccccc1,Cc1nc2ccc(-c3ccc4nc(-c5ccccc5)c(-c5ccc6nc(C)c(-c7ccccc7)nc6c5)nc4c3)cc2nc1-c1ccccc1,coverage,80.0,7.66011076664799,False
2455,PI1M,CCCCCCC(=O)Oc1cccc(C(=O)NCC[Si](C)(C)OC)c1,CCCCCCC(=O)Oc1cccc(C(=O)NCC[Si](C)(C)OC)c1,random,56.0,2.934599081644776,True
2456,PolyInfo,*/C=C/c1ccc(-c2ccc(*)s2)s1,C/C=C/c1ccc(-c2ccc(C)s2)s1,coverage,26.0,0.372564345698904,False
2457,OMG,*OCC(NC(=O)OC(C)(C)C)C(C)OC(=O)C(CCCN)C(*)=O,COCC(NC(=O)OC(C)(C)C)C(C)OC(=O)C(CCCN)C(C)=O,random,57.0,3.0777004384750812,True
2458,PI1M,CCC(C)C(=O)OCCCCCCOc1ccc(C(=O)Oc2ccc(C(=O)OCCCCCCCCCCOCCOCC)cc2)cc1,CCOCCOCCCCCCCCCCOC(=O)c1ccc(OC(=O)c2ccc(OCCCCCCOC(=O)C(C)CC)cc2)cc1,random,106.0,16.330360128680436,True
2459,PI1M,CCC(COc1ccc(CCOC)cc1)Oc1ccc(C(O)COc2ccc(C(C)(C)c3ccc(OC)cc3)cc2)cc1,CCC(COc1ccc(CCOC)cc1)Oc1ccc(C(O)COc2ccc(C(C)(C)c3ccc(OC)cc3)cc2)cc1,random,87.0,9.599083603550964,True
2460,PI1M,CCCCCCCCCCCCCCCOC(=O)CCCCCCCc1ccc([Si](C)(C)CCCCCCC)cc1,CCCCCCCCCCCCCCCOC(=O)CCCCCCCc1ccc([Si](C)(C)CCCCCCC)cc1,random,111.0,18.485951002195634,True
2461,OMG,*Oc1c2c(cc(C(C)(C)C)c1OC(=O)C1CC1C(*)=O)C(=O)CC(C)(C)O2,COc1c2c(cc(C(C)(C)C)c1OC(=O)C1CC1C(C)=O)C(=O)CC(C)(C)O2,coverage,56.0,2.934599081644776,False
2462,OMG,*Oc1nc(C)cc(OC(=O)C(C)CCC(*)=O)c1C(C)=O,COc1nc(C)cc(OC(=O)C(C)CCC(C)=O)c1C(C)=O,random,43.0,1.4419597242422257,True
2463,PI1M,Cc1cc(COCCCCCCCCCC)c(C)cc1CCCCCCCCCCCCC,CCCCCCCCCCCCCc1cc(C)c(COCCCCCCCCCC)cc1C,coverage,91.0,10.832889919296674,False
2464,omics,*c1ccc(Cc2ccc(-c3ccc(*)nc3)cc2)cc1,Cc1ccc(Cc2ccc(-c3ccc(C)nc3)cc2)cc1,coverage,40.0,1.187037287474881,False
2465,PI1M,CC#Cc1ccc(C(C)(C)c2ccc(C(=C)C#N)cc2)cc1,C=C(C#N)c1ccc(C(C)(C)c2ccc(C#CC)cc2)cc1,random,41.0,1.2685615949723126,True
2466,OMG,*OCC1(N=C(OC(=O)c2cccc(F)c2CC(*)=O)OC(C)(C)C)CCC1,COCC1(N=C(OC(=O)c2cccc(F)c2CC(C)=O)OC(C)(C)C)CCC1,random,56.0,2.934599081644776,True
2467,OMG,*Nc1cc(C(=O)OCC)c(NC(=O)c2ccccc2OCCOc2ccccc2C(*)=O)cc1F,CCOC(=O)c1cc(NC)c(F)cc1NC(=O)c1ccccc1OCCOc1ccccc1C(C)=O,coverage,63.0,4.0285528241783775,False
2468,omics,*c1ccc(-c2ccc(-c3ccc(*)cc3C(=O)c3ccccc3)c3ccccc23)cc1,Cc1ccc(-c2ccc(-c3ccc(C)cc3C(=O)c3ccccc3)c3ccccc23)cc1,random,56.0,2.934599081644776,True
2469,PI1M,CO[Si](C)(C)c1ccc(C(=O)OC(C)=C(C)C)cc1,CO[Si](C)(C)c1ccc(C(=O)OC(C)=C(C)C)cc1,random,41.0,1.2685615949723126,True
2470,OMG,*Oc1cc(C=NNS(=O)(=O)c2ccc(C)cc2)ccc1OC(=O)C(C)(C(*)=O)C(C)C,COc1cc(C=NNS(=O)(=O)c2ccc(C)cc2)ccc1OC(=O)C(C)(C(C)=O)C(C)C,coverage,60.0,3.533050524994261,False
2471,PI1M,Cc1ccc(Oc2ccc(S(=O)(=O)c3ccc(C(=O)c4ccc(-c5ccc(C)nc5)cc4)cc3)cc2)cc1,Cc1ccc(Oc2ccc(S(=O)(=O)c3ccc(C(=O)c4ccc(-c5ccc(C)nc5)cc4)cc3)cc2)cc1,random,63.0,4.0285528241783775,True
2472,PI1M,CCC(C)COC(=O)CCCCCCCC,CCCCCCCCC(=O)OCC(C)CC,coverage,44.0,1.5339481655863532,False
2473,PI1M,CO[Si](C)(C)CCCOc1ccc([N+](=O)[O-])cc1C,CO[Si](C)(C)CCCOc1ccc([N+](=O)[O-])cc1C,coverage,40.0,1.187037287474881,False
2474,OMG,*Oc1ccc(OC(=O)C(CSSCC(NC(C)=O)C(*)=O)NC(C)=O)cc1CS,COc1ccc(OC(=O)C(CSSCC(NC(C)=O)C(C)=O)NC(C)=O)cc1CS,random,56.0,2.934599081644776,True
2475,PI1M,COC1CC(CO)(COC(C)(C(=O)O)C(OC)C(O)C(O)CSC(=O)OCC)C1O,CCOC(=O)SCC(O)C(O)C(OC)C(C)(OCC1(CO)CC(OC)C1O)C(=O)O,dopt,62.0,3.858838735716932,False
2476,PI1M,CO[Si](C)(C)CCC(=O)Oc1ccc(OC(C)C)cc1,CO[Si](C)(C)CCC(=O)Oc1ccc(OC(C)C)cc1,coverage,44.0,1.5339481655863532,False
2477,PolyInfo,*C(=C(C#N)C#N)c1cccc(C(=C(C#N)C#N)N2CC(C)N(*)CC2C)c1,CC(=C(C#N)C#N)c1cccc(C(=C(C#N)C#N)N2CC(C)N(C)CC2C)c1,dopt,50.0,2.1634770685187323,False
2478,PI1M,CCC(Cc1ccccc1)C(C)C(=O)O,CCC(Cc1ccccc1)C(C)C(=O)O,coverage,33.0,0.707498434008989,False
2479,PI1M,CCC(CC)COC(=O)/C=C/C(=O)NC,CCC(CC)COC(=O)/C=C/C(=O)NC,coverage,34.0,0.7666572932453927,False
2480,PI1M,CN=P(C)(Oc1ccc(I)cc1)Oc1ccc(N(C)C)cc1Cl,CN=P(C)(Oc1ccc(I)cc1)Oc1ccc(N(C)C)cc1Cl,dopt,42.0,1.3535165667832443,False
2481,omics,*N=P(N=P(N=S(*)(=O)NC)(NC)NCCCC)(NC)NC,CCCCNP(=NP(=NC)(NC)NC)(N=S(C)(=O)NC)NC,dopt,54.0,2.6611061495015087,False
2482,PI1M,Cc1ccc2c(c1)C(=O)N(c1ccc(Oc3ccc(NC(=O)c4ccc(N5C(=O)c6ccc(C)cc6C5=O)cc4)cc3)cc1)C2=O,Cc1ccc2c(c1)C(=O)N(c1ccc(Oc3ccc(NC(=O)c4ccc(N5C(=O)c6ccc(C)cc6C5=O)cc4)cc3)cc1)C2=O,coverage,71.0,5.556584750444072,False
2483,PI1M,CCCCCCCCCCCCCCCCCOC(=O)c1ccccc1C(=O)OC,CCCCCCCCCCCCCCCCCOC(=O)c1ccccc1C(=O)OC,coverage,72.0,5.769622518212583,False
2484,PI1M,CCCOCCOCCOCCOC(=O)c1ccc(-n2on2-c2ccc(C(=O)OC)cc2)c(S(=O)(=O)Oc2ccccc2)c1,CCCOCCOCCOCCOC(=O)c1ccc(-n2on2-c2ccc(C(=O)OC)cc2)c(S(=O)(=O)Oc2ccccc2)c1,random,78.0,7.155788006079488,True
2485,PI1M,CO[Si](C)(C)[Si](C)(C)O[Si](C)(C#N)[Si](C)(C)C(F)(F)F,CO[Si](C)(C)[Si](C)(C)O[Si](C)(C#N)[Si](C)(C)C(F)(F)F,dopt,44.0,1.5339481655863532,False
2486,PI1M,COc1ccc(NC(=O)c2ccc(-c3ccc(C(C)=O)cc3)cc2-c2ccccc2)cc1,COc1ccc(NC(=O)c2ccc(-c3ccc(C(C)=O)cc3)cc2-c2ccccc2)cc1,coverage,55.0,2.7957518399460364,False
2487,PI1M,CC(=S)NC1=CC1C,CC(=S)NC1=CC1C,feature,17.0,0.11880386870633687,False
2488,PI1M,COC(c1ccc(O)cc1)[Si](C)(Br)C#N,COC(c1ccc(O)cc1)[Si](C)(Br)C#N,dopt,27.0,0.41237422298650106,False
2489,omics,*CCCCCCSc1ccc(SCCC(*)=O)cc1,CCCCCCCSc1ccc(SCCC(C)=O)cc1,coverage,46.0,1.7287872538090088,False
2490,PI1M,CN=P(C)(Oc1c(F)cccc1Cl)O[Si](F)(F)F,CN=P(C)(Oc1c(F)cccc1Cl)O[Si](F)(F)F,dopt,27.0,0.41237422298650106,False
2491,PI1M,CCC(C)(CCl)C(=O)OC(C)C,CCC(C)(CCl)C(=O)OC(C)C,coverage,29.0,0.49977393112088747,False
2492,PI1M,CCCCCCCCCCCCCCCOC(=O)C=CC(=O)OC,CCCCCCCCCCCCCCCOC(=O)C=CC(=O)OC,coverage,60.0,3.533050524994261,False
2493,OMG,*Oc1cccc(C(OC(=O)CCN(CCC(*)=O)S(=O)(=O)c2ccc(F)cc2)C(C)C)c1,COc1cccc(C(OC(=O)CCN(CCC(C)=O)S(=O)(=O)c2ccc(F)cc2)C(C)C)c1,random,63.0,4.0285528241783775,True
2494,OMG,*OCCCC(=O)NC(C)(C)COC(=O)C(Cc1ccc(Br)cc1F)C(*)=O,COCCCC(=O)NC(C)(C)COC(=O)C(Cc1ccc(Br)cc1F)C(C)=O,random,55.0,2.7957518399460364,True
2495,OMG,*Oc1c(F)ccc(OC(=O)CSCCCC(*)=O)c1C(=O)OC,COC(=O)c1c(OC(=O)CSCCCC(C)=O)ccc(F)c1OC,random,43.0,1.4419597242422257,True
2496,omics,*CC(*)C(=O)c1cccnc1,CCC(C)C(=O)c1cccnc1,coverage,25.0,0.33525989756051233,False
2497,omics,*C(=O)c1ccc2ncc(-c3ccc(-c4ccc(-c5nc6ccc(-c7ccc8nc(*)c(-c9ccccc9)nc8c7)cc6nc5-c5ccccc5)cc4)cc3)nc2c1,CC(=O)c1ccc2ncc(-c3ccc(-c4ccc(-c5nc6ccc(-c7ccc8nc(C)c(-c9ccccc9)nc8c7)cc6nc5-c5ccccc5)cc4)cc3)nc2c1,dopt,92.0,11.156095933866299,False
2498,PI1M,CCCCCCCOc1ccc(-c2ccc(-c3ccc(C)s3)cc2Oc2ccccc2)cc1,CCCCCCCOc1ccc(-c2ccc(-c3ccc(C)s3)cc2Oc2ccccc2)cc1,coverage,65.0,4.381874289318153,False
2499,PI1M,CCc1c(CC)cc(C)c(C)c1C,CCc1cc(C)c(C)c(C)c1CC,coverage,33.0,0.707498434008989,False
2500,OMG,*Oc1ccnnc1COC(=O)C12CC(C(*)=O)(CO1)C2,COc1ccnnc1COC(=O)C12CC(C(C)=O)(CO1)C2,random,37.0,0.9624665003915307,True
2501,OMG,*Oc1c(OC)cc(C(C)=O)cc1OC(=O)c1ccc(C(=O)Nc2ccc(C(*)=O)cc2)cc1,COc1cc(C(C)=O)cc(OC(=O)c2ccc(C(=O)Nc3ccc(C(C)=O)cc3)cc2)c1OC,random,57.0,3.0777004384750812,True
2502,PI1M,COCCCCCC(=O)c1ccc(C)cc1,COCCCCCC(=O)c1ccc(C)cc1,coverage,36.0,0.8940806826961882,False
2503,OMG,*NP(=S)(CCC)NC(=O)c1cnc(SC)nc1C(*)=O,CCCP(=S)(NC)NC(=O)c1cnc(SC)nc1C(C)=O,feature,40.0,1.187037287474881,False
2504,OMG,*NCC(C)CNC(=O)c1nc(C)c(C)nc1C(*)=O,CNCC(C)CNC(=O)c1nc(C)c(C)nc1C(C)=O,coverage,42.0,1.3535165667832443,False
2505,OMG,*OC(OC(=O)C1CCC1C(*)=O)(c1cccnc1Cl)C(F)(F)F,COC(OC(=O)C1CCC1C(C)=O)(c1cccnc1Cl)C(F)(F)F,coverage,39.0,1.1088856862834737,False
2506,omics,*CC(*)(CC(=O)Oc1ccc(C)cc1)C(=O)OC,CCC(C)(CC(=O)Oc1ccc(C)cc1)C(=O)OC,coverage,39.0,1.1088856862834737,False
2507,PI1M,CCNC(=O)C1CCN(C)CC1,CCNC(=O)C1CCN(C)CC1,coverage,30.0,0.5474937425136082,False
2508,OMG,*OCC(COC(=O)C1CC(C(*)=O)N(C)N1C)C(C)(C)C,COCC(COC(=O)C1CC(C(C)=O)N(C)N1C)C(C)(C)C,coverage,52.0,2.404207673904035,False
2509,PI1M,CNc1ccc(NC(=O)/C=C/c2ccc(C(C)=O)cc2)cc1OC,CNc1ccc(NC(=O)/C=C/c2ccc(C(C)=O)cc2)cc1OC,coverage,44.0,1.5339481655863532,False
2510,PI1M,C/C=C(\C)c1ccc(Br)cc1Br,C/C=C(\C)c1ccc(Br)cc1Br,coverage,22.0,0.23770591902308572,False
2511,OMG,*OC(OC(=O)c1sc(Br)cc1C(*)=O)C(=O)c1ccc(Cl)cc1,COC(OC(=O)c1sc(Br)cc1C(C)=O)C(=O)c1ccc(Cl)cc1,random,36.0,0.8940806826961882,True
2512,PolyInfo,*Oc1ccc(C2(C)CCC(C(C)(C)c3ccc(Oc4ccc(C(=O)c5ccc(*)cc5)cc4)cc3)CC2)cc1,COc1ccc(C2(C)CCC(C(C)(C)c3ccc(Oc4ccc(C(=O)c5ccc(C)cc5)cc4)cc3)CC2)cc1,random,80.0,7.66011076664799,True
2513,PI1M,COc1ccc(C(C(=O)OCCC)c2ccc(OC(C)=O)cc2)cc1,CCCOC(=O)C(c1ccc(OC)cc1)c1ccc(OC(C)=O)cc1,random,47.0,1.8317500939966918,True
2514,PI1M,CCCCCCCCN(CCCC)C(=O)OC,CCCCCCCCN(CCCC)C(=O)OC,coverage,46.0,1.7287872538090088,False
2515,PI1M,CNC(=O)C(C)NC(=O)CCCCCCCC(C)=O,CNC(=O)C(C)NC(=O)CCCCCCCC(C)=O,coverage,45.0,1.629538578803666,False
2516,omics,*N=P(N=P(N=S(*)(=O)Nc1ccccc1)(Nc1ccccc1)Nc1ccccc1)(NCCC)Nc1ccccc1,CCCNP(=NC)(N=P(N=S(C)(=O)Nc1ccccc1)(Nc1ccccc1)Nc1ccccc1)Nc1ccccc1,dopt,79.0,7.405252308862643,False
2517,OMG,*NC(=NCc1ccccc1)NC(=O)c1nccc(Cl)c1C(*)=O,CNC(=NCc1ccccc1)NC(=O)c1nccc(Cl)c1C(C)=O,coverage,41.0,1.2685615949723126,False
2518,PI1M,COC1COC(C)C(OO)C1,COC1COC(C)C(OO)C1,feature,25.0,0.33525989756051233,False
2519,PI1M,CC(=O)Nc1c(C)cc(C(c2ccccc2)c2ccc(C(C)(CC)c3ccccc3)cc2C)cc1C(C)(C)C,CCC(C)(c1ccccc1)c1ccc(C(c2ccccc2)c2cc(C)c(NC(C)=O)c(C(C)(C)C)c2)c(C)c1,random,82.0,8.18619805320074,True
2520,PI1M,CCC(C)C(F)(F)C(F)(F)C(F)(F)C(F)(F)C(F)(F)C(F)(F)C(F)(F)C(F)F,CCC(C)C(F)(F)C(F)(F)C(F)(F)C(F)(F)C(F)(F)C(F)(F)C(F)(F)C(F)F,coverage,38.0,1.0340483823546922,False
2521,PI1M,CCC(COC(=O)c1cccc(-c2ccc(C(=O)OC)cc2C)c1)C[SiH2]CCCCCC,CCCCCC[SiH2]CC(CC)COC(=O)c1cccc(-c2ccc(C(=O)OC)cc2C)c1,dopt,70.0,5.348558032191515,False
2522,PI1M,COP(=O)(Oc1ccc(C(O)C(O)(Cl)C(F)(F)C(F)(F)C(F)(F)F)cc1)[Si](C)(C)C,COP(=O)(Oc1ccc(C(O)C(O)(Cl)C(F)(F)C(F)(F)C(F)(F)F)cc1)[Si](C)(C)C,dopt,49.0,2.04904001620089,False
2523,PI1M,COc1ccc(S(=O)(=O)c2ccc(Oc3ccc(C(C)(C)c4ccc(C)c(C(F)(F)F)c4)cc3C(=O)O)cc2)cc1,COc1ccc(S(=O)(=O)c2ccc(Oc3ccc(C(C)(C)c4ccc(C)c(C(F)(F)F)c4)cc3C(=O)O)cc2)cc1,coverage,68.0,4.947342301951497,False
2524,PI1M,CC=CC(CCl)CS(C)(=O)=O,CC=CC(CCl)CS(C)(=O)=O,random,24.0,0.30039397989449834,True
2525,PI1M,CCCCCCCCOc1ccc(S(=O)(=O)c2ccc(OC)c(OC)c2)cc1,CCCCCCCCOc1ccc(S(=O)(=O)c2ccc(OC)c(OC)c2)cc1,coverage,58.0,3.2251081841016833,False
2526,PI1M,CCC(C)(C)c1ccccc1OCC,CCOc1ccccc1C(C)(C)CC,coverage,34.0,0.7666572932453927,False
2527,PI1M,COCCCc1ccc(C(CNC(=O)CCCCC(=O)OCCC)Cc2ccc(OC)cc2)cc1,CCCOC(=O)CCCCC(=O)NCC(Cc1ccc(OC)cc1)c1ccc(CCCOC)cc1,random,76.0,6.672852850107062,True
2528,PI1M,Cc1ccc(Oc2ccc(N3C=CC4=CC=C(C(=O)c5cc(Oc6ccc7c(c6)C(=O)N(C)C7=O)ccc5O4)C3=O)cc2)cc1,Cc1ccc(Oc2ccc(N3C=CC4=CC=C(C(=O)c5cc(Oc6ccc7c(c6)C(=O)N(C)C7=O)ccc5O4)C3=O)cc2)cc1,coverage,69.0,5.145493557044269,False
2529,PI1M,CCC(C)(CC(=O)OCCCCCOc1ccc(/N=N/c2ccccc2)cc1)c1ccc(/[SH]=N/c2ccc([N+](=O)[O-])cc2)cc1,CCC(C)(CC(=O)OCCCCCOc1ccc(/N=N/c2ccccc2)cc1)c1ccc(/[SH]=N/c2ccc([N+](=O)[O-])cc2)cc1,dopt,83.0,8.457520383218988,False
2530,OMG,*Oc1nccc(OC(=O)CC2CS(=O)(=O)CC2CC(*)=O)c1Cl,COc1nccc(OC(=O)CC2CS(=O)(=O)CC2CC(C)=O)c1Cl,random,42.0,1.3535165667832443,True
2531,PI1M,CCC(CC)CCCCC(=O)OCC[SiH2]C,CCC(CC)CCCCC(=O)OCC[SiH2]C,dopt,44.0,1.5339481655863532,False
2532,OMG,*NC12C3C4C1C1C2C3C41NC(=O)c1c2ccccc2c(C(*)=O)c2ccccc12,CNC12C3C4C1C1C2C3C41NC(=O)c1c2ccccc2c(C(C)=O)c2ccccc12,dopt,52.0,2.404207673904035,False
2533,PI1M,CCC(C)C(=O)OCc1cccc(Cl)c1,CCC(C)C(=O)OCc1cccc(Cl)c1,coverage,30.0,0.5474937425136082,False
2534,PI1M,CCC(C)C(=O)NCCN(C)c1ccc([N+](=O)[O-])c([N+](=O)[O-])c1,CCC(C)C(=O)NCCN(C)c1ccc([N+](=O)[O-])c([N+](=O)[O-])c1,dopt,43.0,1.4419597242422257,False
2535,OMG,*OCCC(CCOC(=O)C1CS(=O)(=O)CC1C(*)=O)C(=O)OC(C)(C)C,COCCC(CCOC(=O)C1CS(=O)(=O)CC1C(C)=O)C(=O)OC(C)(C)C,random,57.0,3.0777004384750812,True
2536,omics,*CCOCCOC(=O)Nc1ccc(O*)cc1,CCCOCCOC(=O)Nc1ccc(OC)cc1,coverage,37.0,0.9624665003915307,False
2537,OMG,*OCC(OC(=O)C1CSCC(C(*)=O)N1C(=O)OC(C)(C)C)c1ccc(OC)cc1OC,COCC(OC(=O)C1CSCC(C(C)=O)N1C(=O)OC(C)(C)C)c1ccc(OC)cc1OC,coverage,66.0,4.5655822516472835,False
2538,PI1M,CCC(C)CCCNC(=O)OC(C)CC,CCC(C)CCCNC(=O)OC(C)CC,random,40.0,1.187037287474881,True
2539,PolyInfo,*C(=O)Nc1ccc(Cc2ccc(N3C(=O)c4ccc(*)cc4C3=O)cc2)cc1,CC(=O)Nc1ccc(Cc2ccc(N3C(=O)c4ccc(C)cc4C3=O)cc2)cc1,random,49.0,2.04904001620089,True
2540,PI1M,COc1c(C)cc(C(C)(C)c2cc(C)c(OC(C)=O)c(Br)c2)cc1C,COc1c(C)cc(C(C)(C)c2cc(C)c(OC(C)=O)c(Br)c2)cc1C,coverage,50.0,2.1634770685187323,False
2541,PI1M,COS(=O)(=O)c1ccc(Oc2ccc(S(=O)(=O)c3ccc(Oc4ccc(C)cc4)cc3)cc2)cc1,COS(=O)(=O)c1ccc(Oc2ccc(S(=O)(=O)c3ccc(Oc4ccc(C)cc4)cc3)cc2)cc1,coverage,57.0,3.0777004384750812,False
2542,omics,*NC(=O)CCCCCC(=O)NCC1CCC(NC(=O)CCCCCCCC(*)=O)CC1,CNC(=O)CCCCCC(=O)NCC1CCC(NC(=O)CCCCCCCC(C)=O)CC1,coverage,77.0,6.911670651446108,False
2543,PI1M,CCCCCCC#CC#CC#CC#CC#CCC#CCOc1ccc(C(=O)NCCCCCCNC(=O)c2ccc(C(=O)OC(=O)c3ccc(OC)cc3)cc2)cc1,CCCCCCC#CC#CC#CC#CC#CCC#CCOc1ccc(C(=O)NCCCCCCNC(=O)c2ccc(C(=O)OC(=O)c3ccc(OC)cc3)cc2)cc1,dopt,104.0,15.514674460906292,False
2544,PI1M,CCC(C)[Si](O)(Cl)Cl,CCC(C)[Si](O)(Cl)Cl,feature,18.0,0.1385498383381463,False
2545,PI1M,CCCCCCCCCCCCS(C)(=O)=O,CCCCCCCCCCCCS(C)(=O)=O,coverage,44.0,1.5339481655863532,False
2546,OMG,*Oc1ccc(C(=O)C(=O)c2ccc(OC(=O)C3CS(=O)(=O)CC3C(*)=O)cc2)cc1,COc1ccc(C(=O)C(=O)c2ccc(OC(=O)C3CS(=O)(=O)CC3C(C)=O)cc2)cc1,coverage,51.0,2.2818482460254073,False
2547,OMG,*OC1=C(Cl)C(=O)C(OC(=O)C2C=C(C(*)=O)N=N2)=C(Cl)C1=O,COC1=C(Cl)C(=O)C(OC(=O)C2C=C(C(C)=O)N=N2)=C(Cl)C1=O,feature,31.0,0.597979011686388,False
2548,PI1M,COS(=O)(=O)c1ccc(Cc2ccc(-c3ccc(C(C)=O)cc3)cc2)cc1,COS(=O)(=O)c1ccc(Cc2ccc(-c3ccc(C(C)=O)cc3)cc2)cc1,coverage,47.0,1.8317500939966918,False
2549,OMG,*Oc1cc(F)c(C=O)c(OC(=O)c2cc(C(*)=O)ccc2S)c1,COc1cc(F)c(C=O)c(OC(=O)c2cc(C(C)=O)ccc2S)c1,random,37.0,0.9624665003915307,True
2550,PI1M,CCCCCCCCCCCCCSC(=O)OC,CCCCCCCCCCCCCSC(=O)OC,coverage,48.0,1.9384826272146733,False
2551,PI1M,Cc1cc(C(C)C)c(CN(C)c2ccccc2)cc1C(C)(C)C,Cc1cc(C(C)C)c(CN(C)c2ccccc2)cc1C(C)(C)C,random,54.0,2.6611061495015087,True
2552,OMG,*OC1COC(OC(=O)C2(C(*)=O)CC3(CCOCC3)C2)CO1,COC1COC(OC(=O)C2(C(C)=O)CC3(CCOCC3)C2)CO1,random,47.0,1.8317500939966918,True
2553,PI1M,CCC(CCl)(COC(=O)OCCCCCC)C(C)=O,CCCCCCOC(=O)OCC(CC)(CCl)C(C)=O,random,44.0,1.5339481655863532,True
2554,OMG,*OCC(C)(C#N)OC(=O)C(CCC(*)=O)NC=N,COCC(C)(C#N)OC(=O)C(CCC(C)=O)NC=N,random,38.0,1.0340483823546922,True
2555,OMG,*OC(CNCc1ccccc1)COC(=O)C1C2OC(C3OC32)C1C(*)=O,COC(CNCc1ccccc1)COC(=O)C1C2OC(C3OC32)C1C(C)=O,coverage,52.0,2.404207673904035,False
2556,PI1M,COc1ccc(C(C)(C)c2ccc(OCCCCCCOc3ccc(C(C)=O)cc3)cc2)cc1C,COc1ccc(C(C)(C)c2ccc(OCCCCCCOc3ccc(C(C)=O)cc3)cc2)cc1C,coverage,73.0,5.987719929256527,False
2557,PI1M,CCc1cccc2c(C)c(N=C)cc-2c1,C=Nc1cc2cc(CC)cccc-2c1C,feature,30.0,0.5474937425136082,False
2558,PI1M,CCCN(CCOC(=O)CCCCC(=O)OC)c1ccc(OC)cc1,CCCN(CCOC(=O)CCCCC(=O)OC)c1ccc(OC)cc1,coverage,54.0,2.6611061495015087,False
2559,OMG,*OCCOCCNC(=O)C(C)OC(=O)C(CC(*)=O)NC(C)(C)C,COCCOCCNC(=O)C(C)OC(=O)C(CC(C)=O)NC(C)(C)C,random,57.0,3.0777004384750812,True
2560,OMG,*Oc1cc(OC(=O)C(C)(CC(*)=O)NC(=O)OC(C)(C)C)ccc1C(=O)CN,COc1cc(OC(=O)C(C)(CC(C)=O)NC(=O)OC(C)(C)C)ccc1C(=O)CN,random,57.0,3.0777004384750812,True
2561,omics,*c1ccc(C(C#N)(C(=O)OCCCC)C(*)(C#N)C(=O)OCCCC)cc1F,CCCCOC(=O)C(C)(C#N)C(C#N)(C(=O)OCCCC)c1ccc(C)c(F)c1,coverage,56.0,2.934599081644776,False
2562,PI1M,COc1ccc(/N=C/c2ccc(OC)cc2C)cc1,COc1ccc(/N=C/c2ccc(OC)cc2C)cc1,coverage,36.0,0.8940806826961882,False
2563,PI1M,C[Si](C)(C#N)[Si](C)(C)OC,CO[Si](C)(C)[Si](C)(C)C#N,feature,25.0,0.33525989756051233,False
2564,OMG,*Nc1cccc(NC(=O)c2cccc(C(*)=O)c2C(C)=O)c1,CNc1cccc(NC(=O)c2cccc(C(C)=O)c2C(C)=O)c1,coverage,41.0,1.2685615949723126,False
2565,OMG,*Nc1cc(C)c(C)cc1NC(=O)CC1CCC(C(*)=O)CC1,CNc1cc(C)c(C)cc1NC(=O)CC1CCC(C(C)=O)CC1,coverage,51.0,2.2818482460254073,False
2566,PI1M,CCC(C)C(=O)OCCN(C)c1ccc(/N=N/c2ccc(/N=N/c3ccc([N+](=O)[O-])cc3)cc2)cc1,CCC(C)C(=O)OCCN(C)c1ccc(/N=N/c2ccc(/N=N/c3ccc([N+](=O)[O-])cc3)cc2)cc1,coverage,64.0,4.202881203832011,False
2567,PI1M,CCCCCCCSCCCCOCCCCOC,CCCCCCCSCCCCOCCCCOC,coverage,53.0,2.5306091492877196,False
2568,PI1M,CNC1CC1=C,C=C1CC1NC,feature,15.0,0.08484152603281661,False
2569,omics,*CCCOc1ccc(-c2ccc(O*)cc2)cc1,CCCCOc1ccc(-c2ccc(OC)cc2)cc1,coverage,39.0,1.1088856862834737,False
2570,OMG,*Oc1nn(CCOC(=O)C(CC(*)=O)OC)cc1C(=O)OCC,CCOC(=O)c1cn(CCOC(=O)C(CC(C)=O)OC)nc1OC,random,46.0,1.7287872538090088,True
2571,PI1M,CCC(C=C)CSC(=O)CCCCCC(=O)NC,C=CC(CC)CSC(=O)CCCCCC(=O)NC,random,43.0,1.4419597242422257,True
2572,PI1M,CCC(COC)c1ccc(Cl)cc1,CCC(COC)c1ccc(Cl)cc1,coverage,28.0,0.4547556347186134,False
2573,PI1M,CCC(C)(C)C(=O)OCOC(F)(F)C(F)(F)C(F)(F)C(F)(F)C(F)(F)C(F)(F)OF,CCC(C)(C)C(=O)OCOC(F)(F)C(F)(F)C(F)(F)C(F)(F)C(F)(F)C(F)(F)OF,feature,43.0,1.4419597242422257,False
2574,omics,*/C=C(/*)CCCOc1ccc(-c2ccc(C#N)cc2)cc1,C/C=C(/C)CCCOc1ccc(-c2ccc(C#N)cc2)cc1,coverage,43.0,1.4419597242422257,False
2575,PI1M,COc1ccc(OC(=O)CCCCCc2ccc(/C=C/c3ccc(C(C)=O)cc3)cc2)cc1,COc1ccc(OC(=O)CCCCCc2ccc(/C=C/c3ccc(C(C)=O)cc3)cc2)cc1,coverage,63.0,4.0285528241783775,False
2576,OMG,*NC(=NN=Cc1cc(OC)c(OC)c(OC)c1)NC(=O)c1cc(OCc2ccccc2)cc(C(*)=O)c1,CNC(=NN=Cc1cc(OC)c(OC)c(OC)c1)NC(=O)c1cc(OCc2ccccc2)cc(C(C)=O)c1,coverage,68.0,4.947342301951497,False
2577,OMG,*OCc1ccccc1COC(=O)C(CC(*)=O)NC(C)(C)C,COCc1ccccc1COC(=O)C(CC(C)=O)NC(C)(C)C,coverage,50.0,2.1634770685187323,False
2578,PI1M,CCC(C)(C)C(=O)OC(F)(F)C(F)(F)C(F)(F)C(F)(F)C(F)(F)C(F)(F)F,CCC(C)(C)C(=O)OC(F)(F)C(F)(F)C(F)(F)C(F)(F)C(F)(F)C(F)(F)F,coverage,38.0,1.0340483823546922,False
2579,OMG,*OCCOCCOCCOCCOC(=O)C(Cl)CCC(*)=O,COCCOCCOCCOCCOC(=O)C(Cl)CCC(C)=O,coverage,50.0,2.1634770685187323,False
2580,PI1M,CCc1ccc(CCSSC(=O)c2ccc(C(=O)NC)c(S#N)c2)cc1,CCc1ccc(CCSSC(=O)c2ccc(C(=O)NC)c(S#N)c2)cc1,feature,46.0,1.7287872538090088,False
2581,PolyInfo,*c1ccc(OCCN(CC)c2ccc(C(C#N)=C(C#N)C#N)cc2)c(-c2cc(-c3ccccc3)c3cc(Oc4ccc5nc(*)cc(-c6ccccc6)c5c4)ccc3n2)c1,CCN(CCOc1ccc(C)cc1-c1cc(-c2ccccc2)c2cc(Oc3ccc4nc(C)cc(-c5ccccc5)c4c3)ccc2n1)c1ccc(C(C#N)=C(C#N)C#N)cc1,dopt,101.0,14.339944818418587,False
2582,PI1M,COc1ccc(NC(=O)Nc2ccc(C)c(NC(C)=O)c2)cc1,COc1ccc(NC(=O)Nc2ccc(C)c(NC(C)=O)c2)cc1,coverage,42.0,1.3535165667832443,False
2583,OMG,*OC1(CCCCC2(OC(=O)C34CC(C(*)=O)(CO3)C4)CC2)CC1,COC1(CCCCC2(OC(=O)C34CC(C(C)=O)(CO3)C4)CC2)CC1,dopt,52.0,2.404207673904035,False
2584,OMG,*OCC(C)(C)C1(OC(=O)C(CCC(*)=O)NC(C)=O)CC(C)(C)C1,COCC(C)(C)C1(OC(=O)C(CCC(C)=O)NC(C)=O)CC(C)(C)C1,random,58.0,3.2251081841016833,True
2585,omics,*Nc1ccc(Cc2ccc(NC(*)=O)c(C)c2)cc1C,CNc1ccc(Cc2ccc(NC(C)=O)c(C)c2)cc1C,coverage,43.0,1.4419597242422257,False
2586,PI1M,CC(=O)CCC(C)(C)CNC(C)=O,CC(=O)CCC(C)(C)CNC(C)=O,coverage,32.0,0.6512930237899227,False
2587,OMG,*Oc1cc(OC(=O)C(CSCC(*)=O)NS(=O)(=O)c2ccc(C)cc2)ccc1C(=O)CON1C(=O)c2ccccc2C1=O,COc1cc(OC(=O)C(CSCC(C)=O)NS(=O)(=O)c2ccc(C)cc2)ccc1C(=O)CON1C(=O)c2ccccc2C1=O,random,72.0,5.769622518212583,True
2588,PolyInfo,*Oc1ccc(Oc2ccc(/C=N/CCCCCCCCCCCC/N=C/c3ccc(*)cc3)cc2)cc1,COc1ccc(Oc2ccc(/C=N/CCCCCCCCCCCC/N=C/c3ccc(C)cc3)cc2)cc1,random,82.0,8.18619805320074,True
2589,PI1M,C/C=C/c1ccc(C)cc1CC,C/C=C/c1ccc(C)cc1CC,coverage,28.0,0.4547556347186134,False
2590,OMG,*OCC(COC)OC(=O)C1(C(*)=O)CC(OC)C1,COCC(COC)OC(=O)C1(C(C)=O)CC(OC)C1,coverage,41.0,1.2685615949723126,False
2591,PolyInfo,*c1ccc(-c2ccc3[nH]c(-c4nc5cc(*)ccc5[nH]4)nc3c2)cc1,Cc1ccc(-c2ccc3[nH]c(-c4nc5cc(C)ccc5[nH]4)nc3c2)cc1,coverage,44.0,1.5339481655863532,False
2592,PI1M,CCC(COc1ccc(/N=N\c2ccc(C)cc2)cc1)c1ccccc1,CCC(COc1ccc(/N=N\c2ccc(C)cc2)cc1)c1ccccc1,coverage,50.0,2.1634770685187323,False
2593,PI1M,CCC(C)c1ccc(C(F)(F)C(F)(F)C(F)(F)C(F)(F)F)cc1,CCC(C)c1ccc(C(F)(F)C(F)(F)C(F)(F)C(F)(F)F)cc1,coverage,36.0,0.8940806826961882,False
2594,OMG,*OCC1OCCOC1COC(=O)C(CCC(*)=O)NC(C)=O,COCC1OCCOC1COC(=O)C(CCC(C)=O)NC(C)=O,random,48.0,1.9384826272146733,True
2595,omics,*OC(*)(C)CCCC,CCCCC(C)(C)OC,coverage,27.0,0.41237422298650106,False
2596,OMG,*OCCOC(=O)C1CC1C(*)=O,COCCOC(=O)C1CC1C(C)=O,coverage,27.0,0.41237422298650106,False
2597,PI1M,COc1ccc(/C=N/c2ccc(-c3ccc([N+](=O)[O-])cc3)cc2)cc1C,COc1ccc(/C=N/c2ccc(-c3ccc([N+](=O)[O-])cc3)cc2)cc1C,coverage,44.0,1.5339481655863532,False
2598,PI1M,CCCCCCCCCCCCCCCCCCCOC(=O)OCCCCCCCCCCCCOC(=O)OCc1ccc(COC(=O)OC)cc1,CCCCCCCCCCCCCCCCCCCOC(=O)OCCCCCCCCCCCCOC(=O)OCc1ccc(COC(=O)OC)cc1,coverage,126.0,25.99679149771609,False
2599,OMG,*OCc1ccc(C(=O)c2ccc(COC(=O)C3=C(C(*)=O)CSC3)cc2)cc1,COCc1ccc(C(=O)c2ccc(COC(=O)C3=C(C(C)=O)CSC3)cc2)cc1,coverage,51.0,2.2818482460254073,False
2600,OMG,*Oc1ccc(COC(=O)CSCCC(*)=O)cc1C#N,COc1ccc(COC(=O)CSCCC(C)=O)cc1C#N,random,38.0,1.0340483823546922,True
2601,PI1M,CCCC(C)CCC(C)CC(C)CC(=O)NC,CCCC(C)CCC(C)CC(C)CC(=O)NC,coverage,48.0,1.9384826272146733,False
2602,omics,*CC(C)Cc1ccc(N*)cc1,CCC(C)Cc1ccc(NC)cc1,coverage,32.0,0.6512930237899227,False
2603,OMG,*NCC1(C(=S)NC(=O)c2nc3ccccc3nc2C(*)=O)CC1,CNCC1(C(=S)NC(=O)c2nc3ccccc3nc2C(C)=O)CC1,random,42.0,1.3535165667832443,True
2604,PI1M,CNc1cc(NC(=O)c2cccc(C(C)=O)c2)c(C(=O)O)cc1C(=O)O,CNc1cc(NC(=O)c2cccc(C(C)=O)c2)c(C(=O)O)cc1C(=O)O,random,42.0,1.3535165667832443,True
2605,PI1M,CNc1ccc(C(=O)c2ccc(NC(=O)/C=C/C(C)=O)cc2)cc1,CNc1ccc(C(=O)c2ccc(NC(=O)/C=C/C(C)=O)cc2)cc1,coverage,42.0,1.3535165667832443,False
2606,OMG,*Nc1ccc(NS(=O)(=O)Nc2ccc(NC(=O)c3cc(NS(=O)(=O)c4ccccc4)cc(C(*)=O)c3)cc2)cc1,CNc1ccc(NS(=O)(=O)Nc2ccc(NC(=O)c3cc(NS(=O)(=O)c4ccccc4)cc(C(C)=O)c3)cc2)cc1,dopt,68.0,4.947342301951497,False
2607,PI1M,CNc1cc(CCCCCCCCCCCCC)c(C)cc1OCCCCCCCCCCCCCCCC,CCCCCCCCCCCCCCCCOc1cc(C)c(CCCCCCCCCCCCC)cc1NC,coverage,108.0,17.172474767285724,False
2608,PI1M,CCCCCCCCCCCOC(=O)CCCCC(=O)OCCOC(=O)c1ccc(C(=O)OC)cc1C,CCCCCCCCCCCOC(=O)CCCCC(=O)OCCOC(=O)c1ccc(C(=O)OC)cc1C,coverage,81.0,7.920410401396693,False
2609,PI1M,CCCCOC(=O)C(CCCCCC(=O)OC)c1ccccc1,CCCCOC(=O)C(CCCCCC(=O)OC)c1ccccc1,coverage,51.0,2.2818482460254073,False
2610,PI1M,CCC(C)C(=O)OCCCCCCCC(C)CC,CCC(C)CCCCCCCOC(=O)C(C)CC,coverage,50.0,2.1634770685187323,False
2611,omics,*CC(*)(F)C(=O)Oc1cccc2ccccc12,CCC(C)(F)C(=O)Oc1cccc2ccccc12,coverage,33.0,0.707498434008989,False
2612,PI1M,CCC(C)(CC)C(=O)OC(CC)(CC)CCOCC(Cl)Cl,CCC(CC)(CCOCC(Cl)Cl)OC(=O)C(C)(CC)CC,random,51.0,2.2818482460254073,True
2613,OMG,*OC1C2C3CC4C2C(OC(=O)C(CC(*)=O)NC(=O)OCC2c5ccccc5-c5ccccc52)C2C4C3C12,COC1C2C3CC4C2C(OC(=O)C(CC(C)=O)NC(=O)OCC2c5ccccc5-c5ccccc52)C2C4C3C12,dopt,72.0,5.769622518212583,False
2614,OMG,*OC(COC(=O)C(C)(C(*)=O)C(C)C)C(F)C(F)(F)F,COC(COC(=O)C(C)(C(C)=O)C(C)C)C(F)C(F)(F)F,random,41.0,1.2685615949723126,True
2615,OMG,*Oc1cc(Br)c(OC(=O)CC2(CC(*)=O)CCOCC2)cc1OC,COc1cc(Br)c(OC(=O)CC2(CC(C)=O)CCOCC2)cc1OC,coverage,48.0,1.9384826272146733,False
2616,OMG,*OC(C(C)NC(=O)OCc1ccccc1)C(OC(=O)C1(C(*)=O)CCC(=O)CS1)C(C)NC(=O)OCc1ccccc1,COC(C(C)NC(=O)OCc1ccccc1)C(OC(=O)C1(C(C)=O)CCC(=O)CS1)C(C)NC(=O)OCc1ccccc1,random,81.0,7.920410401396693,True
2617,PI1M,COC(=O)c1ccc(/C=N/c2ccc(-c3ccc(N(C)c4ccccc4)cc3)cc2)cc1,COC(=O)c1ccc(/C=N/c2ccc(-c3ccc(N(C)c4ccccc4)cc3)cc2)cc1,random,56.0,2.934599081644776,True
2618,PI1M,C/C=C(/C)SSc1ccc(C)c(OC)c1,C/C=C(/C)SSc1ccc(C)c(OC)c1,random,31.0,0.597979011686388,True
2619,PI1M,CCCCNC(=O)CCCCC(=O)NCCc1ccc(C)cc1,CCCCNC(=O)CCCCC(=O)NCCc1ccc(C)cc1,coverage,53.0,2.5306091492877196,False
2620,PI1M,CCCCCOC(=O)SNS(=O)(=O)SCCS(=O)(=O)CCCCOC,CCCCCOC(=O)SNS(=O)(=O)SCCS(=O)(=O)CCCCOC,random,52.0,2.404207673904035,True
2621,OMG,*OCC(OC(=O)C(C)(C)OC(C)(C)C(*)=O)c1ccc(C(C)C)cc1,COCC(OC(=O)C(C)(C)OC(C)(C)C(C)=O)c1ccc(C(C)C)cc1,coverage,58.0,3.2251081841016833,False
2622,PI1M,CCC(C)c1cc(C)c(-c2ccccc2)cc1OC,CCC(C)c1cc(C)c(-c2ccccc2)cc1OC,coverage,41.0,1.2685615949723126,False
2623,omics,*c1cccc(-c2nc3ccc(-c4ccc5[nH]c(-c6nc7cc(-c8ccc9[nH]c(*)nc9c8)ccc7[nH]6)nc5c4)cc3[nH]2)c1,Cc1cccc(-c2nc3ccc(-c4ccc5[nH]c(-c6nc7cc(-c8ccc9[nH]c(C)nc9c8)ccc7[nH]6)nc5c4)cc3[nH]2)c1,dopt,70.0,5.348558032191515,False
2624,PI1M,CCCNC(=O)NCCCCCCCCCCNC(=O)SC,CCCNC(=O)NCCCCCCCCCCNC(=O)SC,coverage,55.0,2.7957518399460364,False
2625,OMG,*Oc1cc(OC(=O)C(CCC(*)=O)NC(=O)c2ccccc2)cc(C(=O)OC)c1C=O,COC(=O)c1cc(OC(=O)C(CCC(C)=O)NC(=O)c2ccccc2)cc(OC)c1C=O,random,55.0,2.7957518399460364,True
2626,PolyInfo,*C(=O)N(*)CCCCCCCCCCC,CCCCCCCCCCCN(C)C(C)=O,coverage,45.0,1.629538578803666,False
2627,PI1M,CCC(C)(C)C(=O)OCCCCCOc1ccc(/N=N/c2ccc(C(=O)OC3COC3)cc2)cc1,CCC(C)(C)C(=O)OCCCCCOc1ccc(/N=N/c2ccc(C(=O)OC3COC3)cc2)cc1,random,69.0,5.145493557044269,True
2628,OMG,*Oc1cc2ccccc2cc1OC(=O)C(S)CC(*)=O,COc1cc2ccccc2cc1OC(=O)C(S)CC(C)=O,coverage,37.0,0.9624665003915307,False
2629,OMG,*OCCCOC(=O)C(C)CCC(*)=O,COCCCOC(=O)C(C)CCC(C)=O,coverage,35.0,0.828831072009792,False
2630,PI1M,CO[SH](=O)(Oc1ccccc1)Oc1ccc(-c2ccc(OC(C)=O)cc2)c(-c2ccccc2)c1,CO[SH](=O)(Oc1ccccc1)Oc1ccc(-c2ccc(OC(C)=O)cc2)c(-c2ccccc2)c1,dopt,58.0,3.2251081841016833,False
2631,omics,*C#C/C(Cl)=C(/*)C#N,CC#C/C(Cl)=C(/C)C#N,feature,15.0,0.08484152603281661,False
2632,OMG,*NC(=NNC(=O)c1ccccc1O)NC(=O)c1c(Cl)c(Cl)c(C(*)=O)c(Cl)c1Cl,CNC(=NNC(=O)c1ccccc1O)NC(=O)c1c(Cl)c(Cl)c(C(C)=O)c(Cl)c1Cl,random,44.0,1.5339481655863532,True
2633,PI1M,CO[Si](C)(C)O[Si](C)(C)O[Si](C)(C)O[Si](C)(C)O[Si](C)(C)O[Si](C)(C)c1ccc([Si](C)(C)c2ccc(C)cc2)cc1,CO[Si](C)(C)O[Si](C)(C)O[Si](C)(C)O[Si](C)(C)O[Si](C)(C)O[Si](C)(C)c1ccc([Si](C)(C)c2ccc(C)cc2)cc1,coverage,97.0,12.862901673682583,False
2634,OMG,*N[Si](C)(C)O[Si](C)(C)NC(=O)CN(CC(*)=O)c1ccc(OC)cc1,CN[Si](C)(C)O[Si](C)(C)NC(=O)CN(CC(C)=O)c1ccc(OC)cc1,dopt,57.0,3.0777004384750812,False
2635,PI1M,COC(=O)C1CCCCC(C(C)=O)CC1,COC(=O)C1CCCCC(C(C)=O)CC1,coverage,35.0,0.828831072009792,False
2636,omics,*CC(*)(CC(=O)OCC(C)C)C(=O)OCCCC1CCCCC1,CCC(C)(CC(=O)OCC(C)C)C(=O)OCCCC1CCCCC1,random,60.0,3.533050524994261,True
2637,PI1M,COc1ccc(/N=C/c2ccc(/C=C/c3ccc(OC(C)=O)cc3)cc2)cc1,COc1ccc(/N=C/c2ccc(/C=C/c3ccc(OC(C)=O)cc3)cc2)cc1,coverage,49.0,2.04904001620089,False
2638,PI1M,C/C=C/[Si](C)(C)CCCCCC,C/C=C/[Si](C)(C)CCCCCC,coverage,36.0,0.8940806826961882,False
2639,PI1M,CCCCCCCC(=O)NNC(=O)c1cccc(C(=O)NC)c1,CCCCCCCC(=O)NNC(=O)c1cccc(C(=O)NC)c1,random,48.0,1.9384826272146733,True
2640,PI1M,CCC(OC)c1ccc(S#N)cc1,CCC(OC)c1ccc(S#N)cc1,feature,26.0,0.372564345698904,False
2641,PI1M,COc1ccc(C(C)(CC)c2ccc(OC(C)=O)cc2)cc1C,CCC(C)(c1ccc(OC(C)=O)cc1)c1ccc(OC)c(C)c1,coverage,47.0,1.8317500939966918,False
2642,PI1M,CCC(=O)C(O)CC1CCc2ccc(c(=O)n(C)c2=O)C(OC)CC1,CCC(=O)C(O)CC1CCc2ccc(c(=O)n(C)c2=O)C(OC)CC1,feature,52.0,2.404207673904035,False
2643,OMG,*OC1C(OC)OC(COC(=O)CCC(=NN=C(CCC(*)=O)c2ccccc2)c2ccccc2)C2OC(C)(C)OC21,COC1OC(COC(=O)CCC(=NN=C(CCC(C)=O)c2ccccc2)c2ccccc2)C2OC(C)(C)OC2C1OC,coverage,82.0,8.18619805320074,False
2644,PI1M,CCCCCCCOC(=O)c1cc(N)c(C)c(NC(=O)OC)c1O,CCCCCCCOC(=O)c1cc(N)c(C)c(NC(=O)OC)c1O,random,50.0,2.1634770685187323,True
2645,PI1M,CO[Si](C)(C)OCCCCCOc1ccc(/N=C/c2ccc(/N=N/c3ccc(OC)cc3)cc2)cc1,COc1ccc(/N=N/c2ccc(/C=N/c3ccc(OCCCCCO[Si](C)(C)OC)cc3)cc2)cc1,random,71.0,5.556584750444072,True
2646,PI1M,CNc1cccc(C(=O)Nc2cccc(NC(=O)c3cccc(C(C)=O)c3)c2)c1,CNc1cccc(C(=O)Nc2cccc(NC(=O)c3cccc(C(C)=O)c3)c2)c1,coverage,50.0,2.1634770685187323,False
2647,PI1M,C/C(=N\c1ccc(C)cc1)c1ccccc1,C/C(=N\c1ccc(C)cc1)c1ccccc1,coverage,31.0,0.597979011686388,False
2648,PI1M,CCC(C)C(=O)OCC(Cl)Cl,CCC(C)C(=O)OCC(Cl)Cl,random,23.0,0.2678988587629254,True
2649,PolyInfo,*c1ccc2c(c1)C(=O)N(c1ccc(Oc3ccc(Oc4ccc(N5C(=O)c6ccc(C(*)(C(F)(F)F)C(F)(F)F)cc6C5=O)cc4)cc3)cc1)C2=O,Cc1ccc2c(c1)C(=O)N(c1ccc(Oc3ccc(Oc4ccc(N5C(=O)c6ccc(C(C)(C(F)(F)F)C(F)(F)F)cc6C5=O)cc4)cc3)cc1)C2=O,coverage,77.0,6.911670651446108,False
2650,PI1M,CCC(COc1ccccc1)Oc1ccc(C(C)(C)c2ccc(OC)cc2)cc1,CCC(COc1ccccc1)Oc1ccc(C(C)(C)c2ccc(OC)cc2)cc1,coverage,59.0,3.3768743086298603,False
2651,OMG,*OC(C)=NS(=O)(=O)c1ccc(N=NN2CCN(N=Nc3ccc(S(=O)(=O)N=C(C)OC(=O)C4CC4C(*)=O)cc3)CC2)cc1,COC(C)=NS(=O)(=O)c1ccc(N=NN2CCN(N=Nc3ccc(S(=O)(=O)N=C(C)OC(=O)C4CC4C(C)=O)cc3)CC2)cc1,dopt,77.0,6.911670651446108,False
2652,PI1M,CCC(Cc1ccccc1)N(C)c1ccc(Br)cc1,CCC(Cc1ccccc1)N(C)c1ccc(Br)cc1,random,39.0,1.1088856862834737,True
2653,OMG,*Oc1ccccc1COC(=O)C(C(*)=O)C1CCOC1,COc1ccccc1COC(=O)C(C(C)=O)C1CCOC1,coverage,41.0,1.2685615949723126,False
2654,PI1M,CC(=O)c1ccc(NC(=O)c2ccnc(=O)c3ccc(C)cc3c2=O)c2ccccc12,CC(=O)c1ccc(NC(=O)c2ccnc(=O)c3ccc(C)cc3c2=O)c2ccccc12,feature,49.0,2.04904001620089,False
2655,OMG,*Oc1ccccc1N=Cc1ccc(C=Nc2ccccc2OC(=O)c2cc(COC3CCCCO3)cc(C(*)=O)c2)cc1,COc1ccccc1N=Cc1ccc(C=Nc2ccccc2OC(=O)c2cc(COC3CCCCO3)cc(C(C)=O)c2)cc1,coverage,78.0,7.155788006079488,False
2656,PI1M,CC#C[Si](C)(C)SSSSSOC,CC#C[Si](C)(C)SSSSSOC,feature,25.0,0.33525989756051233,False
2657,PI1M,COc1ccc(OC(=O)Nc2ccc(Cc3ccc(C(C)=O)cc3)cc2)cc1,COc1ccc(OC(=O)Nc2ccc(Cc3ccc(C(C)=O)cc3)cc2)cc1,coverage,49.0,2.04904001620089,False
2658,PI1M,CCC(C)(C)C(=O)OCCOCCOc1ccc(OC(=O)c2ccc(OCCCC)cc2)cc1,CCCCOc1ccc(C(=O)Oc2ccc(OCCOCCOC(=O)C(C)(C)CC)cc2)cc1,random,70.0,5.348558032191515,True
2659,PI1M,CCCCCOC(=O)c1ccc(-c2ccc(CCC(=O)OC)cc2C(=O)OCC)cc1,CCCCCOC(=O)c1ccc(-c2ccc(CCC(=O)OC)cc2C(=O)OCC)cc1,random,61.0,3.6936882750981668,True
2660,PI1M,CCCCCCCCCCCCCCCCCC(C)=O,CCCCCCCCCCCCCCCCCC(C)=O,coverage,58.0,3.2251081841016833,False
2661,PI1M,CC(C)C(C)C(=O)OCC(C)C,CC(C)COC(=O)C(C)C(C)C,coverage,32.0,0.6512930237899227,False
2662,PI1M,CCCCOC(=O)c1ccc(-c2nc(=O)ccc(=O)n(C)c2=O)cc1,CCCCOC(=O)c1ccc(-c2nc(=O)ccc(=O)n(C)c2=O)cc1,feature,43.0,1.4419597242422257,False
2663,PI1M,COC(C)CCC(F)(F)C(C)(F)F,COC(C)CCC(F)(F)C(C)(F)F,coverage,27.0,0.41237422298650106,False
2664,PI1M,CNC(CCCCCCCCCCCCCCCCCCCC)CCCCCCSCC(C)=O,CCCCCCCCCCCCCCCCCCCCC(CCCCCCSCC(C)=O)NC,random,97.0,12.862901673682583,True
2665,omics,*C(c1ccccc1)C(*)c1ccccn1,CC(c1ccccc1)C(C)c1ccccn1,coverage,33.0,0.707498434008989,False
2666,PI1M,Cc1ccc(-c2ccc(-c3ccc(S(C)(=O)=O)cc3)cc2)cc1,Cc1ccc(-c2ccc(-c3ccc(S(C)(=O)=O)cc3)cc2)cc1,coverage,41.0,1.2685615949723126,False
2667,omics,*c1sc(*)c(CCCCCCCC)c1CCCCC,CCCCCCCCc1c(C)sc(C)c1CCCCC,coverage,54.0,2.6611061495015087,False
2668,PI1M,CCCCCCCOC(=O)C(OCC)C(=O)OC,CCCCCCCOC(=O)C(OCC)C(=O)OC,random,42.0,1.3535165667832443,True
2669,PI1M,CCC(C)C(=O)OCCN(C)N(C)C(C)C,CCC(C)C(=O)OCCN(C)N(C)C(C)C,random,42.0,1.3535165667832443,True
2670,PI1M,CC(C)S(=O)(=O)c1ccc(N(c2ccccc2)c2ccc([PH](c3ccccc3)(c3ccccc3)c3ccc(N(C)C)cc3)cc2)cc1,CC(C)S(=O)(=O)c1ccc(N(c2ccccc2)c2ccc([PH](c3ccccc3)(c3ccccc3)c3ccc(N(C)C)cc3)cc2)cc1,dopt,88.0,9.898773174753035,False
2671,PI1M,COc1ccc(OC(=O)NSC(=O)c2ccc(OC(C)=O)cc2)cc1,COc1ccc(OC(=O)NSC(=O)c2ccc(OC(C)=O)cc2)cc1,random,40.0,1.187037287474881,True
2672,OMG,*Oc1cc(C(F)(F)F)cc(OC(=O)C2CCC(C(*)=O)O2)c1N,COc1cc(C(F)(F)F)cc(OC(=O)C2CCC(C(C)=O)O2)c1N,random,40.0,1.187037287474881,True
2673,OMG,*OCCOC(=O)c1ccc(C(=O)OCCOC(=O)CCOCCOCCOCCOCCOCCC(*)=O)cc1,COCCOC(=O)c1ccc(C(=O)OCCOC(=O)CCOCCOCCOCCOCCOCCC(C)=O)cc1,coverage,83.0,8.457520383218988,False
2674,PI1M,COc1ccc(/N=N/c2ccc(C(C)=O)cc2)cc1OC,COc1ccc(/N=N/c2ccc(C(C)=O)cc2)cc1OC,coverage,37.0,0.9624665003915307,False
2675,PI1M,COC(=O)CCCCCCCC(=O)OC1CCC(C)C1,COC(=O)CCCCCCCC(=O)OC1CCC(C)C1,coverage,48.0,1.9384826272146733,False
2676,PI1M,CNc1ccc(/C=N/c2ccc(C(=O)c3ccc(C(=O)c4ccc(C)cc4)cc3)cc2)cc1,CNc1ccc(/C=N/c2ccc(C(=O)c3ccc(C(=O)c4ccc(C)cc4)cc3)cc2)cc1,coverage,57.0,3.0777004384750812,False
2677,OMG,*OCC(C)OC(=O)C1(C(*)=O)CCOCC1,COCC(C)OC(=O)C1(C(C)=O)CCOCC1,coverage,37.0,0.9624665003915307,False
2678,PI1M,COc1ccc(OC(=O)c2ccc(C(C)=O)cc2C)cc1OCc1ccccc1,COc1ccc(OC(=O)c2ccc(C(C)=O)cc2C)cc1OCc1ccccc1,coverage,51.0,2.2818482460254073,False
2679,PI1M,COC(C)[PH]1C(C)(C)C1(Cl)I,COC(C)[PH]1C(C)(C)C1(Cl)I,feature,25.0,0.33525989756051233,False
2680,PI1M,CNC(CCCCCCN)S(C)(=O)=O,CNC(CCCCCCN)S(C)(=O)=O,random,36.0,0.8940806826961882,True
2681,PI1M,CCC(C)n1sc2ccccc21,CCC(C)n1sc2ccccc21,feature,25.0,0.33525989756051233,False
2682,PI1M,CC(C)C(=O)N(Cl)C=C,C=CN(Cl)C(=O)C(C)C,feature,19.0,0.16023971771432066,False
2683,PI1M,CCC(F)(F)COC(=O)CCC(=O)OC,CCC(F)(F)COC(=O)CCC(=O)OC,coverage,29.0,0.49977393112088747,False
2684,PI1M,Cc1ccc(N2C=CC3=CC=C(C(=O)c4cc(Sc5ccc(Oc6ccc7c(c6)C(=O)N(C)C7=O)cc5)ccc4O3)C2=O)c(C(F)(F)F)c1,Cc1ccc(N2C=CC3=CC=C(C(=O)c4cc(Sc5ccc(Oc6ccc7c(c6)C(=O)N(C)C7=O)cc5)ccc4O3)C2=O)c(C(F)(F)F)c1,dopt,72.0,5.769622518212583,False
2685,PI1M,CCc1ccc(COC(=O)CCCCCCCCCCCCCC(=O)OC)cc1,CCc1ccc(COC(=O)CCCCCCCCCCCCCC(=O)OC)cc1,coverage,69.0,5.145493557044269,False
2686,OMG,*Oc1c(C)cc(COC(=O)C(C)(Cc2cccc(OC)c2)C(*)=O)cc1C,COc1cccc(CC(C)(C(C)=O)C(=O)OCc2cc(C)c(OC)c(C)c2)c1,coverage,56.0,2.934599081644776,False
2687,OMG,*NC(=NO)C(F)(F)C(F)(F)C(F)(F)C(F)(F)C(=NO)NC(=O)CCCCCCCCCCCCCCCCCCCCCCCCC(*)=O,CNC(=NO)C(F)(F)C(F)(F)C(F)(F)C(F)(F)C(=NO)NC(=O)CCCCCCCCCCCCCCCCCCCCCCCCC(C)=O,dopt,108.0,17.172474767285724,False
2688,PI1M,CO[Si](C)(Cl)C(F)(F)C(F)(F)C(F)(F)F,CO[Si](C)(Cl)C(F)(F)C(F)(F)C(F)(F)F,feature,21.0,0.2097456137295212,False
2689,PI1M,Cc1ccc2cc(OC(=O)c3ccccc3C)c(C#N)cc3cn-3c(=O)c2c1,Cc1ccc2cc(OC(=O)c3ccccc3C)c(C#N)cc3cn-3c(=O)c2c1,feature,44.0,1.5339481655863532,False
2690,PI1M,CCC(C)c1ccc(C(=O)OCCCCCCCCCCCCCCCCCCCCCCC)cc1,CCCCCCCCCCCCCCCCCCCCCCCOC(=O)c1ccc(C(C)CC)cc1,coverage,96.0,12.509288293103786,False
2691,PI1M,COc1ccc(Oc2ccc(C(=O)c3ccc(NC(=O)c4ccc(C)cc4)cc3)cc2)cc1N,COc1ccc(Oc2ccc(C(=O)c3ccc(NC(=O)c4ccc(C)cc4)cc3)cc2)cc1N,random,58.0,3.2251081841016833,True
2692,PI1M,CNC(=P)CC(C)=O,CNC(=P)CC(C)=O,feature,18.0,0.1385498383381463,False
2693,PI1M,C[Si](C)(CCC)c1ccc(CCCCCCC)cc1,CCCCCCCc1ccc([Si](C)(C)CCC)cc1,coverage,51.0,2.2818482460254073,False
2694,PI1M,CCCCN(CC)c1ccc([Si](C)(C)C)cc1,CCCCN(CC)c1ccc([Si](C)(C)C)cc1,coverage,44.0,1.5339481655863532,False
2695,PI1M,CNc1cc(NC(=O)c2ccc(C(=O)Nc3ccc(C)cc3)cc2)cc(C(C)(C)C)c1,CNc1cc(NC(=O)c2ccc(C(=O)Nc3ccc(C)cc3)cc2)cc(C(C)(C)C)c1,coverage,60.0,3.533050524994261,False
2696,PI1M,CCc1ccc(CN(CC)c2ccc(CC)cc2)cc1,CCc1ccc(CN(CC)c2ccc(CC)cc2)cc1,coverage,45.0,1.629538578803666,False
2697,PI1M,COc1ccc(OC(C)=O)cc1SCCCCCC,CCCCCCSc1cc(OC(C)=O)ccc1OC,coverage,41.0,1.2685615949723126,False
2698,OMG,*Oc1cc(OC(=O)c2cc(C(*)=O)ccc2N)cc(OC(C)=O)c1C(C)=O,COc1cc(OC(=O)c2cc(C(C)=O)ccc2N)cc(OC(C)=O)c1C(C)=O,random,47.0,1.8317500939966918,True
2699,PI1M,COC(C)OC(=O)CCCCCCCC(C)=O,COC(C)OC(=O)CCCCCCCC(C)=O,coverage,41.0,1.2685615949723126,False
2700,OMG,*Nc1ccc2c(c1)OCCOCCOc1ccc(NC(=O)C3(C(*)=O)CC(OCc4ccccc4)C3)cc1OCCOCCO2,CNc1ccc2c(c1)OCCOCCOc1ccc(NC(=O)C3(C(C)=O)CC(OCc4ccccc4)C3)cc1OCCOCCO2,coverage,88.0,9.898773174753035,False
2701,PI1M,CC(=O)c1ccc(OCCN(C)c2ccccc2)cc1,CC(=O)c1ccc(OCCN(C)c2ccccc2)cc1,coverage,39.0,1.1088856862834737,False
2702,PI1M,CCCC(C#N)(CCl)C(=O)OC,CCCC(C#N)(CCl)C(=O)OC,random,24.0,0.30039397989449834,True
2703,PI1M,COc1c(C)cc(-c2cc(C)c(C)c(Br)c2)c(Cl)c1Cl,COc1c(C)cc(-c2cc(C)c(C)c(Br)c2)c(Cl)c1Cl,coverage,35.0,0.828831072009792,False
2704,PI1M,CCCCCCCCCCCCCOC(=O)NCCCCCCCCCCCCCCNC(=O)OC,CCCCCCCCCCCCCOC(=O)NCCCCCCCCCCCCCCNC(=O)OC,random,96.0,12.509288293103786,True
2705,OMG,*OCCS(=O)(=O)CCCCCS(=O)(=O)CCOC(=O)CC1CS(=O)(=O)CC1CC(*)=O,COCCS(=O)(=O)CCCCCS(=O)(=O)CCOC(=O)CC1CS(=O)(=O)CC1CC(C)=O,dopt,66.0,4.5655822516472835,False
2706,omics,*Oc1cccc(*)n1,COc1cccc(C)n1,coverage,18.0,0.1385498383381463,False
2707,PI1M,COc1ccc(-c2ccc(Oc3ccc(C(c4ccccc4)(c4ccccc4)c4ccc(Oc5ccc(C(=O)c6ccc(C)cc6)cc5)cc4)cc3)cc2)cc1C(F)(F)F,COc1ccc(-c2ccc(Oc3ccc(C(c4ccccc4)(c4ccccc4)c4ccc(Oc5ccc(C(=O)c6ccc(C)cc6)cc5)cc4)cc3)cc2)cc1C(F)(F)F,random,99.0,13.588817252236698,True
2708,OMG,*Oc1ccc(OC(=O)C2C3CCC(O3)C2C(*)=O)c(C(=O)OC)c1Br,COC(=O)c1c(OC(=O)C2C3CCC(O3)C2C(C)=O)ccc(OC)c1Br,random,45.0,1.629538578803666,True
2709,OMG,*Nc1cccc(S(=O)(=O)NC(=O)CC(COc2ccccc2)CC(*)=O)n1,CNc1cccc(S(=O)(=O)NC(=O)CC(COc2ccccc2)CC(C)=O)n1,random,51.0,2.2818482460254073,True
2710,PI1M,CCCCCCC(C)CCCCCCc1ccccc1,CCCCCCC(C)CCCCCCc1ccccc1,coverage,54.0,2.6611061495015087,False
2711,PI1M,COP(=O)(Oc1ccc(Br)cc1)SSC,COP(=O)(Oc1ccc(Br)cc1)SSC,feature,25.0,0.33525989756051233,False
2712,PI1M,CCCCCOc1ccc(C(=O)OCCCCCCCCCCCOC(=O)c2ccc(OC)cc2)cc1,CCCCCOc1ccc(C(=O)OCCCCCCCCCCCOC(=O)c2ccc(OC)cc2)cc1,coverage,81.0,7.920410401396693,False
2713,PI1M,CCC(C)(C)C(=O)OCc1ccc(CC)cc1,CCc1ccc(COC(=O)C(C)(C)CC)cc1,coverage,39.0,1.1088856862834737,False
2714,PI1M,COc1ccc(Oc2ccc(S(=O)(=O)c3ccc(Oc4ccc(S(=O)(=O)c5ccc(C)cc5)c(C)c4)cc3C)cc2)cc1,COc1ccc(Oc2ccc(S(=O)(=O)c3ccc(Oc4ccc(S(=O)(=O)c5ccc(C)cc5)c(C)c4)cc3C)cc2)cc1,coverage,73.0,5.987719929256527,False
2715,PI1M,COc1ccccc1C(=O)Oc1ccc(OC(=O)c2cccc(OC(=O)c3ccc(OC(=O)c4cccc(C(C)=O)c4)cc3)c2)cc1,COc1ccccc1C(=O)Oc1ccc(OC(=O)c2cccc(OC(=O)c3ccc(OC(=O)c4cccc(C(C)=O)c4)cc3)c2)cc1,coverage,73.0,5.987719929256527,False
2716,OMG,*NOCCOCCOCCOCCOCCOCCOCCOCCOCCOCCOCCONC(=O)c1ccc(-c2ccc(-c3ccc(C(*)=O)cc3)cc2)cc1,CNOCCOCCOCCOCCOCCOCCOCCOCCOCCOCCOCCONC(=O)c1ccc(-c2ccc(-c3ccc(C(C)=O)cc3)cc2)cc1,dopt,124.0,24.90160373066553,False
2717,PI1M,CCC(C)C(=O)NC(=O)N(C)c1ccccc1,CCC(C)C(=O)NC(=O)N(C)c1ccccc1,coverage,35.0,0.828831072009792,False
2718,PolyInfo,*CCNC(=O)CCCCCCCCCCCCCCCCC(=O)N*,CCCNC(=O)CCCCCCCCCCCCCCCCC(=O)NC,coverage,70.0,5.348558032191515,False
2719,PI1M,CCC(F)(F)C(F)(F)C(F)(F)C(F)(F)C(F)(F)COC(=O)c1ccc(C)cc1,CCC(F)(F)C(F)(F)C(F)(F)C(F)(F)C(F)(F)COC(=O)c1ccc(C)cc1,coverage,42.0,1.3535165667832443,False
2720,PI1M,CCCCCCCCNC(=O)NCCSCCCCNC(=O)NC,CCCCCCCCNC(=O)NCCSCCCCNC(=O)NC,coverage,60.0,3.533050524994261,False
2721,PI1M,CO[Si](C)(C)[Si](F)(F)F,CO[Si](C)(C)[Si](F)(F)F,feature,18.0,0.1385498383381463,False
2722,PI1M,CCC(C)c1ccccc1C(=O)Oc1ccc(OC)cc1,CCC(C)c1ccccc1C(=O)Oc1ccc(OC)cc1,coverage,41.0,1.2685615949723126,False
2723,omics,*/C(CCCCCCCC)=C(/*)S(F)(F)(F)(F)F,CCCCCCCC/C(C)=C(\C)S(F)(F)(F)(F)F,dopt,41.0,1.2685615949723126,False
2724,PI1M,CCC(C)C(=O)OCc1ccnnc1-c1ccccc1,CCC(C)C(=O)OCc1ccnnc1-c1ccccc1,random,38.0,1.0340483823546922,True
2725,OMG,*Oc1c(Cl)cc(Cl)cc1C=NN=Cc1cc(Cl)cc(Cl)c1OC(=O)C(S)CC(*)=O,COc1c(Cl)cc(Cl)cc1C=NN=Cc1cc(Cl)cc(Cl)c1OC(=O)C(S)CC(C)=O,coverage,47.0,1.8317500939966918,False
2726,OMG,*Oc1c(C)c(C)cc(C)c1OC(=O)c1cnc(C)cc1C(*)=O,COc1c(C)c(C)cc(C)c1OC(=O)c1cnc(C)cc1C(C)=O,random,45.0,1.629538578803666,True
2727,OMG,*OCCOCCOCCOCCOCCOCCOCCOCCOCCOCCOCCOCCOCCOCCOCCOCCOC(=O)c1cc(OC)cc(C(*)=O)n1,COCCOCCOCCOCCOCCOCCOCCOCCOCCOCCOCCOCCOCCOCCOCCOCCOC(=O)c1cc(OC)cc(C(C)=O)n1,coverage,138.0,33.20455979936244,False
2728,PI1M,C[Si](C)(C)CCCCCCCCc1ccccc1,C[Si](C)(C)CCCCCCCCc1ccccc1,coverage,48.0,1.9384826272146733,False
2729,OMG,*Oc1c(CC)cccc1COC(=O)CC(CC(*)=O)C1CCOCC1,CCc1cccc(COC(=O)CC(CC(C)=O)C2CCOCC2)c1OC,random,56.0,2.934599081644776,True
2730,OMG,*OC12C3C4C1C1C2C3C41OC(=O)C(CSCC(*)=O)NS(=O)(=O)c1ccc(C)cc1,COC12C3C4C1C1C2C3C41OC(=O)C(CSCC(C)=O)NS(=O)(=O)c1ccc(C)cc1,dopt,56.0,2.934599081644776,False
2731,omics,*CCCCCCOC(=O)NCc1ccc(*)o1,CCCCCCCOC(=O)NCc1ccc(C)o1,coverage,41.0,1.2685615949723126,False
2732,PI1M,COC(C)CCOC(=O)OCCCCCCCCCCCCCCOC(C)=O,COC(C)CCOC(=O)OCCCCCCCCCCCCCCOC(C)=O,coverage,70.0,5.348558032191515,False
2733,PI1M,C/C=N/NC(C)=S,C/C=N/NC(C)=S,feature,15.0,0.08484152603281661,False
2734,OMG,*OC(C(=O)NC1CC1)C(OC(=O)C(N)C(*)=O)C(=O)NC1CC1,COC(C(=O)NC1CC1)C(OC(=O)C(N)C(C)=O)C(=O)NC1CC1,dopt,47.0,1.8317500939966918,False
2735,OMG,*OC(c1ccccc1)(c1ccccc1)C1OC(C)(C)OC1C(OC(=O)c1ccc(C(=O)Nc2ccc(C(*)=O)cc2)cc1)(c1ccccc1)c1ccccc1,COC(c1ccccc1)(c1ccccc1)C1OC(C)(C)OC1C(OC(=O)c1ccc(C(=O)Nc2ccc(C(C)=O)cc2)cc1)(c1ccccc1)c1ccccc1,coverage,99.0,13.588817252236698,False
2736,PI1M,COOCC(=O)OC,COOCC(=O)OC,feature,16.0,0.1009266220636141,False
2737,PI1M,CC#Cc1cc(Br)c(C)s1,CC#Cc1cc(Br)c(C)s1,feature,17.0,0.11880386870633687,False
2738,PI1M,CC1C(=O)N(C)C1=S,CC1C(=O)N(C)C1=S,feature,15.0,0.08484152603281661,False
2739,PI1M,CCC(C)NC(=O)CCCCCCCCCCCCC(F)(F)C(F)(F)C(F)(F)C(F)(F)C(F)(F)C(F)(F)F,CCC(C)NC(=O)CCCCCCCCCCCCC(F)(F)C(F)(F)C(F)(F)C(F)(F)C(F)(F)C(F)(F)F,coverage,72.0,5.769622518212583,False
2740,OMG,*Nc1cc(S(=O)(=O)NC(=O)CN(CC(*)=O)S(=O)(=O)c2ccc(F)cc2)c(C)cc1Br,CNc1cc(S(=O)(=O)NC(=O)CN(CC(C)=O)S(=O)(=O)c2ccc(F)cc2)c(C)cc1Br,random,53.0,2.5306091492877196,True
2741,OMG,*OCCOC(=O)C(OC(C)=O)C(OC(C)=O)C(*)=O,COCCOC(=O)C(OC(C)=O)C(OC(C)=O)C(C)=O,coverage,38.0,1.0340483823546922,False
2742,PI1M,CCC(CCC)(CCNC(=O)OC)c1ccc(/N=N/c2ccc(C#N)cc2)cc1,CCCC(CC)(CCNC(=O)OC)c1ccc(/N=N/c2ccc(C#N)cc2)cc1,random,57.0,3.0777004384750812,True
2743,PolyInfo,*C1C(=O)N(c2ccc(COC(C)C)cc2)C(=O)C1*,CC(C)OCc1ccc(N2C(=O)C(C)C(C)C2=O)cc1,coverage,41.0,1.2685615949723126,False
2744,PolyInfo,*CCCN1C(=O)/C(=C\c2ccc(/C=C3/SC(=S)N(*)C3=O)cc2)SC1=S,CCCCN1C(=O)/C(=C\c2ccc(/C=C3/SC(=S)N(C)C3=O)cc2)SC1=S,dopt,45.0,1.629538578803666,False
2745,OMG,*Oc1ccc(COC(=O)COCCOCCOCCOCCOCCOCC(*)=O)cc1,COc1ccc(COC(=O)COCCOCCOCCOCCOCCOCC(C)=O)cc1,coverage,69.0,5.145493557044269,False
2746,OMG,*Nc1ccc(OC)c(NC(=O)C2(C(*)=O)CC3(CC(=O)C3)C2)n1,CNc1ccc(OC)c(NC(=O)C2(C(C)=O)CC3(CC(=O)C3)C2)n1,random,45.0,1.629538578803666,True
2747,PI1M,C/C=C/c1cc(C(=O)OCCOCCOC)c(C)cc1OCCCCCCCCCCCCCCCC,C/C=C/c1cc(C(=O)OCCOCCOC)c(C)cc1OCCCCCCCCCCCCCCCC,random,91.0,10.832889919296674,True
2748,OMG,*OC(C)(C)C(COC(=O)C(CC(*)=O)NC(=O)C(F)(F)F)NC(=O)OC(C)(C)C,COC(C)(C)C(COC(=O)C(CC(C)=O)NC(=O)C(F)(F)F)NC(=O)OC(C)(C)C,random,59.0,3.3768743086298603,True
2749,OMG,*Nc1cc2ccccc2cc1NC(=O)C1(C(*)=O)CC2(CC(=O)C2)C1,CNc1cc2ccccc2cc1NC(=O)C1(C(C)=O)CC2(CC(=O)C2)C1,coverage,48.0,1.9384826272146733,False
2750,PI1M,CCC(OC)C(COC(=O)Nc1ccc(Cc2ccc(NC(=O)OC)cc2)cc1)c1nnc(O)cc1O,CCC(OC)C(COC(=O)Nc1ccc(Cc2ccc(NC(=O)OC)cc2)cc1)c1nnc(O)cc1O,random,67.0,4.754055023099274,True
2751,PI1M,CCC(=O)NCCCCCCCCNC(=O)C(=O)NC,CCC(=O)NCCCCCCCCNC(=O)C(=O)NC,coverage,47.0,1.8317500939966918,False
2752,PI1M,CCCCCCCCCCCCCCCCc1ccc(CCCCCCCCCCCCCC)c(C)c1,CCCCCCCCCCCCCCCCc1ccc(CCCCCCCCCCCCCC)c(C)c1,coverage,105.0,15.919235194198889,False
2753,PI1M,CNc1ccc(Cc2ccc(NC(=O)c3ccc(C(=O)Nc4ccc(NC(=O)c5ccc(C)cc5)cc4)cc3)cc2)cc1,CNc1ccc(Cc2ccc(NC(=O)c3ccc(C(=O)Nc4ccc(NC(=O)c5ccc(C)cc5)cc4)cc3)cc2)cc1,coverage,75.0,6.439287015998562,False
2754,PI1M,CN=P(C)(NBr)OC,CN=P(C)(NBr)OC,feature,18.0,0.1385498383381463,False
2755,OMG,*Oc1cccc(OC(=O)C(N)CC(Cl)C(*)=O)c1C(=O)OCC,CCOC(=O)c1c(OC)cccc1OC(=O)C(N)CC(Cl)C(C)=O,random,44.0,1.5339481655863532,True
2756,OMG,*NOCCOCCOCCOCCOCCOCCOCCOCCOCCOCCOCCONC(=O)C1CC=C(C)CC1C(*)=O,CNOCCOCCOCCOCCOCCOCCOCCOCCOCCOCCOCCONC(=O)C1CC=C(C)CC1C(C)=O,dopt,111.0,18.485951002195634,False
2757,PI1M,Cc1ccc(N(C)c2ccc(-c3ccc(C#N)cc3)cc2)cc1,Cc1ccc(N(C)c2ccc(-c3ccc(C#N)cc3)cc2)cc1,random,41.0,1.2685615949723126,True
2758,PI1M,COc1c(C)cc(Cc2cc(C)c(C)cc2C)cc1Br,COc1c(C)cc(Cc2cc(C)c(C)cc2C)cc1Br,random,41.0,1.2685615949723126,True
2759,OMG,*OC(COC(=O)COCCOCCOCCOCCOCCOCC(*)=O)c1cc(C(F)(F)F)cc(C(F)(F)F)c1,COC(COC(=O)COCCOCCOCCOCCOCCOCC(C)=O)c1cc(C(F)(F)F)cc(C(F)(F)F)c1,random,78.0,7.155788006079488,True
2760,PI1M,CCCOCCOCCOC(=O)NCc1ccc(CNC(=O)OC)cc1,CCCOCCOCCOC(=O)NCc1ccc(CNC(=O)OC)cc1,coverage,54.0,2.6611061495015087,False
2761,OMG,*Nc1cc(F)cc(NC(=O)CC(CC(*)=O)c2ccc(OCc3ccccc3)cc2)c1F,CNc1cc(F)cc(NC(=O)CC(CC(C)=O)c2ccc(OCc3ccccc3)cc2)c1F,coverage,59.0,3.3768743086298603,False
2762,PI1M,CCC(CCCCCCCC)c1ccc(OC)cc1,CCCCCCCCC(CC)c1ccc(OC)cc1,coverage,49.0,2.04904001620089,False
2763,OMG,*OCC12CCC(COC(=O)C34c5ccccc5C(C(*)=O)(c5ccccc53)c3ccccc34)(CC1)CC2,COCC12CCC(COC(=O)C34c5ccccc5C(C(C)=O)(c5ccccc53)c3ccccc34)(CC1)CC2,dopt,72.0,5.769622518212583,False
2764,PI1M,C/C(=C/c1ccc(C)cc1)c1ccccc1,C/C(=C/c1ccc(C)cc1)c1ccccc1,coverage,32.0,0.6512930237899227,False
2765,PI1M,CCC(C)(C)C(=O)OCC1CCCN[SH]1c1cc(OC)ccc1-c1ccc(/N=N/c2ccc([N+](=O)[O-])cc2)cc1,CCC(C)(C)C(=O)OCC1CCCN[SH]1c1cc(OC)ccc1-c1ccc(/N=N/c2ccc([N+](=O)[O-])cc2)cc1,random,76.0,6.672852850107062,True
2766,PI1M,C/C=C/c1cc(Cl)c(C)c(Cl)c1Cl,C/C=C/c1cc(Cl)c(C)c(Cl)c1Cl,coverage,22.0,0.23770591902308572,False
2767,PI1M,CCC(C)(C)C(=O)OCCCOC(=O)c1ccc(N(C)CCC(F)(F)F)cc1,CCC(C)(C)C(=O)OCCCOC(=O)c1ccc(N(C)CCC(F)(F)F)cc1,random,56.0,2.934599081644776,True
2768,OMG,*OCC(C)(C)C(C)(C)OC(=O)c1ccccc1S(=O)CC(*)=O,COCC(C)(C)C(C)(C)OC(=O)c1ccccc1S(=O)CC(C)=O,random,50.0,2.1634770685187323,True
2769,OMG,*OC(CSc1ncccn1)C(CCl)OC(=O)c1ccc(Cl)c2c(Cl)ccc(C(*)=O)c12,COC(CSc1ncccn1)C(CCl)OC(=O)c1ccc(Cl)c2c(Cl)ccc(C(C)=O)c12,coverage,51.0,2.2818482460254073,False
2770,OMG,*Nc1ccc(C#N)c(C(=O)O)c1NC(=O)CC(COc1ccccc1)CC(*)=O,CNc1ccc(C#N)c(C(=O)O)c1NC(=O)CC(COc1ccccc1)CC(C)=O,random,53.0,2.5306091492877196,True
2771,omics,*c1nc2ccc(-c3ccc4nc(-c5ccc6ccccc6c5)c(-c5ccc(-c6nnn(*)n6)cc5)nc4c3)cc2nc1-c1ccc2ccccc2c1,Cc1nc2ccc(-c3ccc4nc(-c5ccc6ccccc6c5)c(-c5ccc(-c6nnn(C)n6)cc5)nc4c3)cc2nc1-c1ccc2ccccc2c1,dopt,83.0,8.457520383218988,False
2772,PI1M,CCC(C)C(=O)Oc1ccc(/N=N/c2ccc(OCC)cc2)cc1,CCOc1ccc(/N=N/c2ccc(OC(=O)C(C)CC)cc2)cc1,coverage,46.0,1.7287872538090088,False
2773,PI1M,CCCOC(=O)OCCCN(CCOC(=O)Nc1ccccc1)NC(=O)CCCCCCCCC(=O)NCC(=O)OC,CCCOC(=O)OCCCN(CCOC(=O)Nc1ccccc1)NC(=O)CCCCCCCCC(=O)NCC(=O)OC,random,88.0,9.898773174753035,True
2774,omics,*N=P(N=P(N=S(*)(=O)NC)(NCC=C)Nc1ccccc1)(NC)NCCC,C=CCNP(=NP(=NC)(NC)NCCC)(N=S(C)(=O)NC)Nc1ccccc1,coverage,62.0,3.858838735716932,False
2775,OMG,*OCC12CCCC(COC(=O)C34CC(C(*)=O)(CO3)C4)(CC1)CC2,COCC12CCCC(COC(=O)C34CC(C(C)=O)(CO3)C4)(CC1)CC2,dopt,55.0,2.7957518399460364,False
2776,PI1M,CCCNP(=O)(/N=N/c1ccc(N=C)cc1)c1ccc(/N=N/c2ccc(C#N)cc2)cc1,C=Nc1ccc(/N=N/P(=O)(NCCC)c2ccc(/N=N/c3ccc(C#N)cc3)cc2)cc1,dopt,54.0,2.6611061495015087,False
2777,PI1M,COC(=O)C(=O)Oc1ccc(OC(=O)c2ccc(C3(C)OC(=O)c4ccccc43)cc2)cc1,COC(=O)C(=O)Oc1ccc(OC(=O)c2ccc(C3(C)OC(=O)c4ccccc43)cc2)cc1,coverage,51.0,2.2818482460254073,False
2778,PI1M,CCCCCCCCCOC(=O)N1CCN(C)C1,CCCCCCCCCOC(=O)N1CCN(C)C1,coverage,46.0,1.7287872538090088,False
2779,OMG,*Nc1cc(C(=O)CCl)cc(NC(=O)CC(COc2ccccc2)CC(*)=O)c1O,CNc1cc(C(=O)CCl)cc(NC(=O)CC(COc2ccccc2)CC(C)=O)c1O,random,55.0,2.7957518399460364,True
2780,OMG,*OCN1c2nonc2N(COC(=O)C23c4ccccc4C(C(*)=O)(c4ccccc42)c2ccccc23)c2nonc21,COCN1c2nonc2N(COC(=O)C23c4ccccc4C(C(C)=O)(c4ccccc42)c2ccccc23)c2nonc21,dopt,64.0,4.202881203832011,False
2781,OMG,*OCC(OC(=O)C1CCC(C(*)=O)O1)c1ccccc1OC,COCC(OC(=O)C1CCC(C(C)=O)O1)c1ccccc1OC,coverage,45.0,1.629538578803666,False
2782,PI1M,CNc1cccc(CCCC(C)=O)c1,CNc1cccc(CCCC(C)=O)c1,coverage,31.0,0.597979011686388,False
2783,PI1M,C/C=C(/C)CCCCCCCCCCCCCCCCCCCCCCCCC(=O)OCc1ccccc1,C/C=C(/C)CCCCCCCCCCCCCCCCCCCCCCCCC(=O)OCc1ccccc1,coverage,100.0,13.96120758869343,False
2784,PI1M,CCC(OF)C(Cl)C(C)S(=O)(=O)C(F)(F)F,CCC(OF)C(Cl)C(C)S(=O)(=O)C(F)(F)F,dopt,27.0,0.41237422298650106,False
2785,PI1M,Cc1ccc(C(=O)N(C)c2ccc(C)cc2)cc1,Cc1ccc(C(=O)N(C)c2ccc(C)cc2)cc1,coverage,35.0,0.828831072009792,False
2786,PI1M,CCCOCCOC(=O)NCCSCCCCCCNC(=O)OC,CCCOCCOC(=O)NCCSCCCCCCNC(=O)OC,coverage,56.0,2.934599081644776,False
2787,PolyInfo,*c1ccc(*)c(C(=O)c2ccccc2)c1,Cc1ccc(C)c(C(=O)c2ccccc2)c1,coverage,30.0,0.5474937425136082,False
2788,PI1M,CNc1ccccc1Cc1ccc(C(C)(C)c2ccc(C(C)=O)cc2)cc1,CNc1ccccc1Cc1ccc(C(C)(C)c2ccc(C(C)=O)cc2)cc1,coverage,54.0,2.6611061495015087,False
2789,OMG,*Oc1cc(Cl)c(OC(=O)C2CCC(C(*)=O)CO2)cc1Cl,COc1cc(Cl)c(OC(=O)C2CCC(C(C)=O)CO2)cc1Cl,coverage,38.0,1.0340483823546922,False
2790,OMG,*Oc1cc(F)c(OC(=O)C2CC(C)C(C)CC2C(*)=O)cc1F,COc1cc(F)c(OC(=O)C2CC(C)C(C)CC2C(C)=O)cc1F,coverage,46.0,1.7287872538090088,False
2791,PI1M,Cc1cc(CCCCCCCCCCCCC)c(C)cc1CCCCC,CCCCCCCCCCCCCc1cc(C)c(CCCCC)cc1C,coverage,72.0,5.769622518212583,False
2792,OMG,*Nc1c(NC(=O)CSc2nc3ccccc3nc2SCC(*)=O)c(=O)c1=O,CNc1c(NC(=O)CSc2nc3ccccc3nc2SCC(C)=O)c(=O)c1=O,dopt,44.0,1.5339481655863532,False
2793,omics,*OCCCOC(=O)CC(=O)O*,COCCCOC(=O)CC(=O)OC,random,27.0,0.41237422298650106,True
2794,PI1M,CCC(C)OC(=O)C(C)[SH](Oc1ccc(F)cc1)Oc1ccc(/N=N/c2ccc([N+](=O)[O-])cc2)cc1,CCC(C)OC(=O)C(C)[SH](Oc1ccc(F)cc1)Oc1ccc(/N=N/c2ccc([N+](=O)[O-])cc2)cc1,dopt,62.0,3.858838735716932,False
2795,OMG,*OCCCCC(OC(=O)c1ccc(CSCC(*)=O)cc1)c1ccc(OC)cc1,COCCCCC(OC(=O)c1ccc(CSCC(C)=O)cc1)c1ccc(OC)cc1,random,60.0,3.533050524994261,True
2796,PI1M,CCC(C)C(C)C(=O)OC(C)C,CCC(C)C(C)C(=O)OC(C)C,coverage,32.0,0.6512930237899227,False
2797,PI1M,C/C=C/c1ccc(/C=N/c2ccccc2S#N)cc1C,C/C=C/c1ccc(/C=N/c2ccccc2S#N)cc1C,feature,36.0,0.8940806826961882,False
2798,PI1M,CCC(C)(C)COC(=O)c1ccccc1C,CCC(C)(C)COC(=O)c1ccccc1C,coverage,36.0,0.8940806826961882,False
2799,PI1M,CCC1CCC(COC(=O)NCCCCCCCNC(=O)OC)C1,CCC1CCC(COC(=O)NCCCCCCCNC(=O)OC)C1,coverage,58.0,3.2251081841016833,False
2800,PI1M,CCCCCCCCCCCOC(=O)c1ccc(N(C)CCCCCC)cc1,CCCCCCCCCCCOC(=O)c1ccc(N(C)CCCCCC)cc1,random,71.0,5.556584750444072,True
2801,PI1M,CCC(COc1ccc(OC)cc1)C(=O)OC,CCC(COc1ccc(OC)cc1)C(=O)OC,coverage,35.0,0.828831072009792,False
2802,PI1M,CCC(C)[PH](Cl)=C(C)C#N,CCC(C)[PH](Cl)=C(C)C#N,feature,23.0,0.2678988587629254,False
2803,PI1M,CO[Si](C)(C)Cc1ccc(Br)cc1,CO[Si](C)(C)Cc1ccc(Br)cc1,coverage,28.0,0.4547556347186134,False
2804,PI1M,COc1ccc([Si](C)(C)c2cc(O)c(OC(=O)OCC(C)COC(C)(C)C)c(OP)c2)cc1,COc1ccc([Si](C)(C)c2cc(O)c(OC(=O)OCC(C)COC(C)(C)C)c(OP)c2)cc1,dopt,68.0,4.947342301951497,False
2805,omics,*N=P(N=P(N=S(*)(=O)NCC=C)(NC)NCC)(NCC=C)NCC=C,C=CCNP(N=P(N=S(C)(=O)NCC=C)(NC)NCC)(=NC)NCC=C,dopt,60.0,3.533050524994261,False
2806,OMG,*Oc1cc(OC(=O)c2c(C(*)=O)n[nH]c2C)ccc1C=Nc1cccc(C)c1,COc1cc(OC(=O)c2c(C(C)=O)n[nH]c2C)ccc1C=Nc1cccc(C)c1,coverage,50.0,2.1634770685187323,False
2807,OMG,*OC1C(OC(=O)c2cc(OC)cc(C(*)=O)n2)C(CCl)OC1n1ccc(=O)[nH]c1=O,COc1cc(C(C)=O)nc(C(=O)OC2C(CCl)OC(n3ccc(=O)[nH]c3=O)C2OC)c1,random,51.0,2.2818482460254073,True
2808,OMG,*OCc1c(Br)c(Br)c(COC(=O)C(CCc2ccccc2Br)C(*)=O)c(Br)c1Br,COCc1c(Br)c(Br)c(COC(=O)C(CCc2ccccc2Br)C(C)=O)c(Br)c1Br,dopt,49.0,2.04904001620089,False
2809,OMG,*Oc1ccc(OC(=O)C(CCC(*)=O)NC(=O)CBr)c(C)c1C,COc1ccc(OC(=O)C(CCC(C)=O)NC(=O)CBr)c(C)c1C,coverage,46.0,1.7287872538090088,False
2810,PI1M,CCCCCCCC(=O)NCc1ccc(CNC(=O)CCCCCCC)cc1,CCCCCCCC(=O)NCc1ccc(CNC(=O)CCCCCCC)cc1,coverage,68.0,4.947342301951497,False
2811,PI1M,CC=P(F)(F)C(F)(F)C(F)(F)O[Si](C)(C)C,CC=P(F)(F)C(F)(F)C(F)(F)O[Si](C)(C)C,feature,29.0,0.49977393112088747,False
2812,OMG,*Nc1ccc(C(C)(C)c2ccc(C(C)(C)c3ccc(NC(=O)c4cc(C#N)cc(C(*)=O)c4)cc3)cc2)cc1,CNc1ccc(C(C)(C)c2ccc(C(C)(C)c3ccc(NC(=O)c4cc(C#N)cc(C(C)=O)c4)cc3)cc2)cc1,coverage,75.0,6.439287015998562,False
2813,PI1M,CNc1cccc(NC(=O)CCCCCCCCCCC(=O)Nc2cccc(C(C)=O)c2)c1,CNc1cccc(NC(=O)CCCCCCCCCCC(=O)Nc2cccc(C(C)=O)c2)c1,random,70.0,5.348558032191515,True
2814,PI1M,COc1ccc(CC(CC)c2ccc(OC(=O)c3ccc(C(=O)OCCOP(=O)(c4cccc(C(C)=O)c4)C(F)(F)F)cc3)cc2)cc1,CCC(Cc1ccc(OC)cc1)c1ccc(OC(=O)c2ccc(C(=O)OCCOP(=O)(c3cccc(C(C)=O)c3)C(F)(F)F)cc2)cc1,random,82.0,8.18619805320074,True
2815,OMG,*NNC(=S)NC(=O)C(=O)NC(C)C(*)=O,CNNC(=S)NC(=O)C(=O)NC(C)C(C)=O,coverage,30.0,0.5474937425136082,False
2816,OMG,*OCC(CC)C(CCC)OC(=O)c1cc(C(*)=O)ccc1S,CCCC(OC(=O)c1cc(C(C)=O)ccc1S)C(CC)COC,random,49.0,2.04904001620089,True
2817,PI1M,COc1ccc(/C(C)=N/N=C/c2ccc(C(=O)c3ccc(C)cc3)cc2)cc1,COc1ccc(/C(C)=N/N=C/c2ccc(C(=O)c3ccc(C)cc3)cc2)cc1,coverage,50.0,2.1634770685187323,False
2818,PI1M,CC(=O)NCCCOCCN(C)CCCC,CCCCN(C)CCOCCCNC(C)=O,coverage,42.0,1.3535165667832443,False
2819,PI1M,CN=P(C)(OC(C)(O)S[Si](C)(C)O[Si](C)(C)OCC(C)CCC(F)(F)F)C(F)(OCC(F)(F)C(F)(F)C(F)(F)C(F)(F)C(F)(F)C(F)(F)C(F)(F)F)C(F)(F)F,CN=P(C)(OC(C)(O)S[Si](C)(C)O[Si](C)(C)OCC(C)CCC(F)(F)F)C(F)(OCC(F)(F)C(F)(F)C(F)(F)C(F)(F)C(F)(F)C(F)(F)C(F)(F)F)C(F)(F)F,dopt,90.0,10.515630927412102,False
2820,PI1M,C/N=c1/c(=O)c2cc(S(=O)(=O)c3ccc(NC(=O)c4ccc(C(C)=O)cc4)cc3)ccc12,C/N=c1/c(=O)c2cc(S(=O)(=O)c3ccc(NC(=O)c4ccc(C(C)=O)cc4)cc3)ccc12,dopt,50.0,2.1634770685187323,False
2821,OMG,*OC1CC(OC(=O)C(CC(*)=O)OC)C1,COC1CC(OC(=O)C(CC(C)=O)OC)C1,coverage,34.0,0.7666572932453927,False
2822,PI1M,CNNC(=O)CCCCCCCCC(=O)NNC(=O)c1cccc(C(=O)NNC(=O)CCCCCOC(=O)c2ccc(C(=O)OC(C)(CCC(C)=O)CSC(=O)OC)cc2)c1,CNNC(=O)CCCCCCCCC(=O)NNC(=O)c1cccc(C(=O)NNC(=O)CCCCCOC(=O)c2ccc(C(=O)OC(C)(CCC(C)=O)CSC(=O)OC)cc2)c1,dopt,119.0,22.291757543179525,False
2823,PolyInfo,*c1nnc(C2CC2*)o1,Cc1nnc(C2CC2C)o1,feature,20.0,0.1839474081746623,False
2824,PI1M,C/C=C/c1ccc(/C=C/C(=C)CCc2ccccc2)cc1,C=C(/C=C/c1ccc(/C=C/C)cc1)CCc1ccccc1,coverage,43.0,1.4419597242422257,False
2825,PI1M,CCCCC(C)CCOC(=O)c1ccc(C(=O)NC)c(Oc2ccccc2)c1,CCCCC(C)CCOC(=O)c1ccc(C(=O)NC)c(Oc2ccccc2)c1,coverage,57.0,3.0777004384750812,False
2826,PI1M,CCCCCCCCCCCCCCCCCCNC(=O)Nc1ccc(Cc2ccc(NC(C)=O)cc2)cc1,CCCCCCCCCCCCCCCCCCNC(=O)Nc1ccc(Cc2ccc(NC(C)=O)cc2)cc1,coverage,92.0,11.156095933866299,False
2827,PI1M,CC1=C(C#N)C(=C)CCCCCC1,C=C1CCCCCCC(C)=C1C#N,feature,30.0,0.5474937425136082,False
2828,PI1M,CN=P(C)(Oc1ccccc1)[PH](C)(C)C,CN=P(C)(Oc1ccccc1)[PH](C)(C)C,dopt,36.0,0.8940806826961882,False
2829,OMG,*Oc1ccc(OC(=O)C2=C(C(*)=O)CC(C)=C(C)C2)c(F)c1F,COc1ccc(OC(=O)C2=C(C(C)=O)CC(C)=C(C)C2)c(F)c1F,coverage,42.0,1.3535165667832443,False
2830,OMG,*OCC(OC(=O)C1CC1C(*)=O)C1OC2OC(C)(C)OC2C1OCc1ccccc1,COCC(OC(=O)C1CC1C(C)=O)C1OC2OC(C)(C)OC2C1OCc1ccccc1,coverage,61.0,3.6936882750981668,False
2831,PI1M,CNS(C)(=N)=O,CNS(C)(=N)=O,feature,14.0,0.07047050774391327,False
2832,OMG,*OC(CC(C)OC(=O)C(OC(C)=O)C(OC(C)=O)C(*)=O)C(C)C,COC(CC(C)OC(=O)C(OC(C)=O)C(OC(C)=O)C(C)=O)C(C)C,random,53.0,2.5306091492877196,True
2833,PI1M,CCC(C)OCCCCCCCCCCCCCCCCCCC,CCCCCCCCCCCCCCCCCCCOC(C)CC,coverage,72.0,5.769622518212583,False
2834,PI1M,CCC(C)C(=O)NCC(C)CC,CCC(C)CNC(=O)C(C)CC,coverage,33.0,0.707498434008989,False
2835,PI1M,CCCCCCP(CC(=O)Nc1ccc(C)c(NC(=O)OC)c1)c1ccc(/N=N/c2ccc([N+](=O)[O-])cc2)cc1,CCCCCCP(CC(=O)Nc1ccc(C)c(NC(=O)OC)c1)c1ccc(/N=N/c2ccc([N+](=O)[O-])cc2)cc1,dopt,74.0,6.210925368545501,False
2836,PI1M,CCC(COC(=O)C(C)C)C(C)=O,CCC(COC(=O)C(C)C)C(C)=O,coverage,31.0,0.597979011686388,False
2837,PI1M,CCCCCCOc1ccc(OC(=O)c2ccccc2-c2ccc(OCCCCCCOc3ccc(OC)cc3)cc2)cc1,CCCCCCOc1ccc(OC(=O)c2ccccc2-c2ccc(OCCCCCCOc3ccc(OC)cc3)cc2)cc1,coverage,88.0,9.898773174753035,False
2838,omics,*CCC(OC(C)=O)C(CCC(C)(O)C=C)C(*)(C)C,C=CC(C)(O)CCC(C(CCC)OC(C)=O)C(C)(C)C,coverage,52.0,2.404207673904035,False
2839,omics,*c1cc(C(=O)c2ccc(C)c(N3C(=O)c4ccc(C(c5ccc6c(c5)C(=O)N(*)C6=O)(C(F)(F)F)C(F)(F)F)cc4C3=O)c2)ccc1C,Cc1ccc(C(=O)c2ccc(C)c(N3C(=O)c4ccc(C(c5ccc6c(c5)C(=O)N(C)C6=O)(C(F)(F)F)C(F)(F)F)cc4C3=O)c2)cc1C,coverage,73.0,5.987719929256527,False
2840,PI1M,CCC(C)(C)C(=O)Nc1ccc(OCCCC)cc1,CCCCOc1ccc(NC(=O)C(C)(C)CC)cc1,coverage,44.0,1.5339481655863532,False
2841,OMG,*Oc1c(Br)ccc(COC(=O)C(C)(Cc2cccc(OC)c2)C(*)=O)c1F,COc1cccc(CC(C)(C(C)=O)C(=O)OCc2ccc(Br)c(OC)c2F)c1,random,50.0,2.1634770685187323,True
2842,PI1M,COc1ccc(C)c(O)c1,COc1ccc(C)c(O)c1,coverage,20.0,0.1839474081746623,False
2843,PI1M,CCC(C)C(=O)c1ccc(OC(=O)c2ccc(F)nc2)cc1,CCC(C)C(=O)c1ccc(OC(=O)c2ccc(F)nc2)cc1,random,38.0,1.0340483823546922,True
2844,PI1M,CO[Si](C)(C)O[Si](C)(C)O[Si](C)(C)O[Si](C)(C)O[Si](C)(C)O[Si](C)(C)O[Si](C)(C)O[Si](C)(C)CC,CC[Si](C)(C)O[Si](C)(C)O[Si](C)(C)O[Si](C)(C)O[Si](C)(C)O[Si](C)(C)O[Si](C)(C)O[Si](C)(C)OC,coverage,91.0,10.832889919296674,False
2845,OMG,*NC(=S)CC(=S)NC(=O)C(C)(Cl)CSSCC(C)(Cl)C(*)=O,CNC(=S)CC(=S)NC(=O)C(C)(Cl)CSSCC(C)(Cl)C(C)=O,coverage,43.0,1.4419597242422257,False
2846,PI1M,Cc1ccc(Oc2ccc(Oc3ccc(Cc4ccc(N5C(=O)c6ccc(C)cc6C5=O)cc4)cc3)cc2)cc1,Cc1ccc(Oc2ccc(Oc3ccc(Cc4ccc(N5C(=O)c6ccc(C)cc6C5=O)cc4)cc3)cc2)cc1,coverage,67.0,4.754055023099274,False
2847,PI1M,CCCC(C(=O)OC)C(C)OC,CCCC(C(=O)OC)C(C)OC,coverage,30.0,0.5474937425136082,False
2848,OMG,*Oc1ccc(OC(=O)c2cc(Br)ccc2CC(*)=O)cc1,COc1ccc(OC(=O)c2cc(Br)ccc2CC(C)=O)cc1,coverage,37.0,0.9624665003915307,False
2849,PI1M,CN=P(C)(CCOCCOCCOCCOCCOCCOCCOCCOCCOCC(Cl)Cl)S(=O)(=O)OCC,CCOS(=O)(=O)P(C)(CCOCCOCCOCCOCCOCCOCCOCCOCCOCC(Cl)Cl)=NC,dopt,91.0,10.832889919296674,False
2850,PI1M,CCCCCCOc1ccc(/C=C/c2ccc(OC)c(OCCCC)c2)cc1OC,CCCCCCOc1ccc(/C=C/c2ccc(OC)c(OCCCC)c2)cc1OC,coverage,66.0,4.5655822516472835,False
2851,omics,*c1ccc(C(=O)c2ccc(C(=O)c3cccc(*)c3)cc2)cc1,Cc1ccc(C(=O)c2ccc(C(=O)c3cccc(C)c3)cc2)cc1,coverage,42.0,1.3535165667832443,False
2852,OMG,*Oc1cc(C=NO)ccc1OC(=O)C(CC(*)=O)c1ccccc1Cl,COc1cc(C=NO)ccc1OC(=O)C(CC(C)=O)c1ccccc1Cl,random,44.0,1.5339481655863532,True
2853,PI1M,CC(CC)C(C)C(=O)OCCCC,CCCCOC(=O)C(C)C(C)CC,coverage,35.0,0.828831072009792,False
2854,PI1M,CCC(C)[PH](F)(F)Cl,CCC(C)[PH](F)(F)Cl,feature,18.0,0.1385498383381463,False
2855,PI1M,COc1ccc(C(C)(C)c2ccc(OC(=O)c3ccc(C(C)=O)c(C)c3)cc2C)cc1C,COc1ccc(C(C)(C)c2ccc(OC(=O)c3ccc(C(C)=O)c(C)c3)cc2C)cc1C,coverage,62.0,3.858838735716932,False
2856,PI1M,Cc1cccc(C(=O)NCCNC(=O)c2cccc(S(C)(=O)=O)c2)c1,Cc1cccc(C(=O)NCCNC(=O)c2cccc(S(C)(=O)=O)c2)c1,coverage,45.0,1.629538578803666,False
2857,PI1M,CCC(C)c1ccc(C(O)COc2ccc(C(C)(C)C)cc2)cc1,CCC(C)c1ccc(C(O)COc2ccc(C(C)(C)C)cc2)cc1,random,54.0,2.6611061495015087,True
2858,PI1M,CSc1ccc(CCc2ccc(S(C)(=O)=O)cc2)cc1,CSc1ccc(CCc2ccc(S(C)(=O)=O)cc2)cc1,coverage,38.0,1.0340483823546922,False
2859,PI1M,CN=P(C)(CCCC)CCCCCCCCC,CCCCCCCCCP(C)(CCCC)=NC,coverage,51.0,2.2818482460254073,False
2860,PI1M,CCCCOC(C)=O,CCCCOC(C)=O,coverage,20.0,0.1839474081746623,False
2861,OMG,*Oc1ccc(COC(=O)C2CCC(C(*)=O)S2)cc1,COc1ccc(COC(=O)C2CCC(C(C)=O)S2)cc1,coverage,38.0,1.0340483823546922,False
2862,PI1M,CCC(C)(C)C(=O)NC(=O)C(F)(OF)C(F)(F)C(F)(F)C(F)(F)C(F)(F)C(F)(F)C(F)(F)F,CCC(C)(C)C(=O)NC(=O)C(F)(OF)C(F)(F)C(F)(F)C(F)(F)C(F)(F)C(F)(F)C(F)(F)F,feature,45.0,1.629538578803666,False
2863,PI1M,CO[Si](C)(C)O[Si](C)(C)Oc1ccc(C(C)(C)c2ccc(C#N)cc2)cc1,CO[Si](C)(C)O[Si](C)(C)Oc1ccc(C(C)(C)c2ccc(C#N)cc2)cc1,random,56.0,2.934599081644776,True
2864,PI1M,CCCCC(=O)NCCCCCCNC(=O)CCCCCOc1ccc(/N=N/c2ccc([N+](=O)[O-])cc2)cc1C,CCCCC(=O)NCCCCCCNC(=O)CCCCCOc1ccc(/N=N/c2ccc([N+](=O)[O-])cc2)cc1C,coverage,83.0,8.457520383218988,False
2865,PI1M,CCC#CC#CC#C[Si](C)(C#C[Si](C)(C)c1ccc(/C=N/c2ccc(N=C)cc2)cc1)CC#N,C=Nc1ccc(/N=C/c2ccc([Si](C)(C)C#C[Si](C)(C#CC#CC#CCC)CC#N)cc2)cc1,dopt,61.0,3.6936882750981668,False
2866,PI1M,CCCOc1ccc(CCCCCCCCc2ccc(OCCCCCCOc3ccc(/N=C/c4ccc(C)cc4)cc3)cc2)cc1,CCCOc1ccc(CCCCCCCCc2ccc(OCCCCCCOc3ccc(/N=C/c4ccc(C)cc4)cc3)cc2)cc1,coverage,102.0,14.725072667614862,False
2867,OMG,*Nc1nccc(OC)c1NC(=O)CCC(=O)NC1CCCCC1NC(=O)CCC(*)=O,CNc1nccc(OC)c1NC(=O)CCC(=O)NC1CCCCC1NC(=O)CCC(C)=O,random,65.0,4.381874289318153,True
2868,PI1M,CCC(C)S(=O)(=O)F,CCC(C)S(=O)(=O)F,feature,17.0,0.11880386870633687,False
2869,PI1M,CCCC(C)CCC(OC)OC#N,CCCC(C)CCC(OC)OC#N,random,32.0,0.6512930237899227,True
2870,PI1M,CCC(C)c1ccc(CCCCC)s1,CCCCCc1ccc(C(C)CC)s1,coverage,36.0,0.8940806826961882,False
2871,omics,*CC(*)(CC(=O)OCCCCC)C(=O)OCc1ccccc1,CCCCCOC(=O)CC(C)(CC)C(=O)OCc1ccccc1,coverage,51.0,2.2818482460254073,False
2872,OMG,*OC(C(COS(C)(=O)=O)OS(C)(=O)=O)C(OC(=O)C(C)(Cc1ccccc1OC)C(*)=O)C(COS(C)(=O)=O)OS(C)(=O)=O,COc1ccccc1CC(C)(C(C)=O)C(=O)OC(C(COS(C)(=O)=O)OS(C)(=O)=O)C(OC)C(COS(C)(=O)=O)OS(C)(=O)=O,dopt,83.0,8.457520383218988,False
2873,PI1M,CCC(C)(CCC(=O)OCC)C(=O)OCCCCCCCCCCCCCCCCCC,CCCCCCCCCCCCCCCCCCOC(=O)C(C)(CC)CCC(=O)OCC,random,86.0,9.30515942952161,True
2874,omics,*CC(*)(C)CCOC(=O)CCCCCCCCC,CCCCCCCCCC(=O)OCCC(C)(C)CC,random,53.0,2.5306091492877196,True
2875,PI1M,CO[Si](C)(C)CCCCCCC(=O)Oc1ccc(C(=O)Oc2ccc(C#N)cc2)cc1,CO[Si](C)(C)CCCCCCC(=O)Oc1ccc(C(=O)Oc2ccc(C#N)cc2)cc1,random,60.0,3.533050524994261,True
2876,PI1M,CCCCCCCNn1nc(C)s1,CCCCCCCNn1nc(C)s1,feature,32.0,0.6512930237899227,False
2877,PI1M,CCC(O)COC(=O)c1ccc(CCc2ccc(C(=O)OC)cc2)cc1,CCC(O)COC(=O)c1ccc(CCc2ccc(C(=O)OC)cc2)cc1,coverage,50.0,2.1634770685187323,False
2878,PI1M,CC(=O)C(C)c1cccc(F)c1F,CC(=O)C(C)c1cccc(F)c1F,coverage,23.0,0.2678988587629254,False
2879,PI1M,CCCCCCCCCCCCCCCN1C=CC2=CC=C(C=Cc3ccc(c(=O)c4cc(OC(=O)c5ccc6c(c5)C(=O)N(C)C6=O)ccc34)OC2=O)C1=O,CCCCCCCCCCCCCCCN1C=CC2=CC=C(C=Cc3ccc(c(=O)c4cc(OC(=O)c5ccc6c(c5)C(=O)N(C)C6=O)ccc34)OC2=O)C1=O,dopt,104.0,15.514674460906292,False
2880,PI1M,CCCOCCCCCOC(=O)OCCCCCCOc1ccc(OCCCNc2ccc(OC)cc2)c(OCCCCCCCCCCCC)c1,CCCCCCCCCCCCOc1cc(OCCCCCCOC(=O)OCCCCCOCCC)ccc1OCCCNc1ccc(OC)cc1,random,123.0,24.365073982715902,True
2881,omics,*c1ccc(-c2ccc(/C=C/c3nc4cc5sc(*)nc5cc4s3)s2)s1,Cc1ccc(-c2ccc(/C=C/c3nc4cc5sc(C)nc5cc4s3)s2)s1,dopt,40.0,1.187037287474881,False
2882,PI1M,CNc1c(Br)c(Cl)c(Cl)c(N=C)c1[N+](=O)[O-],C=Nc1c(Cl)c(Cl)c(Br)c(NC)c1[N+](=O)[O-],feature,22.0,0.23770591902308572,False
2883,PI1M,CCC(COc1ccc(C#N)cc1)OC,CCC(COc1ccc(C#N)cc1)OC,coverage,30.0,0.5474937425136082,False
2884,OMG,*Oc1c(C(=O)CCl)ccc(Br)c1OC(=O)C(CSSCC(NC(=O)OCC1c2ccccc2-c2ccccc21)C(*)=O)NC(=O)OCC1c2ccccc2-c2ccccc21,COc1c(C(=O)CCl)ccc(Br)c1OC(=O)C(CSSCC(NC(=O)OCC1c2ccccc2-c2ccccc21)C(C)=O)NC(=O)OCC1c2ccccc2-c2ccccc21,random,101.0,14.339944818418587,True
2885,OMG,*Oc1c(C)cc(COC(=O)C2CC2C(*)=O)cc1C,COc1c(C)cc(COC(=O)C2CC2C(C)=O)cc1C,coverage,40.0,1.187037287474881,False
2886,PI1M,C/N=N/c1ccc(NC(=O)c2ccc(C)cc2)cc1,C/N=N/c1ccc(NC(=O)c2ccc(C)cc2)cc1,coverage,34.0,0.7666572932453927,False
2887,OMG,*Nc1nnnn1N=CC=Nn1nnnc1NC(=O)CN(CC(*)=O)S(=O)(=O)c1ccc(OC)cc1,CNc1nnnn1N=CC=Nn1nnnc1NC(=O)CN(CC(C)=O)S(=O)(=O)c1ccc(OC)cc1,dopt,57.0,3.0777004384750812,False
2888,PI1M,CCCCCOC(=O)c1ccc(NC(=O)OCCC(O)Cn2c3cccc(C(=O)OC)cc(=O)n-3c2=O)cc1,CCCCCOC(=O)c1ccc(NC(=O)OCCC(O)Cn2c3cccc(C(=O)OC)cc(=O)n-3c2=O)cc1,dopt,70.0,5.348558032191515,False
2889,PI1M,CNc1cc(CCCCCCCCCCCCCCCCCCCC)c(Cc2cc(CC)c(C)s2)cc1CCCCCCC,CCCCCCCCCCCCCCCCCCCCc1cc(NC)c(CCCCCCC)cc1Cc1cc(CC)c(C)s1,random,117.0,21.298202540382935,True
2890,OMG,*Oc1ccc(OC(=O)C(OC)C(OC)C(*)=O)cc1,COc1ccc(OC(=O)C(OC)C(OC)C(C)=O)cc1,coverage,38.0,1.0340483823546922,False
2891,PI1M,CO[Si](C)(C)c1ccc(O)cc1C,CO[Si](C)(C)c1ccc(O)cc1C,coverage,29.0,0.49977393112088747,False
2892,PI1M,CN=P(C)(CCCCCCCC)OCCCCCCCCC,CCCCCCCCCOP(C)(CCCCCCCC)=NC,coverage,64.0,4.202881203832011,False
2893,OMG,*Nc1cccc(C(C)(C)C)c1NC(=O)C1CCCC(C(*)=O)N1,CNc1cccc(C(C)(C)C)c1NC(=O)C1CCCC(C(C)=O)N1,random,53.0,2.5306091492877196,True
2894,PI1M,CC1CCOC(C)COC1,CC1CCOC(C)COC1,feature,26.0,0.372564345698904,False
2895,OMG,*Nc1cc(SC)c(Br)cc1NC(=O)CCCCCCCCCCCCCCCCCCCCCCCCC(*)=O,CNc1cc(SC)c(Br)cc1NC(=O)CCCCCCCCCCCCCCCCCCCCCCCCC(C)=O,random,102.0,14.725072667614862,True
2896,PI1M,CCCCCCCCOc1c(C)cc(-c2cc(C)c(OC)c(C)c2)cc1Cl,CCCCCCCCOc1c(C)cc(-c2cc(C)c(OC)c(C)c2)cc1Cl,coverage,60.0,3.533050524994261,False
2897,PI1M,COP(=O)(Oc1ccc(S(=O)(=O)c2ccc(OC(C)=O)cc2C)cc1)c1ccccc1,COP(=O)(Oc1ccc(S(=O)(=O)c2ccc(OC(C)=O)cc2C)cc1)c1ccccc1,random,52.0,2.404207673904035,True
2898,omics,*c1ccc(N(*)CCCCCCCC)c(C)c1,CCCCCCCCN(C)c1ccc(C)cc1C,coverage,47.0,1.8317500939966918,False
2899,PI1M,CCCCC(F)(F)C(F)(F)C(F)(F)C(F)(F)C(=O)OC,CCCCC(F)(F)C(F)(F)C(F)(F)C(F)(F)C(=O)OC,coverage,32.0,0.6512930237899227,False
2900,PI1M,CCC(C)C(=O)OCCCCCCCCCCCCCCCCCCCSC,CCC(C)C(=O)OCCCCCCCCCCCCCCCCCCCSC,coverage,78.0,7.155788006079488,False
2901,OMG,*NP(=S)(CCC)NC(=O)c1ccc(F)c(C(*)=O)c1,CCCP(=S)(NC)NC(=O)c1ccc(F)c(C(C)=O)c1,feature,38.0,1.0340483823546922,False
2902,PI1M,CNC(=O)c1ccc(C)o1,CNC(=O)c1ccc(C)o1,coverage,19.0,0.16023971771432066,False
2903,PI1M,CCCCCNC(=O)c1cccc([Si](C)(C)C)c1,CCCCCNC(=O)c1cccc([Si](C)(C)C)c1,random,43.0,1.4419597242422257,True
2904,OMG,*Oc1cc(OC(=O)C(CSSCC(NC(=O)OCC2c3ccccc3-c3ccccc32)C(*)=O)NC(=O)OCC2c3ccccc3-c3ccccc32)ccc1C(=O)C=P(c1ccccc1)(c1ccccc1)c1ccccc1,COc1cc(OC(=O)C(CSSCC(NC(=O)OCC2c3ccccc3-c3ccccc32)C(C)=O)NC(=O)OCC2c3ccccc3-c3ccccc32)ccc1C(=O)C=P(c1ccccc1)(c1ccccc1)c1ccccc1,dopt,133.0,30.066570853046954,False
2905,PI1M,COc1ccc(CCc2cc(OCCCCC)c(-c3ccc(OC(=O)Oc4ccc(C=C)cc4)cc3)c(C(=O)OCCCCCCCC)c2)cc1,C=Cc1ccc(OC(=O)Oc2ccc(-c3c(OCCCCC)cc(CCc4ccc(OC)cc4)cc3C(=O)OCCCCCCCC)cc2)cc1,random,103.0,15.11663472847618,True
2906,OMG,*OCC(COC(=O)C(CCC(*)=O)NC=N)N(C)C,COCC(COC(=O)C(CCC(C)=O)NC=N)N(C)C,random,45.0,1.629538578803666,True
2907,PI1M,CCCCCCCNC(=O)COC,CCCCCCCNC(=O)COC,coverage,34.0,0.7666572932453927,False
2908,PI1M,CNc1c(C)cc(N(C)c2ccc(C)cc2)c(C)c1C,CNc1c(C)cc(N(C)c2ccc(C)cc2)c(C)c1C,random,44.0,1.5339481655863532,True
2909,OMG,*OCC1CN(C(=O)OCc2ccccc2)CC(COC(=O)C2CC(C(*)=O)CN(C(=O)OCc3ccccc3)C2)O1,COCC1CN(C(=O)OCc2ccccc2)CC(COC(=O)C2CC(C(C)=O)CN(C(=O)OCc3ccccc3)C2)O1,random,80.0,7.66011076664799,True
2910,PI1M,CCCOC(=O)NCCSCCCSCCCCCNC(=O)OCCOC(=O)NPC(=O)c1cccc(S(C)(=O)=O)c1,CCCOC(=O)NCCSCCCSCCCCCNC(=O)OCCOC(=O)NPC(=O)c1cccc(S(C)(=O)=O)c1,dopt,84.0,8.734423876530629,False
2911,OMG,*Oc1c(F)cc(OC(=O)C(CC(*)=O)Cc2ccccc2)cc1F,COc1c(F)cc(OC(=O)C(CC(C)=O)Cc2ccccc2)cc1F,random,43.0,1.4419597242422257,True
2912,PI1M,COc1ccc(/C(C)=N/c2ccc(C)cc2)cc1C,COc1ccc(/C(C)=N/c2ccc(C)cc2)cc1C,coverage,38.0,1.0340483823546922,False
2913,PI1M,CO[Si](C)(CC)[Si][Si](C)(C)Cc1ccccc1,CC[Si](C)(OC)[Si][Si](C)(C)Cc1ccccc1,dopt,41.0,1.2685615949723126,False
2914,omics,*/C=C/c1ccc(C2=C(C)S/C(=C3/SC(*)=C(C)S3)S2)cc1,C/C=C/c1ccc(C2=C(C)SC(=C3SC(C)=C(C)S3)S2)cc1,random,40.0,1.187037287474881,True
2915,PI1M,CCCCOc1ccc(NC(=O)c2ccc(C(=O)Nc3ccc(S(C)(=O)=O)cc3)cc2)cc1,CCCCOc1ccc(NC(=O)c2ccc(C(=O)Nc3ccc(S(C)(=O)=O)cc3)cc2)cc1,coverage,59.0,3.3768743086298603,False
2916,OMG,*OCC(COC)OC(=O)COCCOCCOCCOCCOCCOCC(*)=O,COCC(COC)OC(=O)COCCOCCOCCOCCOCCOCC(C)=O,coverage,69.0,5.145493557044269,False
2917,PI1M,CCC(C)(C)C(=O)OC(C)CCCCCCCC,CCCCCCCCC(C)OC(=O)C(C)(C)CC,coverage,50.0,2.1634770685187323,False
2918,PI1M,C/C(C)=C\C(C)C(=O)OC,COC(=O)C(C)C=C(C)C,coverage,24.0,0.30039397989449834,False
2919,PI1M,C/C=C/c1ccc(C(C)=O)cc1C,C/C=C/c1ccc(C(C)=O)cc1C,coverage,27.0,0.41237422298650106,False
2920,PI1M,COc1ccc(NC(=O)c2ccc(C(=O)c3ccc(C(C)=O)cc3)cc2)cc1C(=O)OC(C)(C)CC,CCC(C)(C)OC(=O)c1cc(NC(=O)c2ccc(C(=O)c3ccc(C(C)=O)cc3)cc2)ccc1OC,random,65.0,4.381874289318153,True
2921,PI1M,CCC(CC(C)(C)C)C(C)Oc1ccc(/C=C2/CC/C(=C\c3ccc([N+](=O)[O-])cc3)C2C)cc1OC,CCC(CC(C)(C)C)C(C)Oc1ccc(/C=C2/CC/C(=C\c3ccc([N+](=O)[O-])cc3)C2C)cc1OC,random,77.0,6.911670651446108,True
2922,PI1M,CCC(C)(C)C(=O)OCc1c(F)c(F)c(F)n1Br,CCC(C)(C)C(=O)OCc1c(F)c(F)c(F)n1Br,feature,31.0,0.597979011686388,False
2923,omics,*CC(*)(C#N)C(C)=O,CCC(C)(C#N)C(C)=O,coverage,20.0,0.1839474081746623,False
2924,OMG,*OC(CCl)c1c(Br)cccc1OC(=O)c1cccc(CSCC(*)=O)c1,COC(CCl)c1c(Br)cccc1OC(=O)c1cccc(CSCC(C)=O)c1,random,47.0,1.8317500939966918,True
2925,PI1M,CCCCCCCCC(C)c1ccc(C)cc1,CCCCCCCCC(C)c1ccc(C)cc1,random,45.0,1.629538578803666,True
2926,OMG,*Oc1cc(C=Nc2ccc(C)cc2)ccc1OC(=O)C(CC(*)=O)OC,COc1cc(C=Nc2ccc(C)cc2)ccc1OC(=O)C(CC(C)=O)OC,random,50.0,2.1634770685187323,True
2927,PI1M,COc1ccc(-c2ccc(Oc3ccc(C(=O)c4ccc(C)cc4)cc3)cc2)cc1-c1cc(C(=O)O)ccc1O,COc1ccc(-c2ccc(Oc3ccc(C(=O)c4ccc(C)cc4)cc3)cc2)cc1-c1cc(C(=O)O)ccc1O,random,66.0,4.5655822516472835,True
2928,PI1M,CNC(CC(=O)OCC)C(C)=O,CCOC(=O)CC(NC)C(C)=O,coverage,27.0,0.41237422298650106,False
2929,PI1M,COP(=O)(/N=N/c1ccc(C#N)cc1)c1ccc(C)cc1,COP(=O)(/N=N/c1ccc(C#N)cc1)c1ccc(C)cc1,coverage,35.0,0.828831072009792,False
2930,PI1M,COS(=O)(=S)CC(=O)OC(=O)CC(C)=O,COS(=O)(=S)CC(=O)OC(=O)CC(C)=O,feature,25.0,0.33525989756051233,False
2931,PI1M,CNc1cccc2c(N=C)ccc-2c1,C=Nc1ccc2cc(NC)cccc1-2,feature,26.0,0.372564345698904,False
2932,PI1M,Cc1c(O)c(Cl)c(N=C)c(Br)c1F,C=Nc1c(Cl)c(O)c(C)c(F)c1Br,feature,19.0,0.16023971771432066,False
2933,OMG,*OC(COC(=O)C(CS)NCCNC(CS)C(*)=O)c1cc(Cl)ccc1F,COC(COC(=O)C(CS)NCCNC(CS)C(C)=O)c1cc(Cl)ccc1F,random,54.0,2.6611061495015087,True
2934,PI1M,COc1ccc(NC(=O)c2ccc(C(C)=O)cc2Sc2ccccc2)cc1,COc1ccc(NC(=O)c2ccc(C(C)=O)cc2Sc2ccccc2)cc1,coverage,46.0,1.7287872538090088,False
2935,PI1M,CCCCCCCC1CC(C)C1C,CCCCCCCC1CC(C)C1C,coverage,39.0,1.1088856862834737,False
2936,PI1M,CO[Si](C)(C)O[Si](C)(C)Oc1c(Br)cc(C)cc1Br,CO[Si](C)(C)O[Si](C)(C)Oc1c(Br)cc(C)cc1Br,coverage,39.0,1.1088856862834737,False
2937,OMG,*OCCn1c(=O)n(CCCl)c(=O)n(CCOC(=O)C2(C(*)=O)CC3(CCOCC3)C2)c1=O,COCCn1c(=O)n(CCCl)c(=O)n(CCOC(=O)C2(C(C)=O)CC3(CCOCC3)C2)c1=O,random,63.0,4.0285528241783775,True
2938,PI1M,CCC(C)(Cl)C(=O)N(F)C(F)(F)F,CCC(C)(Cl)C(=O)N(F)C(F)(F)F,feature,21.0,0.2097456137295212,False
2939,PI1M,CCCNC(=O)NCCSCCCCCCCCSCCSCCCSC(=O)SC,CCCNC(=O)NCCSCCCCCCCCSCCSCCCSC(=O)SC,dopt,72.0,5.769622518212583,False
2940,PI1M,CC(=O)C(C)C(=O)NCC,CCNC(=O)C(C)C(C)=O,coverage,23.0,0.2678988587629254,False
2941,PI1M,CNc1ccc(-c2ccc(NC(=C)CCCCCC)cc2)cc1,C=C(CCCCCC)Nc1ccc(-c2ccc(NC)cc2)cc1,coverage,51.0,2.2818482460254073,False
2942,PI1M,CCC(C)(C)C(=O)NC(=O)OCC(C)C,CCC(C)(C)C(=O)NC(=O)OCC(C)C,coverage,36.0,0.8940806826961882,False
2943,PI1M,COC(=O)Oc1ccc(C(C)(C)c2ccc(C)cc2)cc1,COC(=O)Oc1ccc(C(C)(C)c2ccc(C)cc2)cc1,coverage,41.0,1.2685615949723126,False
2944,PI1M,CCC(C)OC(=O)c1ccc(OC)cc1C,CCC(C)OC(=O)c1ccc(OC)cc1C,coverage,34.0,0.7666572932453927,False
2945,OMG,*OCc1cn(C)cc1COC(=O)C(N)CC(Cl)C(*)=O,COCc1cn(C)cc1COC(=O)C(N)CC(Cl)C(C)=O,random,42.0,1.3535165667832443,True
2946,PI1M,COc1cc(C(C)=O)cc(C(C)(C)C)c1,COc1cc(C(C)=O)cc(C(C)(C)C)c1,coverage,33.0,0.707498434008989,False
2947,PI1M,CNC(CCC(=O)OCc1ccc(C(C)=O)cc1)c1ccccc1,CNC(CCC(=O)OCc1ccc(C(C)=O)cc1)c1ccccc1,coverage,47.0,1.8317500939966918,False
2948,PI1M,CCC(C)C(=O)OCCCCCCCCCCCCCCCCCCCCCCOc1ccc(Br)cc1,CCC(C)C(=O)OCCCCCCCCCCCCCCCCCCCCCCOc1ccc(Br)cc1,coverage,94.0,11.820528946214294,False
2949,OMG,*OC1C(OC(=O)c2c(C(*)=O)n[nH]c2C)NC(=S)N1c1ccccc1,COC1C(OC(=O)c2c(C(C)=O)n[nH]c2C)NC(=S)N1c1ccccc1,coverage,44.0,1.5339481655863532,False
2950,OMG,*Oc1ccc(CCc2ccc(OC(=O)CC3(CC(*)=O)CCOCC3)cc2)cc1,COc1ccc(CCc2ccc(OC(=O)CC3(CC(C)=O)CCOCC3)cc2)cc1,random,60.0,3.533050524994261,True
2951,PI1M,COc1ccc(-c2ccc(NC(=O)c3ccc(Cc4ccc(S(C)(=O)=O)cc4)cc3)c(O)c2)cc1C,COc1ccc(-c2ccc(NC(=O)c3ccc(Cc4ccc(S(C)(=O)=O)cc4)cc3)c(O)c2)cc1C,random,63.0,4.0285528241783775,True
2952,PI1M,COC(CC)OC,CCC(OC)OC,coverage,19.0,0.16023971771432066,False
2953,PI1M,CCC(C)C1=CC=S([N+](=O)[O-])C=C1C,CCC(C)C1=CC=S([N+](=O)[O-])C=C1C,feature,29.0,0.49977393112088747,False
2954,PI1M,CCCC(C)(C)CNC(=O)CCCCCCCCC(=O)NNC(=O)CCCCCCCCC(=O)NC,CCCC(C)(C)CNC(=O)CCCCCCCCC(=O)NNC(=O)CCCCCCCCC(=O)NC,coverage,90.0,10.515630927412102,False
2955,PI1M,CCCCCCCOC(=O)OCC(C)(C)COC(=O)OC,CCCCCCCOC(=O)OCC(C)(C)COC(=O)OC,coverage,49.0,2.04904001620089,False
2956,OMG,*Oc1c(C(=O)OC)oc(C(=O)OC)c1OC(=O)C(CS)NCCNC(CS)C(*)=O,COC(=O)c1oc(C(=O)OC)c(OC(=O)C(CS)NCCNC(CS)C(C)=O)c1OC,random,57.0,3.0777004384750812,True
2957,PI1M,CCCCCC(C)c1ccccc1,CCCCCC(C)c1ccccc1,coverage,33.0,0.707498434008989,False
2958,PI1M,CCCCCCCCCCCCCCCCCCCCCCCOC(=O)C1CCC(C)C1,CCCCCCCCCCCCCCCCCCCCCCCOC(=O)C1CCC(C)C1,coverage,90.0,10.515630927412102,False
2959,PI1M,COc1ccc(/C=C2\CCCC/C(=C\c3ccc(OC(C)=O)cc3)C2)cc1,COc1ccc(/C=C2\CCCC/C(=C\c3ccc(OC(C)=O)cc3)C2)cc1,coverage,53.0,2.5306091492877196,False
2960,PI1M,CCCCCCCCCCCCCCCSSCCCSCCCSC,CCCCCCCCCCCCCCCSSCCCSCCCSC,random,72.0,5.769622518212583,True
2961,PI1M,CO[Si](C)(C)O[Si](C)(C)c1ccc(C(C)=O)cc1,CO[Si](C)(C)O[Si](C)(C)c1ccc(C(C)=O)cc1,coverage,40.0,1.187037287474881,False
2962,PI1M,CCCCP(CC(=O)OC)c1ccc([N+](=O)[O-])cc1,CCCCP(CC(=O)OC)c1ccc([N+](=O)[O-])cc1,dopt,37.0,0.9624665003915307,False
2963,PI1M,CCCCOCCOCCOCCOCCOC(=O)Nc1ccc(C)c(NC(=O)OC)c1,CCCCOCCOCCOCCOCCOC(=O)Nc1ccc(C)c(NC(=O)OC)c1,coverage,68.0,4.947342301951497,False
2964,OMG,*OC(CCl)CSc1ccccc1OC(=O)C1(C(*)=O)CC2(CCOCC2)C1,COC(CCl)CSc1ccccc1OC(=O)C1(C(C)=O)CC2(CCOCC2)C1,random,55.0,2.7957518399460364,True
2965,OMG,*OC(COC(=O)CSCCCC(*)=O)c1ccccc1,COC(COC(=O)CSCCCC(C)=O)c1ccccc1,coverage,43.0,1.4419597242422257,False
2966,PI1M,CCC(CC)CC(C)CC1C(=O)NC1CC(C)NC1=PC(=O)C(Cc2cccc(/C=N/c3ccc(N=C)cc3)c2)C1=O,C=Nc1ccc(/N=C/c2cccc(CC3C(=O)P=C(NC(C)CC4NC(=O)C4CC(C)CC(CC)CC)C3=O)c2)cc1,dopt,85.0,9.016954844909401,False
2967,OMG,*Oc1ccc(C(C)(C)c2ccc(C(C)(C)c3ccc(OC(=O)c4c(OC)cccc4C(*)=O)cc3)cc2)cc1,COc1ccc(C(C)(C)c2ccc(C(C)(C)c3ccc(OC(=O)c4c(OC)cccc4C(C)=O)cc3)cc2)cc1,coverage,76.0,6.672852850107062,False
2968,OMG,*OCCCCCCCCCCCCCCCCCCCCCCOC(=O)C1=CC(C)C=C(C(*)=O)O1,COCCCCCCCCCCCCCCCCCCCCCCOC(=O)C1=CC(C)C=C(C(C)=O)O1,coverage,93.0,11.48529398776902,False
2969,PI1M,COC(=O)c1ccc(OC(=O)CCCCCCCCC(C)=O)cc1,COC(=O)c1ccc(OC(=O)CCCCCCCCC(C)=O)cc1,coverage,50.0,2.1634770685187323,False
2970,OMG,*OC(c1n[nH]c(=S)n1-c1ccccc1)C(OC(=O)c1ccc(C=Nc2ccc(N=Cc3ccc(C(*)=O)cc3)cc2)cc1)c1n[nH]c(=S)n1-c1ccccc1,COC(c1n[nH]c(=S)n1-c1ccccc1)C(OC(=O)c1ccc(C=Nc2ccc(N=Cc3ccc(C(C)=O)cc3)cc2)cc1)c1n[nH]c(=S)n1-c1ccccc1,coverage,90.0,10.515630927412102,False
2971,PI1M,C/C=C/c1ccc(C(=C)CSC)cc1,C=C(CSC)c1ccc(/C=C/C)cc1,random,30.0,0.5474937425136082,True
2972,OMG,*Oc1nc(OC(=O)C(N)C(*)=O)c(C(=O)OCC)cc1C(=O)OCC,CCOC(=O)c1cc(C(=O)OCC)c(OC(=O)C(N)C(C)=O)nc1OC,coverage,46.0,1.7287872538090088,False
2973,OMG,*OCC(F)COC(=O)C1C(c2ccc(OC)cc2)C(C(*)=O)C1c1ccc(OC)cc1,COCC(F)COC(=O)C1C(c2ccc(OC)cc2)C(C(C)=O)C1c1ccc(OC)cc1,coverage,61.0,3.6936882750981668,False
2974,PI1M,CCCN(CCOc1ccc(-c2ccc(C)cc2)cc1)c1ccccc1,CCCN(CCOc1ccc(-c2ccc(C)cc2)cc1)c1ccccc1,coverage,53.0,2.5306091492877196,False
2975,PI1M,CCCCCCCCCCCCOC(=O)C(CCCCOC(=O)Cc1ccc(C(=O)OC)cc1)OC(=O)c1ccccc1,CCCCCCCCCCCCOC(=O)C(CCCCOC(=O)Cc1ccc(C(=O)OC)cc1)OC(=O)c1ccccc1,random,91.0,10.832889919296674,True
2976,OMG,*Nc1ccc(NC(=O)CONC(=O)C(*)=O)c(Cl)c1F,CNc1ccc(NC(=O)CONC(=O)C(C)=O)c(Cl)c1F,random,34.0,0.7666572932453927,True
2977,PI1M,CCCCCCCOC(=O)SNSCCCSCCSCC(C)=O,CCCCCCCOC(=O)SNSCCCSCCSCC(C)=O,dopt,55.0,2.7957518399460364,False
2978,PI1M,CCCCCCC(=O)OCCCCCCOc1ccc(/N=N/c2ccc(OC)cc2)cc1,CCCCCCC(=O)OCCCCCCOc1ccc(/N=N/c2ccc(OC)cc2)cc1,coverage,68.0,4.947342301951497,False
2979,PI1M,CCC(C)OC(=O)c1ccc(OCCCCCCCCCC)cc1,CCCCCCCCCCOc1ccc(C(=O)OC(C)CC)cc1,coverage,58.0,3.2251081841016833,False
2980,PI1M,CCNC(=O)c1ccc(-c2ccc(C(=O)OC)cc2)cc1,CCNC(=O)c1ccc(-c2ccc(C(=O)OC)cc2)cc1,coverage,38.0,1.0340483823546922,False
2981,OMG,*OC1C(Sc2ccc(C)cc2)OC2COC(C)(C)OC2C1OC(=O)c1ccccc1Nc1c(OC)cccc1C(*)=O,COc1cccc(C(C)=O)c1Nc1ccccc1C(=O)OC1C2OC(C)(C)OCC2OC(Sc2ccc(C)cc2)C1OC,coverage,80.0,7.66011076664799,False
2982,PI1M,COC(=O)/C=C/C(C)(C)C(=O)OCCCCCCOc1ccc(/C(C)=N/c2ccc(C(C)=O)cc2)cc1,COC(=O)/C=C/C(C)(C)C(=O)OCCCCCCOc1ccc(/C(C)=N/c2ccc(C(C)=O)cc2)cc1,random,74.0,6.210925368545501,True
2983,OMG,*Oc1ccccc1OC(=O)C1NC(C(*)=O)CS1,COc1ccccc1OC(=O)C1NC(C(C)=O)CS1,coverage,34.0,0.7666572932453927,False
2984,PI1M,CCC(C)(C)C(=O)OCC(OC)c1ccccc1,CCC(C)(C)C(=O)OCC(OC)c1ccccc1,coverage,40.0,1.187037287474881,False
2985,PI1M,CCCN(CC)N(C)C(=O)CCCCCC#C,C#CCCCCCC(=O)N(C)N(CC)CCC,random,43.0,1.4419597242422257,True
2986,PI1M,CCCCCCCCCCCCC(O)COc1ccc(-c2ccc(OC)cc2)cc1,CCCCCCCCCCCCC(O)COc1ccc(-c2ccc(OC)cc2)cc1,coverage,70.0,5.348558032191515,False
2987,PI1M,Cc1ccc(NC(=O)CCCCCCCCCCCCC(=O)NNC(=O)c2ccc(C)s2)o1,Cc1ccc(NC(=O)CCCCCCCCCCCCC(=O)NNC(=O)c2ccc(C)s2)o1,coverage,70.0,5.348558032191515,False
2988,PI1M,CCC(C)(OC(F)(F)F)C(F)(F)F,CCC(C)(OC(F)(F)F)C(F)(F)F,coverage,21.0,0.2097456137295212,False
2989,PI1M,CCC(O)CN(C)C(=O)C(C)(C)C,CCC(O)CN(C)C(=O)C(C)(C)C,coverage,34.0,0.7666572932453927,False
2990,omics,*/C=C(/*)C(C)CCCCC,C/C=C(/C)C(C)CCCCC,coverage,33.0,0.707498434008989,False
2991,PI1M,CCCNC(=O)c1ccc(C)nc1,CCCNC(=O)c1ccc(C)nc1,coverage,27.0,0.41237422298650106,False
2992,PI1M,CCCC[Si](CCC)SS(=O)(=O)CS(=O)(=O)CCCCC(=O)NCCCCCNC(=O)C(C)=O,CCCC[Si](CCC)SS(=O)(=O)CS(=O)(=O)CCCCC(=O)NCCCCCNC(=O)C(C)=O,dopt,75.0,6.439287015998562,False
2993,PI1M,COc1cc(OCCCCCCCCC)ccc1C(C)=O,CCCCCCCCCOc1ccc(C(C)=O)c(OC)c1,coverage,49.0,2.04904001620089,False
2994,omics,*c1ccc(-c2cc(CCCCCC)c(*)s2)cc1,CCCCCCc1cc(-c2ccc(C)cc2)sc1C,coverage,43.0,1.4419597242422257,False
2995,omics,*c1ccc(N2C(=O)c3ccc(OCOc4ccc5c(c4)C(=O)N(*)C5=O)cc3C2=O)cc1,Cc1ccc(N2C(=O)c3ccc(OCOc4ccc5c(c4)C(=O)N(C)C5=O)cc3C2=O)cc1,coverage,51.0,2.2818482460254073,False
2996,PI1M,CCC(C)C(=O)OC1CC1,CCC(C)C(=O)OC1CC1,coverage,24.0,0.30039397989449834,False
2997,PI1M,CCC(=O)OCCOC(=O)C(C)C(=O)OC,CCC(=O)OCCOC(=O)C(C)C(=O)OC,random,32.0,0.6512930237899227,True
2998,OMG,*NC(=NC(OC(=O)C(F)(F)F)C(Cl)(Cl)Cl)c1ccc(C(=NC(OC(=O)C(F)(F)F)C(Cl)(Cl)Cl)NC(=O)C2(C(*)=O)CC3(CC(=O)C3)C2)cc1,CNC(=NC(OC(=O)C(F)(F)F)C(Cl)(Cl)Cl)c1ccc(C(=NC(OC(=O)C(F)(F)F)C(Cl)(Cl)Cl)NC(=O)C2(C(C)=O)CC3(CC(=O)C3)C2)cc1,dopt,72.0,5.769622518212583,False
2999,PI1M,Cc1ccc([Si](C)(C)O[Si](C)(C)[Si](C)(C)S[Si](C)(C)C)cc1,Cc1ccc([Si](C)(C)O[Si](C)(C)[Si](C)(C)S[Si](C)(C)C)cc1,dopt,56.0,2.934599081644776,False
3000,PI1M,COCCOc1ccccc1C(=O)SOC(=O)CCCCCCC(C)=O,COCCOc1ccccc1C(=O)SOC(=O)CCCCCCC(C)=O,random,52.0,2.404207673904035,True
3001,PI1M,COc1ccc(OC(=O)c2ccc(OCCCCCCCCOc3ccc(C(C)=O)cc3)cc2)cc1-c1ccccc1,COc1ccc(OC(=O)c2ccc(OCCCCCCCCOc3ccc(C(C)=O)cc3)cc2)cc1-c1ccccc1,coverage,80.0,7.66011076664799,False
3002,PolyInfo,*CCCCCCOc1ccc(C(C)(C)c2ccc(O*)cc2)cc1,CCCCCCCOc1ccc(C(C)(C)c2ccc(OC)cc2)cc1,coverage,57.0,3.0777004384750812,False
3003,PI1M,CCc1cc(C)c(C#N)c(C)c1C,CCc1cc(C)c(C#N)c(C)c1C,coverage,28.0,0.4547556347186134,False
3004,PI1M,CO[Si](C)(Br)Cc1ccc(C)cc1,CO[Si](C)(Br)Cc1ccc(C)cc1,feature,28.0,0.4547556347186134,False
3005,PI1M,Cc1ccc(/C(C)=C/c2ccc(S#N)cc2)cc1C,C/C(=C\c1ccc(S#N)cc1)c1ccc(C)c(C)c1,feature,36.0,0.8940806826961882,False
3006,PI1M,COc1ccc(OC(=O)c2ccc(OC(=O)c3ccc(C(C)=O)cc3)cc2)cc1OCCCCCCCCC,CCCCCCCCCOc1cc(OC(=O)c2ccc(OC(=O)c3ccc(C(C)=O)cc3)cc2)ccc1OC,coverage,75.0,6.439287015998562,False
3007,PolyInfo,*C(=C(C#N)C#N)c1cccc(C(=C(C#N)C#N)N2CCN(*)CC2)c1,CC(=C(C#N)C#N)c1cccc(C(=C(C#N)C#N)N2CCN(C)CC2)c1,dopt,44.0,1.5339481655863532,False
3008,OMG,*OCc1cc(C)cc(COC(=O)C(CC(*)=O)NC(C)(C)C)c1OS(=O)(=O)c1ccc(C)cc1,COCc1cc(C)cc(COC(=O)C(CC(C)=O)NC(C)(C)C)c1OS(=O)(=O)c1ccc(C)cc1,coverage,70.0,5.348558032191515,False
3009,PI1M,CCC(C)(C)C(=O)OC(=O)c1ccc(Br)cc1,CCC(C)(C)C(=O)OC(=O)c1ccc(Br)cc1,coverage,32.0,0.6512930237899227,False
3010,PI1M,Cc1cc(OCCOI)c(C)cc1CCCCC(C)C,Cc1cc(OCCOI)c(C)cc1CCCCC(C)C,dopt,47.0,1.8317500939966918,False
3011,OMG,*Nc1cc(Cl)c(NC(=O)C(C(C(*)=O)N(Cc2ccccc2)C(=O)OCC)N(Cc2ccccc2)C(=O)OCC)c(C(=O)O)c1,CCOC(=O)N(Cc1ccccc1)C(C(C)=O)C(C(=O)Nc1c(Cl)cc(NC)cc1C(=O)O)N(Cc1ccccc1)C(=O)OCC,random,83.0,8.457520383218988,True
3012,PI1M,Cc1cc([Si](C)(Br)[Si](C)(C)C)c(Cl)c(C)c1C(F)(F)F,Cc1cc([Si](C)(Br)[Si](C)(C)C)c(Cl)c(C)c1C(F)(F)F,feature,39.0,1.1088856862834737,False
3013,PI1M,CCC(C)[Si](C)(C)Br,CCC(C)[Si](C)(C)Br,feature,23.0,0.2678988587629254,False
3014,omics,*C#CC(C#N)=C*,CC#CC(C#N)=CC,feature,15.0,0.08484152603281661,False
3015,omics,*CCCCCCCCOc1ccc(C(C)(C)c2ccc(OC(=O)Sc3ccc(O*)cc3)cc2)cc1,CCCCCCCCCOc1ccc(C(C)(C)c2ccc(OC(=O)Sc3ccc(OC)cc3)cc2)cc1,random,77.0,6.911670651446108,True
3016,PI1M,CC(=O)Nc1ccccc1C(=O)Oc1ccc(C(C)(C)c2ccc(C(C)=O)cc2)cc1,CC(=O)Nc1ccccc1C(=O)Oc1ccc(C(C)(C)c2ccc(C(C)=O)cc2)cc1,random,56.0,2.934599081644776,True
3017,PI1M,COc1ccc(C(C)(C)c2ccc(Oc3ccc(C(C)=O)cc3C(F)(F)F)cc2)cc1,COc1ccc(C(C)(C)c2ccc(Oc3ccc(C(C)=O)cc3C(F)(F)F)cc2)cc1,coverage,54.0,2.6611061495015087,False
3018,PI1M,C/C=C(/C)c1ccc(/C=C/c2ccc(C#Cc3ccc([N+](=O)[O-])cc3)cc2)cc1,C/C=C(/C)c1ccc(/C=C/c2ccc(C#Cc3ccc([N+](=O)[O-])cc3)cc2)cc1,coverage,50.0,2.1634770685187323,False
3019,omics,*/[PH2]=N/c1ccc(*)cc1,C/[PH2]=N/c1ccc(C)cc1,dopt,22.0,0.23770591902308572,False
3020,PI1M,CC(=O)OCCN(C)CCC,CCCN(C)CCOC(C)=O,coverage,28.0,0.4547556347186134,False
3021,PI1M,CNc1ccc(NC(=O)c2ccc(-c3ccc(C(C)=O)c([N+](=O)[O-])c3)cc2)cc1,CNc1ccc(NC(=O)c2ccc(-c3ccc(C(C)=O)c([N+](=O)[O-])c3)cc2)cc1,random,48.0,1.9384826272146733,True
3022,PI1M,CCC(F)(F)C(F)(F)C(F)(F)C(F)(F)C(C)(F)C(F)(F)C(F)(F)C(F)(F)F,CCC(F)(F)C(F)(F)C(F)(F)C(F)(F)C(C)(F)C(F)(F)C(F)(F)C(F)(F)F,coverage,35.0,0.828831072009792,False
3023,PI1M,Cc1ccc(/C=C/c2ccc(N=C)c(OC)c2)cc1,C=Nc1ccc(/C=C/c2ccc(C)cc2)cc1OC,coverage,36.0,0.8940806826961882,False
3024,PI1M,COc1ccc(C(OC(=O)Cc2ccc(OC(=O)COCCCCCCOC(C)=O)cc2)C(=O)OCCCCCC)cc1,CCCCCCOC(=O)C(OC(=O)Cc1ccc(OC(=O)COCCCCCCOC(C)=O)cc1)c1ccc(OC)cc1,random,87.0,9.599083603550964,True
3025,omics,*c1ccc(Oc2ccc(-c3cnc4ccc(-c5ccc6nc(-c7ccc(Oc8ccc(*)cc8)cc7)c(-c7ccccc7)nc6c5)cc4n3)cc2)cc1,Cc1ccc(Oc2ccc(-c3cnc4ccc(-c5ccc6nc(-c7ccc(Oc8ccc(C)cc8)cc7)c(-c7ccccc7)nc6c5)cc4n3)cc2)cc1,coverage,88.0,9.898773174753035,False
3026,PI1M,CP(F)(=C=C)C(=O)N(CC)c1ccccc1,C=C=P(C)(F)C(=O)N(CC)c1ccccc1,feature,31.0,0.597979011686388,False
3027,omics,*NC(=O)CC(=O)NCCC(*)=O,CNC(=O)CC(=O)NCCC(C)=O,coverage,27.0,0.41237422298650106,False
3028,PI1M,CNc1ccc(NC(=O)c2cc(C(=O)Nc3ccc(C)cc3)cc(C(C)(C)C)c2)cc1C(C)C,CNc1ccc(NC(=O)c2cc(C(=O)Nc3ccc(C)cc3)cc(C(C)(C)C)c2)cc1C(C)C,random,69.0,5.145493557044269,True
3029,omics,*N=P(N=P(N=S(*)(=O)NCC)(NCCCC)NCCCCCCC)(NCC)NCCCCCC,CCCCCCCNP(=NP(=NC)(NCC)NCCCCCC)(N=S(C)(=O)NCC)NCCCC,dopt,93.0,11.48529398776902,False
3030,OMG,*OCCOCCOCCOCCOCCOCCOCCOCCOCCOCCOCCOCCOCCOCCOCCOCCOC(=O)CCC1(CCC(*)=O)N=N1,COCCOCCOCCOCCOCCOCCOCCOCCOCCOCCOCCOCCOCCOCCOCCOCCOC(=O)CCC1(CCC(C)=O)N=N1,coverage,140.0,34.514962083108784,False
3031,PI1M,CCCN(CCOC(=O)NCCCCCCOC(=O)NCCCCCCCCNC(=O)OC)c1ccc(/N=N/c2ccc(/N=N/c3ccc([N+](=O)[O-])cc3)cc2)cc1,CCCN(CCOC(=O)NCCCCCCOC(=O)NCCCCCCCCNC(=O)OC)c1ccc(/N=N/c2ccc(/N=N/c3ccc([N+](=O)[O-])cc3)cc2)cc1,dopt,115.0,20.332939817297486,False
3032,OMG,*NC(=S)Nc1cc(C)c(NC(=S)NC(=O)c2ccccc2C(=O)Nc2cccc3c(NC(=O)c4ccccc4C(*)=O)cccc23)cc1C,CNC(=S)Nc1cc(C)c(NC(=S)NC(=O)c2ccccc2C(=O)Nc2cccc3c(NC(=O)c4ccccc4C(C)=O)cccc23)cc1C,dopt,84.0,8.734423876530629,False
3033,OMG,*OCCN(CCOC(=O)C12CCCC(C(*)=O)(C1)C2)c1ccc(OC)cc1,COCCN(CCOC(=O)C12CCCC(C(C)=O)(C1)C2)c1ccc(OC)cc1,random,59.0,3.3768743086298603,True
3034,PI1M,CCCCCCCCCCCCCCCCCCCCCOc1ccc(OC(=O)c2ccc(C(=O)OCC(OC(C)C)C(=O)OOC(=O)c3ccc(C)o3)cc2)cc1,CCCCCCCCCCCCCCCCCCCCCOc1ccc(OC(=O)c2ccc(C(=O)OCC(OC(C)C)C(=O)OOC(=O)c3ccc(C)o3)cc2)cc1,dopt,124.0,24.90160373066553,False
3035,PI1M,CN=P(C)(Oc1ccc(Cl)cc1)[Si](F)(F)F,CN=P(C)(Oc1ccc(Cl)cc1)[Si](F)(F)F,feature,26.0,0.372564345698904,False
3036,OMG,*OC12C3C4C1C1C2C3C41COC(=O)CCOCCOCCOCCOCCOCCOCCC(*)=O,COC12C3C4C1C1C2C3C41COC(=O)CCOCCOCCOCCOCCOCCOCCC(C)=O,dopt,79.0,7.405252308862643,False
3037,OMG,*NNS(=O)(=O)c1cccc(S(=O)(=O)c2cccc(S(=O)(=O)NNC(=O)C(=O)NC(C)C(*)=O)c2)c1,CNNS(=O)(=O)c1cccc(S(=O)(=O)c2cccc(S(=O)(=O)NNC(=O)C(=O)NC(C)C(C)=O)c2)c1,dopt,59.0,3.3768743086298603,False
3038,omics,*N=S(*)(N)=O,CN=S(C)(N)=O,feature,14.0,0.07047050774391327,False
3039,OMG,*Oc1cccc(OC(=O)C(C)(Cc2ccc(OC)cc2)C(*)=O)c1Br,COc1ccc(CC(C)(C(C)=O)C(=O)Oc2cccc(OC)c2Br)cc1,coverage,47.0,1.8317500939966918,False
3040,OMG,*OC(C)(C)P1(=O)OCC2(CO1)COP(=O)(C(C)(C)OC(=O)COc1ccc(OCC(*)=O)cc1Br)OC2,COC(C)(C)P1(=O)OCC2(CO1)COP(=O)(C(C)(C)OC(=O)COc1ccc(OCC(C)=O)cc1Br)OC2,dopt,71.0,5.556584750444072,False
3041,omics,*c1nc(NCCCCCCCCCN(c2ccccc2)c2nc(*)nc(C)n2)nc(-c2ccccc2)n1,Cc1nc(NCCCCCCCCCN(c2ccccc2)c2nc(C)nc(C)n2)nc(-c2ccccc2)n1,dopt,76.0,6.672852850107062,False
3042,PI1M,CCC(COC(=O)NCc1ccc(CNC(=O)OC)cc1)COc1ccccc1,CCC(COC(=O)NCc1ccc(CNC(=O)OC)cc1)COc1ccccc1,coverage,57.0,3.0777004384750812,False
3043,PI1M,Cc1cc(Br)c(C)n1Br,Cc1cc(Br)c(C)n1Br,feature,16.0,0.1009266220636141,False
3044,PI1M,CCCOC(=O)Nc1ccc(Cc2cccc(NC(=O)OC)c2)cc1,CCCOC(=O)Nc1ccc(Cc2cccc(NC(=O)OC)c2)cc1,coverage,47.0,1.8317500939966918,False
3045,PI1M,COc1ccc(Sc2ccc(OC(=O)c3ccc(C(C)=O)cc3-c3ccccc3)cc2)cc1,COc1ccc(Sc2ccc(OC(=O)c3ccc(C(C)=O)cc3-c3ccccc3)cc2)cc1,random,55.0,2.7957518399460364,True
3046,omics,*c1ccc2nc3[nH]c4cc5oc6nc7ccc(*)cc7nc6[nH]c5cc4[nH]c3nc2c1,Cc1ccc2nc3[nH]c4cc5oc6nc7ccc(C)cc7nc6[nH]c5cc4[nH]c3nc2c1,dopt,49.0,2.04904001620089,False
3047,PolyInfo,*/C=C/c1cc(CCCCCCC)c(/C=C/c2ccc(*)cc2)cc1CCCCCCC,C/C=C/c1cc(CCCCCCC)c(/C=C/c2ccc(C)cc2)cc1CCCCCCC,coverage,78.0,7.155788006079488,False
3048,PI1M,CC(=O)Nc1ccc(Sc2ccc(NC(=O)c3cccc(C)n3)cc2)cc1,CC(=O)Nc1ccc(Sc2ccc(NC(=O)c3cccc(C)n3)cc2)cc1,coverage,46.0,1.7287872538090088,False
3049,OMG,*Nc1cccc(NC(=O)c2ccccc2OCCOc2ccccc2C(*)=O)n1,CNc1cccc(NC(=O)c2ccccc2OCCOc2ccccc2C(C)=O)n1,random,53.0,2.5306091492877196,True
3050,PI1M,COc1ccc(/C=C2\CCCCC/C(=C\c3ccc(C)cc3)C2=O)cc1,COc1ccc(/C=C2\CCCCC/C(=C\c3ccc(C)cc3)C2=O)cc1,coverage,52.0,2.404207673904035,False
3051,OMG,*OC1C(C)(C)C(OC(=O)c2ncnc(C(*)=O)c2C)C1(C)C,COC1C(C)(C)C(OC(=O)c2ncnc(C(C)=O)c2C)C1(C)C,random,47.0,1.8317500939966918,True
3052,PI1M,COc1ccc(OC(=O)c2ccc(OCC(C)C)cc2)cc1,COc1ccc(OC(=O)c2ccc(OCC(C)C)cc2)cc1,coverage,42.0,1.3535165667832443,False
3053,PI1M,CC(=O)C(C)CCCCCCC,CCCCCCCC(C)C(C)=O,coverage,34.0,0.7666572932453927,False
3054,OMG,*Oc1cc(OC(=O)c2cccc(F)c2CC(*)=O)cc(OC)c1Br,COc1cc(OC(=O)c2cccc(F)c2CC(C)=O)cc(OC)c1Br,random,41.0,1.2685615949723126,True
3055,PI1M,COCC(SC)C(C)=O,COCC(SC)C(C)=O,random,21.0,0.2097456137295212,True
3056,PI1M,CN=P1(C)C[Si]O1,CN=P1(C)C[Si]O1,feature,15.0,0.08484152603281661,False
3057,OMG,*Oc1cc(F)ccc1COC(=O)c1ccc(Br)cc1CC(*)=O,COc1cc(F)ccc1COC(=O)c1ccc(Br)cc1CC(C)=O,coverage,40.0,1.187037287474881,False
3058,PI1M,C/C=C(/C)CCCOc1ccc(Br)cc1,C/C=C(/C)CCCOc1ccc(Br)cc1,coverage,32.0,0.6512930237899227,False
3059,PI1M,CCC(=O)NCCCCCCCCNC(=O)c1ccc(C)s1,CCC(=O)NCCCCCCCCNC(=O)c1ccc(C)s1,coverage,50.0,2.1634770685187323,False
3060,PI1M,CCCCC(=O)OC1COC(C)CO1,CCCCC(=O)OC1COC(C)CO1,coverage,32.0,0.6512930237899227,False
3061,PI1M,CC(=O)Nc1c(C)cc(C)cc1C,CC(=O)Nc1c(C)cc(C)cc1C,coverage,28.0,0.4547556347186134,False
3062,PI1M,COc1c(Cl)cc(C(C)=O)c(F)c1F,COc1c(Cl)cc(C(C)=O)c(F)c1F,coverage,21.0,0.2097456137295212,False
3063,OMG,*Oc1cc(OC(=O)C(CCCc2ccccc2)(CCCc2ccccc2)C(*)=O)ccc1C=Nc1cc(Cl)cc(Cl)c1,COc1cc(OC(=O)C(CCCc2ccccc2)(CCCc2ccccc2)C(C)=O)ccc1C=Nc1cc(Cl)cc(Cl)c1,random,78.0,7.155788006079488,True
3064,PI1M,CCC(C)(CC(=O)OCC)C(C)(C)C,CCOC(=O)CC(C)(CC)C(C)(C)C,coverage,38.0,1.0340483823546922,False
3065,PI1M,CCC(C)OCCOCCOCCOc1ccc(C(C)(C)C)cc1,CCC(C)OCCOCCOCCOc1ccc(C(C)(C)C)cc1,coverage,58.0,3.2251081841016833,False
3066,PI1M,COP(=O)(OCc1ccc(C)cc1)[PH](C)(Cl)Cl,COP(=O)(OCc1ccc(C)cc1)[PH](C)(Cl)Cl,dopt,33.0,0.707498434008989,False
3067,PI1M,CCC(CCl)(CCCCC)C(=O)NC(CO)C(=O)OC,CCCCCC(CC)(CCl)C(=O)NC(CO)C(=O)OC,random,46.0,1.7287872538090088,True
3068,PI1M,CCC(C)(CCC(C)C)C(=O)OCCCC,CCCCOC(=O)C(C)(CC)CCC(C)C,coverage,44.0,1.5339481655863532,False
3069,PI1M,CCC(C)C(=O)Oc1ccc(C(=O)Oc2ccc([N+](=O)[O-])cc2)cc1,CCC(C)C(=O)Oc1ccc(C(=O)Oc2ccc([N+](=O)[O-])cc2)cc1,coverage,42.0,1.3535165667832443,False
3070,omics,*C(c1ccccc1)C(*)c1ccc(C(C)C)cc1,CC(C)c1ccc(C(C)C(C)c2ccccc2)cc1,random,43.0,1.4419597242422257,True
3071,PI1M,Cc1ccc(C(C)(C)c2ccc(N3C=CC4=CC=C(C(=O)c5cc(Sc6ccc(Oc7ccc(Oc8ccc9c(c8)C(=O)N(C)C9=O)cc7)cc6)ccc5O4)C3=O)cc2)cc1,Cc1ccc(C(C)(C)c2ccc(N3C=CC4=CC=C(C(=O)c5cc(Sc6ccc(Oc7ccc(Oc8ccc9c(c8)C(=O)N(C)C9=O)cc7)cc6)ccc5O4)C3=O)cc2)cc1,dopt,99.0,13.588817252236698,False
3072,OMG,*Oc1cc(OC(=O)C(CC(*)=O)NC(=O)C(F)(F)F)ccc1CCC(C)=O,COc1cc(OC(=O)C(CC(C)=O)NC(=O)C(F)(F)F)ccc1CCC(C)=O,random,48.0,1.9384826272146733,True
3073,OMG,*NC(=N)NC(=N)NC(=O)c1csc(C(*)=O)c1,CNC(=N)NC(=N)NC(=O)c1csc(C(C)=O)c1,coverage,31.0,0.597979011686388,False
3074,PI1M,CCC(C)COCCCCCCC,CCCCCCCOCC(C)CC,coverage,39.0,1.1088856862834737,False
3075,PI1M,COC(COO)C(OC)OC,COC(COO)C(OC)OC,feature,25.0,0.33525989756051233,False
3076,OMG,*Oc1c2ccccc2c(OC(=O)CCCSCCCC(*)=O)c2ccccc12,COc1c2ccccc2c(OC(=O)CCCSCCCC(C)=O)c2ccccc12,coverage,55.0,2.7957518399460364,False
3077,PI1M,CCC(C)(C)C(=O)OCCCCCCOc1ccc(-c2ccc(-c3ccc(OCCCCCCC)cc3)cc2)cc1,CCCCCCCOc1ccc(-c2ccc(-c3ccc(OCCCCCCOC(=O)C(C)(C)CC)cc3)cc2)cc1,coverage,91.0,10.832889919296674,False
3078,PI1M,CC#CC#CC#CC#C[Si](C)(C)CCCCC,CC#CC#CC#CC#C[Si](C)(C)CCCCC,dopt,37.0,0.9624665003915307,False
3079,PI1M,COc1ccc(C(=O)Oc2ccc(/C=C/c3ccc(OCCCCOC(=O)c4ccc(OCCCCCCOP(=O)(OC)OC)cc4)cc3)cc2)cc1,COc1ccc(C(=O)Oc2ccc(/C=C/c3ccc(OCCCCOC(=O)c4ccc(OCCCCCCOP(=O)(OC)OC)cc4)cc3)cc2)cc1,random,100.0,13.96120758869343,True
3080,PI1M,CCCc1cc(CCCCCCCCCC)c(C)s1,CCCCCCCCCCc1cc(CCC)sc1C,coverage,51.0,2.2818482460254073,False
3081,OMG,*OCCCN(CCOC(=O)C(CC(*)=O)NC(=O)C(F)(F)F)S(=O)(=O)c1ccc(Cl)cc1,COCCCN(CCOC(=O)C(CC(C)=O)NC(=O)C(F)(F)F)S(=O)(=O)c1ccc(Cl)cc1,random,57.0,3.0777004384750812,True
3082,OMG,*Nc1cc(CC#N)cc(NC(=O)c2nccc(Cl)c2C(*)=O)c1Cl,CNc1cc(CC#N)cc(NC(=O)c2nccc(Cl)c2C(C)=O)c1Cl,random,39.0,1.1088856862834737,True
3083,PI1M,CCCCCCCCCNC(=O)NCC(CCCCN(C)c1ccc(N(c2ccccc2)c2ccc(C(=O)OC)cc2)cc1)C(=O)NC(=S)OC,CCCCCCCCCNC(=O)NCC(CCCCN(C)c1ccc(N(c2ccccc2)c2ccc(C(=O)OC)cc2)cc1)C(=O)NC(=S)OC,random,106.0,16.330360128680436,True
3084,omics,*CCOC(=O)Cc1cccc(*)c1,CCCOC(=O)Cc1cccc(C)c1,coverage,30.0,0.5474937425136082,False
3085,PI1M,CCCCCCCCCCCCCOC(=O)c1ccc(COC(=O)CCCCCCCCCCCCC(=O)OI)cc1C(=O)OC,CCCCCCCCCCCCCOC(=O)c1ccc(COC(=O)CCCCCCCCCCCCC(=O)OI)cc1C(=O)OC,feature,105.0,15.919235194198889,False
3086,PI1M,Cc1cnc(-n2on2-c2ccc(C)s2)o1,Cc1cnc(-n2on2-c2ccc(C)s2)o1,feature,24.0,0.30039397989449834,False
3087,PI1M,C/C=C/CC(C)CCC(C)=O,C/C=C/CC(C)CCC(C)=O,coverage,29.0,0.49977393112088747,False
3088,PolyInfo,*CC(*)Cl,CCC(C)Cl,coverage,14.0,0.07047050774391327,False
3089,OMG,*Nc1ccc(C(=O)OC)c(NC(=O)c2ccccc2C(=O)Nc2cccc3c(NC(=O)c4ccccc4C(*)=O)cccc23)c1,CNc1ccc(C(=O)OC)c(NC(=O)c2ccccc2C(=O)Nc2cccc3c(NC(=O)c4ccccc4C(C)=O)cccc23)c1,coverage,76.0,6.672852850107062,False
3090,OMG,*OCCN(CCOC(=O)C(CC)(Cc1ccccc1)C(*)=O)C(=O)c1cccc(OC)c1,CCC(Cc1ccccc1)(C(C)=O)C(=O)OCCN(CCOC)C(=O)c1cccc(OC)c1,random,66.0,4.5655822516472835,True
3091,OMG,*OC12CCCCC1(OC(=O)C1C3OC(C4OC43)C1C(*)=O)CCN(C(=O)OC(C)(C)C)C2,COC12CCCCC1(OC(=O)C1C3OC(C4OC43)C1C(C)=O)CCN(C(=O)OC(C)(C)C)C2,coverage,68.0,4.947342301951497,False
3092,PolyInfo,*=Cc1cc(OCCCCCCCC)c(/C=N/c2ccc(N=*)cc2)cc1OCCCCCCCC,C=Cc1cc(OCCCCCCCC)c(/C=N/c2ccc(N=C)cc2)cc1OCCCCCCCC,coverage,82.0,8.18619805320074,False
3093,OMG,*OC1C2C3C(OC(=O)C(C)(Cc4cccc(OC)c4)C(*)=O)C4C1C1(Cl)C2(Cl)C(OC)(OC)C3(Cl)C41Cl,COc1cccc(CC(C)(C(C)=O)C(=O)OC2C3C4C(OC)C5C2C2(Cl)C3(Cl)C(OC)(OC)C4(Cl)C52Cl)c1,dopt,68.0,4.947342301951497,False
3094,PI1M,CCCCC(C)(C)CNS(=O)(=O)CCCCC(=O)Nc1cccc(C)c1C,CCCCC(C)(C)CNS(=O)(=O)CCCCC(=O)Nc1cccc(C)c1C,random,63.0,4.0285528241783775,True
3095,OMG,*Nc1cc(NS(=O)(=O)c2ccc(C)cc2)c(NS(=O)(=O)c2ccc(C)cc2)cc1NC(=O)c1nccc(Cl)c1C(*)=O,CNc1cc(NS(=O)(=O)c2ccc(C)cc2)c(NS(=O)(=O)c2ccc(C)cc2)cc1NC(=O)c1nccc(Cl)c1C(C)=O,coverage,71.0,5.556584750444072,False
3096,OMG,*OCC(OC(=O)C12c3ccccc3C(C(*)=O)(c3ccccc31)c1ccccc12)C(C)NC(=O)OC(C)(C)C,COCC(OC(=O)C12c3ccccc3C(C(C)=O)(c3ccccc31)c1ccccc12)C(C)NC(=O)OC(C)(C)C,random,75.0,6.439287015998562,True
3097,PI1M,COS(=O)(=O)C(=O)N(C)c1ccccc1,COS(=O)(=O)C(=O)N(C)c1ccccc1,random,26.0,0.372564345698904,True
3098,PI1M,COC(=O)C(C)OOC(C)=O,COC(=O)C(C)OOC(C)=O,feature,21.0,0.2097456137295212,False
3099,OMG,*OC(COC(=O)C1(C(*)=O)CC(OC)C1)c1ccncc1,COC1CC(C(C)=O)(C(=O)OCC(OC)c2ccncc2)C1,random,43.0,1.4419597242422257,True
3100,PI1M,CCC(C)c1ccc(C(=O)CN2CCCCC2)cc1,CCC(C)c1ccc(C(=O)CN2CCCCC2)cc1,coverage,44.0,1.5339481655863532,False
3101,PI1M,CCCCCCCCCCCC(C)CNC(=O)CCCCCCCCC(=O)NC,CCCCCCCCCCCC(C)CNC(=O)CCCCCCCCC(=O)NC,coverage,79.0,7.405252308862643,False
3102,PI1M,Cc1ccc([Si](C)(C)O[Si](C)(C)c2ccc(C)cc2)cc1,Cc1ccc([Si](C)(C)O[Si](C)(C)c2ccc(C)cc2)cc1,coverage,47.0,1.8317500939966918,False
3103,PI1M,C/C=C/CCS(=O)(=O)CCCCOC(=O)CCCCC(=O)OC,C/C=C/CCS(=O)(=O)CCCCOC(=O)CCCCC(=O)OC,random,51.0,2.2818482460254073,True
3104,PI1M,CNc1c(C)cc(Cc2cc(CC)c(C)c(Cl)c2F)cc1Br,CCc1cc(Cc2cc(C)c(NC)c(Br)c2)c(F)c(Cl)c1C,random,42.0,1.3535165667832443,True
3105,PolyInfo,*CCCCCOC(=O)Nc1ccc(C)c(NC(=O)O*)c1,CCCCCCOC(=O)Nc1ccc(C)c(NC(=O)OC)c1,coverage,46.0,1.7287872538090088,False
3106,OMG,*NNC(=O)c1ccc(NC(=O)c2cc(NS(=O)(=O)c3ccc(NC(C)=O)cc3)cc(C(*)=O)c2)cc1,CNNC(=O)c1ccc(NC(=O)c2cc(NS(=O)(=O)c3ccc(NC(C)=O)cc3)cc(C(C)=O)c2)cc1,coverage,62.0,3.858838735716932,False
3107,OMG,*OCC(OC(=O)c1ccc(N=Nc2ccc(C(*)=O)cc2)cc1)C1OC(C)(C)OC1C=O,COCC(OC(=O)c1ccc(N=Nc2ccc(C(C)=O)cc2)cc1)C1OC(C)(C)OC1C=O,random,59.0,3.3768743086298603,True
3108,PI1M,CC(=O)c1ccc2c(c1)C(=O)N(c1ccc(C(=O)Nc3ccc(-c4ccc(NC(=O)c5ccc6cc(c5=O)N6C(=O)c5ccc(C(C)(C(F)(F)F)C(F)(F)F)cc5)cc4)cc3)cc1)C2=O,CC(=O)c1ccc2c(c1)C(=O)N(c1ccc(C(=O)Nc3ccc(-c4ccc(NC(=O)c5ccc6cc(c5=O)N6C(=O)c5ccc(C(C)(C(F)(F)F)C(F)(F)F)cc5)cc4)cc3)cc1)C2=O,dopt,95.0,12.161845525102757,False
3109,PI1M,CCC(CCCCCCCCCC)C(C)(C)C,CCCCCCCCCCC(CC)C(C)(C)C,coverage,53.0,2.5306091492877196,False
3110,PolyInfo,*Cc1ccc(CN(CC)C(=O)CCCCC(=O)N(*)CC)cc1,CCc1ccc(CN(CC)C(=O)CCCCC(=O)N(C)CC)cc1,coverage,56.0,2.934599081644776,False
3111,OMG,*Oc1nc(OC(=O)C2OC(C(*)=O)C3C2C(F)(F)C3(F)F)nnc1SCC(=O)OC,COC(=O)CSc1nnc(OC(=O)C2OC(C(C)=O)C3C2C(F)(F)C3(F)F)nc1OC,coverage,46.0,1.7287872538090088,False
3112,OMG,*Oc1cc(OC(=O)C(S)CC(*)=O)cc(C(=O)CC#N)c1,COc1cc(OC(=O)C(S)CC(C)=O)cc(C(=O)CC#N)c1,random,37.0,0.9624665003915307,True
3113,PI1M,Cc1cc(OCC(CC)CCCC)c(C)cc1OCCCCCCCCCC,CCCCCCCCCCOc1cc(C)c(OCC(CC)CCCC)cc1C,coverage,74.0,6.210925368545501,False
3114,PI1M,CC[Si](C)(F)Br,CC[Si](C)(F)Br,feature,14.0,0.07047050774391327,False
3115,PI1M,CC1=C(c2cccnc2)C=CC=C2C(=N1)C=C1C=CC(c3ccc(-c4ccc(C)cc4)cc3)=CC(c3ccccc3)=C2N1,CC1=C(c2cccnc2)C=CC=C2C(=N1)C=C1C=CC(c3ccc(-c4ccc(C)cc4)cc3)=CC(c3ccccc3)=C2N1,random,74.0,6.210925368545501,True
3116,PI1M,CCc1ccc(C)c(CNC(=O)OC(=O)c2ccc(F)cc2)c1,CCc1ccc(C)c(CNC(=O)OC(=O)c2ccc(F)cc2)c1,random,41.0,1.2685615949723126,True
3117,OMG,*NS(=O)(=O)c1cc(C(C)(C)C)cc2c(S(=O)(=O)NC(=O)c3cc(NS(=O)(=O)c4ccc(Br)cc4)cc(C(*)=O)c3)cc(C(C)(C)C)cc12,CNS(=O)(=O)c1cc(C(C)(C)C)cc2c(S(=O)(=O)NC(=O)c3cc(NS(=O)(=O)c4ccc(Br)cc4)cc(C(C)=O)c3)cc(C(C)(C)C)cc12,dopt,87.0,9.599083603550964,False
3118,OMG,*Nc1cc(O)cc(NC(=O)c2cc(NS(=O)(=O)c3ccccc3)cc(C(*)=O)c2)c1C(=O)OC,CNc1cc(O)cc(NC(=O)c2cc(NS(=O)(=O)c3ccccc3)cc(C(C)=O)c2)c1C(=O)OC,random,58.0,3.2251081841016833,True
3119,omics,*c1c(F)c(F)c(F)c2oc(N3C(=O)c4ccc(Oc5cccc(Oc6ccc7c(c6)C(=O)N(*)C7=O)c5)cc4C3=O)nc12,Cc1c(F)c(F)c(F)c2oc(N3C(=O)c4ccc(Oc5cccc(Oc6ccc7c(c6)C(=O)N(C)C7=O)c5)cc4C3=O)nc12,random,60.0,3.533050524994261,True
3120,PI1M,Cc1cc(-c2ccc(N=C)cc2)c(O)c(Cl)c1S#N,C=Nc1ccc(-c2cc(C)c(S#N)c(Cl)c2O)cc1,feature,30.0,0.5474937425136082,False
3121,OMG,*OC(OC(=O)CCC(=NN=C(CCC(*)=O)c1ccccc1)c1ccccc1)C(=O)c1ccc(OCCC)cc1,CCCOc1ccc(C(=O)C(OC)OC(=O)CCC(=NN=C(CCC(C)=O)c2ccccc2)c2ccccc2)cc1,random,77.0,6.911670651446108,True
3122,PI1M,COc1ccc(C(C)(C)c2ccc(/N=N/c3ccc(OC(C)=O)cc3)cc2)cc1,COc1ccc(C(C)(C)c2ccc(/N=N/c3ccc(OC(C)=O)cc3)cc2)cc1,coverage,53.0,2.5306091492877196,False
3123,PI1M,CCCCCCCNC(=O)c1ccc(C(=O)NC)c(OCCCCC)c1,CCCCCCCNC(=O)c1ccc(C(=O)NC)c(OCCCCC)c1,coverage,60.0,3.533050524994261,False
3124,PI1M,CO[Si](C)(Oc1ccc(C(=O)Oc2ccc(S(=O)(=O)OP(=O)(O)O[Si](F)(F)F)cc2)cc1)c1ccc(F)cc1,CO[Si](C)(Oc1ccc(C(=O)Oc2ccc(S(=O)(=O)OP(=O)(O)O[Si](F)(F)F)cc2)cc1)c1ccc(F)cc1,dopt,58.0,3.2251081841016833,False
3125,PI1M,COc1ccc(C(=O)c2ccccc2)c(C)c1CCCCC,CCCCCc1c(OC)ccc(C(=O)c2ccccc2)c1C,random,46.0,1.7287872538090088,True
3126,PI1M,CCC(OCl)C(C)C(=O)O,CCC(OCl)C(C)C(=O)O,feature,21.0,0.2097456137295212,False
3127,OMG,*NCc1c(Cl)c(Cl)c(Cl)c(CNC(=O)c2c(Cl)c(Cl)c(C(*)=O)c(Cl)c2Cl)c1Cl,CNCc1c(Cl)c(Cl)c(Cl)c(CNC(=O)c2c(Cl)c(Cl)c(C(C)=O)c(Cl)c2Cl)c1Cl,dopt,42.0,1.3535165667832443,False
3128,OMG,*Oc1cc(OC(=O)c2cc(S)cc(C(*)=O)n2)ccc1C(=O)C=P(c1ccccc1)(c1ccccc1)c1ccccc1,COc1cc(OC(=O)c2cc(S)cc(C(C)=O)n2)ccc1C(=O)C=P(c1ccccc1)(c1ccccc1)c1ccccc1,dopt,71.0,5.556584750444072,False
3129,PI1M,COC(=O)CNC(=O)c1ccc(C(C)(C)c2ccc([Si](C)(C)c3ccc(C)cc3)cc2)c(NC(=O)SC(C)(C)C(C)=O)c1,COC(=O)CNC(=O)c1ccc(C(C)(C)c2ccc([Si](C)(C)c3ccc(C)cc3)cc2)c(NC(=O)SC(C)(C)C(C)=O)c1,random,85.0,9.016954844909401,True
3130,omics,*C(=O)CCCCCCCCC(=O)N1CCN(*)CC1,CC(=O)CCCCCCCCC(=O)N1CCN(C)CC1,coverage,50.0,2.1634770685187323,False
3131,PI1M,CSN=P(C)(C#N)[Si](C)(C)O,CSN=P(C)(C#N)[Si](C)(C)O,feature,24.0,0.30039397989449834,False
3132,PI1M,CCC(C)c1ccc(COCCCCCCCCCCCC)cc1,CCCCCCCCCCCCOCc1ccc(C(C)CC)cc1,coverage,64.0,4.202881203832011,False
3133,omics,*CC(*)c1ccc(C(=O)O)nc1,CCC(C)c1ccc(C(=O)O)nc1,coverage,26.0,0.372564345698904,False
3134,omics,*CC(*)c1ccc(C(O)CCN2CCCCC2)cc1C(C)C,CCC(C)c1ccc(C(O)CCN2CCCCC2)cc1C(C)C,random,58.0,3.2251081841016833,True
3135,PI1M,CCC(C)Oc1ccc(COc2ccccc2)cc1,CCC(C)Oc1ccc(COc2ccccc2)cc1,coverage,39.0,1.1088856862834737,False
3136,PI1M,CN=P(C)(F)OCC,CCOP(C)(F)=NC,feature,19.0,0.16023971771432066,False
3137,OMG,*Oc1ccc(COC(=O)c2ccc(F)cc2CC(*)=O)c(F)c1,COc1ccc(COC(=O)c2ccc(F)cc2CC(C)=O)c(F)c1,random,40.0,1.187037287474881,True
3138,omics,*CC(*)(Cl)C(=O)OC(C)(C)C(F)(F)F,CCC(C)(Cl)C(=O)OC(C)(C)C(F)(F)F,coverage,29.0,0.49977393112088747,False
3139,PI1M,CC1=[PH](C=C)CO1,C=C[PH]1=C(C)OC1,feature,16.0,0.1009266220636141,False
3140,PI1M,CCc1ccc(C)c(C(=O)OCC)c1,CCOC(=O)c1cc(CC)ccc1C,coverage,30.0,0.5474937425136082,False
3141,PI1M,COc1ccc(-c2ccc(C(=O)OC(=O)c3ccc(OC(=O)c4ccc(C)c(OC)c4)cc3C)cc2C)cc1,COc1ccc(-c2ccc(C(=O)OC(=O)c3ccc(OC(=O)c4ccc(C)c(OC)c4)cc3C)cc2C)cc1,random,67.0,4.754055023099274,True
3142,PolyInfo,*CC(OC)C(C)(C(=O)OC)C(*)(C)C(=O)OC,CCC(OC)C(C)(C(=O)OC)C(C)(C)C(=O)OC,coverage,42.0,1.3535165667832443,False
3143,OMG,*OCCCCCCCCCCCCCCCCCCCCOC(=O)CN(CC(*)=O)c1ccc(C=O)cc1,COCCCCCCCCCCCCCCCCCCCCOC(=O)CN(CC(C)=O)c1ccc(C=O)cc1,coverage,94.0,11.820528946214294,False
3144,PI1M,CSc1ccc(-n2sn2-c2ccc(C)cc2)cc1,CSc1ccc(-n2sn2-c2ccc(C)cc2)cc1,dopt,32.0,0.6512930237899227,False
3145,OMG,*Oc1cc(OC(=O)C(CCC(*)=O)NC(=O)c2ccc(C)cc2)ccc1C(=O)CSCC,CCSCC(=O)c1ccc(OC(=O)C(CCC(C)=O)NC(=O)c2ccc(C)cc2)cc1OC,random,62.0,3.858838735716932,True
3146,OMG,*Oc1c(C)c(C)c(OC(=O)C23COCC(C(*)=O)(C2)C3)c(C)c1C,COc1c(C)c(C)c(OC(=O)C23COCC(C(C)=O)(C2)C3)c(C)c1C,coverage,51.0,2.2818482460254073,False
3147,PI1M,C/C=C/c1cc(CCCCCCCC)c(C)cn1,C/C=C/c1cc(CCCCCCCC)c(C)cn1,random,45.0,1.629538578803666,True
3148,OMG,*OCC(OC(=O)c1nccc(C(*)=O)c1N)c1ccnc(OC)c1,COCC(OC(=O)c1nccc(C(C)=O)c1N)c1ccnc(OC)c1,random,44.0,1.5339481655863532,True
3149,PI1M,COC(C)C(C)O[Si](C)(C)O[Si](C)(C)O[Si](C)(C)O[Si](C)(C)O[Si](C)(C)O[Si](C)(C)O[Si](C)(C)O[Si](C)(C)O[Si](C)(C)O[Si](C)(C)O[Si](C)(C)O[Si](C)(C)O,COC(C)C(C)O[Si](C)(C)O[Si](C)(C)O[Si](C)(C)O[Si](C)(C)O[Si](C)(C)O[Si](C)(C)O[Si](C)(C)O[Si](C)(C)O[Si](C)(C)O[Si](C)(C)O[Si](C)(C)O[Si](C)(C)O,dopt,139.0,33.85577792767416,False
3150,OMG,*Oc1cc(Cl)c(OC(=O)CSCCC(*)=O)cc1Cl,COc1cc(Cl)c(OC(=O)CSCCC(C)=O)cc1Cl,coverage,34.0,0.7666572932453927,False
3151,PI1M,COc1cc(C)c(/C=C(/C)c2ccc(-c3ccc(C(C)(C)C)cc3)cc2)cc1Br,COc1cc(C)c(/C=C(/C)c2ccc(-c3ccc(C(C)(C)C)cc3)cc2)cc1Br,random,58.0,3.2251081841016833,True
3152,OMG,*OCC(C)(C)C1(OC(=O)C2(CC(*)=O)CCOCC2)CCN(C(=O)OC(C)(C)C)CC1,COCC(C)(C)C1(OC(=O)C2(CC(C)=O)CCOCC2)CCN(C(=O)OC(C)(C)C)CC1,coverage,73.0,5.987719929256527,False
3153,omics,*OC(=O)c1ccc(-c2ccc(C(=O)O*)cc2)cc1,COC(=O)c1ccc(-c2ccc(C(=O)OC)cc2)cc1,coverage,34.0,0.7666572932453927,False
3154,OMG,*Oc1ccc(OC(=O)C23CCCC(C(*)=O)(CC2)C3)c(F)c1F,COc1ccc(OC(=O)C23CCCC(C(C)=O)(CC2)C3)c(F)c1F,coverage,44.0,1.5339481655863532,False
3155,omics,*c1ccc(*)c(C(C)=O)c1,CC(=O)c1cc(C)ccc1C,coverage,23.0,0.2678988587629254,False
3156,OMG,*Oc1cccc(C(CC#N)OC(=O)C2CCC(C(*)=O)O2)c1Br,COc1cccc(C(CC#N)OC(=O)C2CCC(C(C)=O)O2)c1Br,random,42.0,1.3535165667832443,True
3157,OMG,*OCCCCCCCCCCOC(=O)C(CCCc1ccccc1)(CCCc1ccccc1)C(*)=O,COCCCCCCCCCCOC(=O)C(CCCc1ccccc1)(CCCc1ccccc1)C(C)=O,coverage,85.0,9.016954844909401,False
3158,PI1M,CC(=O)/C=C(/C)CCc1ccccc1,CC(=O)/C=C(/C)CCc1ccccc1,coverage,30.0,0.5474937425136082,False
3159,PI1M,CCCNC(=O)c1ccc(Cc2ccc(C(=O)NC)cc2)cc1,CCCNC(=O)c1ccc(Cc2ccc(C(=O)NC)cc2)cc1,coverage,45.0,1.629538578803666,False
3160,PI1M,CCCCCCCCCCCCCCCCCCCCCCCOC(=O)c1ccc(C(=O)OC)cc1,CCCCCCCCCCCCCCCCCCCCCCCOC(=O)c1ccc(C(=O)OC)cc1,coverage,90.0,10.515630927412102,False
3161,OMG,*Oc1cc(N)c(OC(=O)c2cc(C(*)=O)ccc2N)cc1OCC,CCOc1cc(OC(=O)c2cc(C(C)=O)ccc2N)c(N)cc1OC,random,45.0,1.629538578803666,True
3162,PI1M,CO[Si](C)(C)[Si](C)(C)c1cccc(C)c1,CO[Si](C)(C)[Si](C)(C)c1cccc(C)c1,coverage,37.0,0.9624665003915307,False
3163,OMG,*OCCOCCOCCOCCOCCOCCOCCOCCOC(=O)C(CC(*)=O)NC(=O)OC(C)(C)C,COCCOCCOCCOCCOCCOCCOCCOCCOC(=O)C(CC(C)=O)NC(=O)OC(C)(C)C,coverage,92.0,11.156095933866299,False
3164,omics,*N=P(N=P(N=S(*)(=O)NCCC)(NCCCC)NCCCC)(NCCC)NCCCCCC,CCCCCCNP(=NC)(N=P(N=S(C)(=O)NCCC)(NCCCC)NCCCC)NCCC,dopt,90.0,10.515630927412102,False
3165,OMG,*OC(CCl)C(CSC(C)(C)C)OC(=O)CCOCCOCCOCCOCCOCCOCCC(*)=O,COC(CCl)C(CSC(C)(C)C)OC(=O)CCOCCOCCOCCOCCOCCOCCC(C)=O,random,87.0,9.599083603550964,True
3166,OMG,*OCCOCCOCCOCCOCCOCCOCCOCCOCCOCCOCCOCCOCCOCCOCCOCCOC(=O)C(N)C(*)=O,COCCOCCOCCOCCOCCOCCOCCOCCOCCOCCOCCOCCOCCOCCOCCOCCOC(=O)C(N)C(C)=O,coverage,130.0,28.276822283406393,False
3167,OMG,*Oc1ccc(C(OC(=O)C(CCC(*)=O)NC(=O)c2ccc(C)cc2)C(=O)OC)cc1F,COC(=O)C(OC(=O)C(CCC(C)=O)NC(=O)c1ccc(C)cc1)c1ccc(OC)c(F)c1,random,59.0,3.3768743086298603,True
3168,PI1M,CCC(CC(=O)OC)c1ccc(C#N)cc1,CCC(CC(=O)OC)c1ccc(C#N)cc1,coverage,31.0,0.597979011686388,False
3169,OMG,*OCc1cc(C(F)(F)F)ccc1COC(=O)C1CCC(C(*)=O)O1,COCc1cc(C(F)(F)F)ccc1COC(=O)C1CCC(C(C)=O)O1,random,44.0,1.5339481655863532,True
3170,OMG,*Oc1ccc(C(C)(C)c2ccc(OC(=O)C(C)(C)OC(C)(C)C(*)=O)cc2)cc1,COc1ccc(C(C)(C)c2ccc(OC(=O)C(C)(C)OC(C)(C)C(C)=O)cc2)cc1,coverage,62.0,3.858838735716932,False
3171,OMG,*Oc1cc(OC(=O)c2cc(OC)cc(C(*)=O)n2)cc(OC(C)=O)c1C(C)=O,COc1cc(C(C)=O)nc(C(=O)Oc2cc(OC)c(C(C)=O)c(OC(C)=O)c2)c1,random,48.0,1.9384826272146733,True
3172,PI1M,COc1ccc(-c2ccc(P(=O)(OCCC)OCCCCCOCc3ccc(C)cc3)cc2)cc1,CCCOP(=O)(OCCCCCOCc1ccc(C)cc1)c1ccc(-c2ccc(OC)cc2)cc1,random,72.0,5.769622518212583,True
3173,OMG,*Nc1cc(C#N)cc(NC(=O)c2cc(NC(=O)C(F)(F)F)cc(C(*)=O)c2)c1C(=O)O,CNc1cc(C#N)cc(NC(=O)c2cc(NC(=O)C(F)(F)F)cc(C(C)=O)c2)c1C(=O)O,coverage,47.0,1.8317500939966918,False
3174,OMG,*OC1CN(Cc2ccccc2)C2COC(C)(C)OC2C1OC(=O)c1ccc(Cl)c2c(Cl)ccc(C(*)=O)c12,COC1CN(Cc2ccccc2)C2COC(C)(C)OC2C1OC(=O)c1ccc(Cl)c2c(Cl)ccc(C(C)=O)c12,coverage,70.0,5.348558032191515,False
3175,PI1M,COC(=O)NCCCCCCNC(=O)OCCCOCC(C)C,COC(=O)NCCCCCCNC(=O)OCCCOCC(C)C,random,55.0,2.7957518399460364,True
3176,OMG,*Oc1cc(OC(=O)c2sc(Br)cc2C(*)=O)cc(C)c1C=NNC(=O)OC(C)(C)C,COc1cc(OC(=O)c2sc(Br)cc2C(C)=O)cc(C)c1C=NNC(=O)OC(C)(C)C,coverage,54.0,2.6611061495015087,False
3177,PI1M,C/C(C)=C(\C)S(C)(=O)=S,CC(C)=C(C)S(C)(=O)=S,feature,21.0,0.2097456137295212,False
3178,PI1M,CCC(C)(C)C(=O)Nc1ccc(OCl)cc1,CCC(C)(C)C(=O)Nc1ccc(OCl)cc1,dopt,32.0,0.6512930237899227,False
3179,PI1M,Cc1cc(-c2ccc(CCCCCCC)cc2)c(C)cc1-c1ccccc1,CCCCCCCc1ccc(-c2cc(C)c(-c3ccccc3)cc2C)cc1,coverage,59.0,3.3768743086298603,False
3180,PI1M,Cc1ccc(C(C)OC(C)=O)cc1,CC(=O)OC(C)c1ccc(C)cc1,coverage,27.0,0.41237422298650106,False
3181,OMG,*NC(=NCc1ccc(F)cc1)NC(=O)CCC(NC(=O)OC(C)(C)C)C(*)=O,CNC(=NCc1ccc(F)cc1)NC(=O)CCC(NC(=O)OC(C)(C)C)C(C)=O,random,58.0,3.2251081841016833,True
3182,OMG,*NCC(O)CNC(=O)CCCCCCCCCCCCCCCCCCCCCCCCC(*)=O,CNCC(O)CNC(=O)CCCCCCCCCCCCCCCCCCCCCCCCC(C)=O,random,98.0,13.22272994707856,True
3183,PI1M,CO[Si](C)(C)[SH](=O)(F)c1ccccc1,CO[Si](C)(C)[SH](=O)(F)c1ccccc1,feature,29.0,0.49977393112088747,False
3184,PI1M,CCCCCCC(=O)Nc1ccc(OCCCCOc2ccc(C(=O)Nc3ccc(C)cc3)cc2)cc1,CCCCCCC(=O)Nc1ccc(OCCCCOc2ccc(C(=O)Nc3ccc(C)cc3)cc2)cc1,coverage,75.0,6.439287015998562,False
3185,OMG,*Oc1ccc(COC(=O)c2cc(Br)ccc2CC(*)=O)c(F)c1Br,COc1ccc(COC(=O)c2cc(Br)ccc2CC(C)=O)c(F)c1Br,random,40.0,1.187037287474881,True
3186,PI1M,COc1ccc(OCCOc2ccc(C(C)=O)cc2)cc1,COc1ccc(OCCOc2ccc(C(C)=O)cc2)cc1,coverage,39.0,1.1088856862834737,False
3187,PI1M,CCC(C)(c1ccccc1)c1cccc(C)c1,CCC(C)(c1ccccc1)c1cccc(C)c1,coverage,37.0,0.9624665003915307,False
3188,OMG,*Oc1cc(OC)c(OC(=O)C2C3CC(C(Br)C3Br)C2C(*)=O)cc1OC,COc1cc(OC)c(OC(=O)C2C3CC(C(Br)C3Br)C2C(C)=O)cc1OC,coverage,49.0,2.04904001620089,False
3189,PI1M,COc1ccc(NC(=O)c2ccc(OCCCCCCOc3ccc(/C=C/C(=O)Nc4ccc(C)cc4)cc3)cc2)cc1,COc1ccc(NC(=O)c2ccc(OCCCCCCOc3ccc(/C=C/C(=O)Nc4ccc(C)cc4)cc3)cc2)cc1,coverage,81.0,7.920410401396693,False
3190,PolyInfo,*Sc1cc(C)c(*)cc1C,CSc1cc(C)c(C)cc1C,coverage,25.0,0.33525989756051233,False
3191,OMG,*OCCc1ccccc1CCOC(=O)C(S)CC(*)=O,COCCc1ccccc1CCOC(=O)C(S)CC(C)=O,coverage,43.0,1.4419597242422257,False
3192,PI1M,CC#CC1C(=O)N(C)C1=O,CC#CC1C(=O)N(C)C1=O,feature,17.0,0.11880386870633687,False
3193,PI1M,CCc1ccc(CS[Si](CC)(CC)CC(=O)NCCCCCCCCCCNC(=O)C(=O)Nc2ccc(CCc3ccc(NC(=O)C(C)=C(C#N)C#N)cc3)cc2)o1,CCc1ccc(CS[Si](CC)(CC)CC(=O)NCCCCCCCCCCNC(=O)C(=O)Nc2ccc(CCc3ccc(NC(=O)C(C)=C(C#N)C#N)cc3)cc2)o1,dopt,118.0,21.791422663881537,False
3194,PI1M,CO[Si](/N=N/c1ccc([N+](=O)[O-])cc1)Sc1ccc(C)cc1,CO[Si](/N=N/c1ccc([N+](=O)[O-])cc1)Sc1ccc(C)cc1,feature,36.0,0.8940806826961882,False
3195,PI1M,CCCCCCCCCCC/C=C/CCC(C)C(=O)OC,CCCCCCCCCCC/C=C/CCC(C)C(=O)OC,coverage,57.0,3.0777004384750812,False
3196,PI1M,COC(C)C(=O)OCCCCCCCCCCCCCCCCCCC,CCCCCCCCCCCCCCCCCCCOC(=O)C(C)OC,coverage,72.0,5.769622518212583,False
3197,OMG,*OCCOCCOCCOCCOCCOCCOCCOCCOC(=O)C12CCCC(C(*)=O)(C1)C2,COCCOCCOCCOCCOCCOCCOCCOCCOC(=O)C12CCCC(C(C)=O)(C1)C2,coverage,86.0,9.30515942952161,False
3198,PI1M,COC(=O)C(OC)C(COc1ccccc1OC(=O)CSC(=O)OCc1ccccc1OC)c1ccccc1,COC(=O)C(OC)C(COc1ccccc1OC(=O)CSC(=O)OCc1ccccc1OC)c1ccccc1,random,69.0,5.145493557044269,True
3199,PI1M,CCCCCCCOC(=O)c1ccc(C(=O)NCCCCCCCCCCNC(=O)c2ccc(C)cc2)cc1,CCCCCCCOC(=O)c1ccc(C(=O)NCCCCCCCCCCNC(=O)c2ccc(C)cc2)cc1,coverage,87.0,9.599083603550964,False
3200,OMG,*Oc1cc(OCCOC(=O)c2ccccc2S(=O)CC(*)=O)ccc1C(=O)OC,COC(=O)c1ccc(OCCOC(=O)c2ccccc2S(=O)CC(C)=O)cc1OC,random,52.0,2.404207673904035,True
3201,OMG,*Oc1nc(OC(=O)C2C=C(C(*)=O)N=N2)nc(N)c1N=O,COc1nc(OC(=O)C2C=C(C(C)=O)N=N2)nc(N)c1N=O,dopt,32.0,0.6512930237899227,False
3202,PI1M,CCC(C)[Si](C)(C)c1ccc(/N=N/c2ccc(C#N)cc2)cc1,CCC(C)[Si](C)(C)c1ccc(/N=N/c2ccc(C#N)cc2)cc1,random,46.0,1.7287872538090088,True
3203,OMG,*Oc1cc(COC(=O)c2ccc(-c3ccc(C(*)=O)c(F)c3)cc2F)cc(Br)c1F,COc1cc(COC(=O)c2ccc(-c3ccc(C(C)=O)c(F)c3)cc2F)cc(Br)c1F,random,47.0,1.8317500939966918,True
3204,OMG,*OC12C(=O)c3ccccc3C1(OC(=O)C1CCC1C(*)=O)OC(C)=C2C(C)=O,COC12C(=O)c3ccccc3C1(OC(=O)C1CCC1C(C)=O)OC(C)=C2C(C)=O,coverage,51.0,2.2818482460254073,False
3205,OMG,*OC1(CNCC2(OC(=O)c3cccc(F)c3CC(*)=O)CCC2)CCC1,COC1(CNCC2(OC(=O)c3cccc(F)c3CC(C)=O)CCC2)CCC1,random,55.0,2.7957518399460364,True
3206,OMG,*OC1CN(C(=O)OC(C)(C)C)C(C(=O)OC)C1OC(=O)C(C)(Cc1ccccc1Br)C(*)=O,COC(=O)C1C(OC(=O)C(C)(Cc2ccccc2Br)C(C)=O)C(OC)CN1C(=O)OC(C)(C)C,random,66.0,4.5655822516472835,True
3207,OMG,*OCCOCCOCCOCCOCCOCCOCCOCCOCCOC(=O)c1ccc(Cl)c2c(Cl)ccc(C(*)=O)c12,COCCOCCOCCOCCOCCOCCOCCOCCOCCOC(=O)c1ccc(Cl)c2c(Cl)ccc(C(C)=O)c12,coverage,92.0,11.156095933866299,False
3208,PI1M,COc1cc(Cl)c(Cl)c(C)c1Cl,COc1cc(Cl)c(Cl)c(C)c1Cl,coverage,19.0,0.16023971771432066,False
3209,OMG,*OCC(CCOCc1ccccc1)COC(=O)c1c(C(*)=O)n[nH]c1C,COCC(CCOCc1ccccc1)COC(=O)c1c(C(C)=O)n[nH]c1C,random,53.0,2.5306091492877196,True
3210,OMG,*Oc1nc(OC(=O)c2cccc(CSCC(*)=O)c2)nc(Cl)c1Cl,COc1nc(OC(=O)c2cccc(CSCC(C)=O)c2)nc(Cl)c1Cl,random,39.0,1.1088856862834737,True
3211,PI1M,CCC(C)(C)C(=O)OCCCCCCCCCC(=O)Oc1ccc(Oc2ccc(OC(=O)c3ccc(OCCO)cc3)cc2C)cc1,CCC(C)(C)C(=O)OCCCCCCCCCC(=O)Oc1ccc(Oc2ccc(OC(=O)c3ccc(OCCO)cc3)cc2C)cc1,random,95.0,12.161845525102757,True
3212,PI1M,Cc1cccc(P(=O)(c2cccc(-n3c(=O)c4cc5c(=O)n(C)c(=O)c5c(-c5cc(C(F)(F)F)cc(C(F)(F)F)c5)c4c3=O)c2)c2cc(C(=O)OC(C)CC)cc(C(F)(F)F)c2)c1,CCC(C)OC(=O)c1cc(C(F)(F)F)cc(P(=O)(c2cccc(C)c2)c2cccc(-n3c(=O)c4cc5c(=O)n(C)c(=O)c5c(-c5cc(C(F)(F)F)cc(C(F)(F)F)c5)c4c3=O)c2)c1,dopt,93.0,11.48529398776902,False
3213,PI1M,CCNC(=O)Nc1ccc(Cc2ccc(NC(C)=S)cc2)cc1,CCNC(=O)Nc1ccc(Cc2ccc(NC(C)=S)cc2)cc1,coverage,44.0,1.5339481655863532,False
3214,PI1M,CC#Cc1cc(OCCCCCCCCCCCCCC)c(C#Cc2cc(OC)c(C)cc2OCCCCCC)cc1OCCCCCCCCCC,CC#Cc1cc(OCCCCCCCCCCCCCC)c(C#Cc2cc(OC)c(C)cc2OCCCCCC)cc1OCCCCCCCCCC,coverage,129.0,27.695506075938923,False
3215,PI1M,CC(=O)CCCCCCC(=O)Oc1ccc(-c2ccc(C)cc2)cc1,CC(=O)CCCCCCC(=O)Oc1ccc(-c2ccc(C)cc2)cc1,coverage,51.0,2.2818482460254073,False
3216,PI1M,CC/C(C)=C(/C)CCCCCCCCCCCC,CCCCCCCCCCCC/C(C)=C(/C)CC,coverage,54.0,2.6611061495015087,False
3217,omics,*Oc1ccc(S(=O)(=O)c2ccc3ccc(S(=O)(=O)c4ccc5ccc(S(=O)(=O)c6ccc7nc(-c8ccccc8)c(*)nc7c6)cc5c4)cc3c2)cc1,COc1ccc(S(=O)(=O)c2ccc3ccc(S(=O)(=O)c4ccc5ccc(S(=O)(=O)c6ccc7nc(-c8ccccc8)c(C)nc7c6)cc5c4)cc3c2)cc1,dopt,84.0,8.734423876530629,False
3218,PI1M,CCCCCCCCCCCCCCCCCCCCCCCCCCCCOC(=O)c1ccc(NC(=O)/C=C/c2ccc(C)cc2)cc1,CCCCCCCCCCCCCCCCCCCCCCCCCCCCOC(=O)c1ccc(NC(=O)/C=C/c2ccc(C)cc2)cc1,coverage,120.0,22.799248727216224,False
3219,OMG,*OC(C(COS(C)(=O)=O)OS(C)(=O)=O)C(OC(=O)c1cc(OC)cc(C(*)=O)n1)C(COS(C)(=O)=O)OS(C)(=O)=O,COc1cc(C(C)=O)nc(C(=O)OC(C(COS(C)(=O)=O)OS(C)(=O)=O)C(OC)C(COS(C)(=O)=O)OS(C)(=O)=O)c1,dopt,73.0,5.987719929256527,False
3220,OMG,*OC(C(COS(C)(=O)=O)OS(C)(=O)=O)C(OC(=O)c1ccc(F)cc1CC(*)=O)C(COS(C)(=O)=O)OS(C)(=O)=O,COC(C(COS(C)(=O)=O)OS(C)(=O)=O)C(OC(=O)c1ccc(F)cc1CC(C)=O)C(COS(C)(=O)=O)OS(C)(=O)=O,dopt,73.0,5.987719929256527,False
3221,PI1M,CN=P(C)(OCCOF)OCCOCCOCO,CN=P(C)(OCCOF)OCCOCCOCO,feature,39.0,1.1088856862834737,False
3222,OMG,*OCC12CC3CC(C1)CC(COC(=O)c1c(C(*)=O)n[nH]c1C)(C3)C2,COCC12CC3CC(C1)CC(COC(=O)c1c(C(C)=O)n[nH]c1C)(C3)C2,random,54.0,2.6611061495015087,True
3223,PI1M,CC#CC#CSSSSSC,CC#CC#CSSSSSC,feature,17.0,0.11880386870633687,False
3224,PI1M,CC(=O)NCCCCCCN[Si](C)(C)NC(=O)CCCCC(=O)NCc1ccc(Nc2ccc(C)cc2)cc1,CC(=O)NCCCCCCN[Si](C)(C)NC(=O)CCCCC(=O)NCc1ccc(Nc2ccc(C)cc2)cc1,dopt,86.0,9.30515942952161,False
3225,OMG,*OC(C)(C)CN(CC(C)(C)OC(=O)CSc1cc(C(F)(F)F)cc(SCC(*)=O)n1)C(=O)C1CCC1,COC(C)(C)CN(CC(C)(C)OC(=O)CSc1cc(C(F)(F)F)cc(SCC(C)=O)n1)C(=O)C1CCC1,coverage,72.0,5.769622518212583,False
3226,OMG,*NNC(=O)C1C(C(=O)NNC(=O)CCCCCCCCCCCCCCCCCCCCCCCCCCCCCCC(*)=O)C1c1ccccc1,CNNC(=O)C1C(C(=O)NNC(=O)CCCCCCCCCCCCCCCCCCCCCCCCCCCCCCC(C)=O)C1c1ccccc1,dopt,131.0,28.865744948045254,False
3227,OMG,*Oc1ccc(OCCOC(=O)C2C3OC(C4OC43)C2C(*)=O)cc1,COc1ccc(OCCOC(=O)C2C3OC(C4OC43)C2C(C)=O)cc1,coverage,45.0,1.629538578803666,False
3228,OMG,*OC(CC1(C)OCCO1)OC(=O)C12c3ccccc3C(C(*)=O)(c3ccccc31)c1ccccc12,COC(CC1(C)OCCO1)OC(=O)C12c3ccccc3C(C(C)=O)(c3ccccc31)c1ccccc12,coverage,64.0,4.202881203832011,False
3229,PI1M,CC(=O)c1ccc(S(=O)(=O)c2ccc(Oc3ccc(C(=O)c4ccc(C)cc4)cc3)c(C)c2)cc1C,CC(=O)c1ccc(S(=O)(=O)c2ccc(Oc3ccc(C(=O)c4ccc(C)cc4)cc3)c(C)c2)cc1C,random,62.0,3.858838735716932,True
3230,OMG,*OCc1ccccc1CCCOC(=O)C1(C(*)=O)CC(OC)C1,COCc1ccccc1CCCOC(=O)C1(C(C)=O)CC(OC)C1,coverage,50.0,2.1634770685187323,False
3231,OMG,*OCC(COC(=O)C(C)(Cc1ccccc1Br)C(*)=O)Cc1ccccc1OC,COCC(COC(=O)C(C)(Cc1ccccc1Br)C(C)=O)Cc1ccccc1OC,coverage,59.0,3.3768743086298603,False
3232,omics,*CC(*)C(=O)OCCCCOc1ccc(-c2ccccc2)cc1,CCC(C)C(=O)OCCCCOc1ccc(-c2ccccc2)cc1,coverage,50.0,2.1634770685187323,False
3233,OMG,*OC(c1cc(OC)ccc1OC(=O)CCOc1ccc(OCCC(*)=O)cc1)C(F)(F)F,COc1ccc(OC(=O)CCOc2ccc(OCCC(C)=O)cc2)c(C(OC)C(F)(F)F)c1,random,58.0,3.2251081841016833,True
3234,PI1M,COc1ccc(/C=N/c2ccc(/C=C/c3ccc(C)cc3)cc2)cc1C,COc1ccc(/C=N/c2ccc(/C=C/c3ccc(C)cc3)cc2)cc1C,coverage,49.0,2.04904001620089,False
3235,PI1M,COc1ccc(C(=O)Oc2ccc(OC(=O)c3ccc(Oc4ccc(C(C)(C)c5ccc(C)cc5)cc4)cc3)cc2)cc1,COc1ccc(C(=O)Oc2ccc(OC(=O)c3ccc(Oc4ccc(C(C)(C)c5ccc(C)cc5)cc4)cc3)cc2)cc1,coverage,75.0,6.439287015998562,False
3236,PolyInfo,*O[Si](*)(CCC)c1ccccc1,CCC[Si](C)(OC)c1ccccc1,coverage,31.0,0.597979011686388,False
3237,OMG,*OC(COc1ccccc1Br)C(CCl)OC(=O)CCOCCOCCOCCOCCOCCOCCOCCC(*)=O,COC(COc1ccccc1Br)C(CCl)OC(=O)CCOCCOCCOCCOCCOCCOCCOCCC(C)=O,random,92.0,11.156095933866299,True
3238,OMG,*OCCOCCOCCOCCOCCOCCOCCOCCOC(=O)CSCCCC(*)=O,COCCOCCOCCOCCOCCOCCOCCOCCOC(=O)CSCCCC(C)=O,coverage,82.0,8.18619805320074,False
3239,omics,*CCCCCc1ccc(*)nc1,CCCCCCc1ccc(C)nc1,coverage,32.0,0.6512930237899227,False
3240,PI1M,CN=P(C)(OCCN(C)CCC)[Si](C)(C)C,CCCN(C)CCOP(C)(=NC)[Si](C)(C)C,dopt,45.0,1.629538578803666,False
3241,PI1M,CN=N[PH](C)(C#N)C#N,CN=N[PH](C)(C#N)C#N,feature,16.0,0.1009266220636141,False
3242,PI1M,CNc1ccc(NC(=O)c2ccc(Cc3ccc(NC(=O)c4ccc(C(C)=O)cc4)cc3)cc2)cc1,CNc1ccc(NC(=O)c2ccc(Cc3ccc(NC(=O)c4ccc(C(C)=O)cc4)cc3)cc2)cc1,coverage,63.0,4.0285528241783775,False
3243,PI1M,Cc1ccc(-c2ccc(-c3ccc(C(C)(C(F)(F)F)C(F)(F)F)cc3)cc2)cc1,Cc1ccc(-c2ccc(-c3ccc(C(C)(C(F)(F)F)C(F)(F)F)cc3)cc2)cc1,coverage,47.0,1.8317500939966918,False
3244,PI1M,CCC(C)OC(=O)Oc1ccc(C(F)(F)F)cc1,CCC(C)OC(=O)Oc1ccc(C(F)(F)F)cc1,coverage,31.0,0.597979011686388,False
3245,OMG,*OCC(COC(=O)C1CSCN1C(=O)C(*)=O)c1ccc(NC(=O)OC(C)(C)C)cc1,COCC(COC(=O)C1CSCN1C(=O)C(C)=O)c1ccc(NC(=O)OC(C)(C)C)cc1,random,62.0,3.858838735716932,True
3246,PI1M,CNNC(=O)c1ccc(C(=O)NCCCNC(=O)c2ccc(C(C)=O)cc2)cc1,CNNC(=O)c1ccc(C(=O)NCCCNC(=O)c2ccc(C(C)=O)cc2)cc1,coverage,53.0,2.5306091492877196,False
3247,OMG,*OCc1cc(N=Nc2cccc(OC)c2)ccc1OC(=O)C(CC(*)=O)c1ccccc1Br,COCc1cc(N=Nc2cccc(OC)c2)ccc1OC(=O)C(CC(C)=O)c1ccccc1Br,random,59.0,3.3768743086298603,True
3248,PI1M,CC1=CC(=S)N(C)C1,CC1=CC(=S)N(C)C1,feature,17.0,0.11880386870633687,False
3249,PI1M,CN=P(C)(C#N)P(=O)(OC)OC(C)=O,CN=P(C)(C#N)P(=O)(OC)OC(C)=O,dopt,26.0,0.372564345698904,False
3250,OMG,*Nc1cccc(NC(=O)C(c2ccccc2)C(C(*)=O)c2ccccc2)c1,CNc1cccc(NC(=O)C(c2ccccc2)C(C(C)=O)c2ccccc2)c1,coverage,52.0,2.404207673904035,False
3251,PI1M,CN=P(C)(NCCCCC)OCCCCC,CCCCCNP(C)(=NC)OCCCCC,coverage,45.0,1.629538578803666,False
3252,OMG,*NC12C3C4C1C1C2C3C41NC(=O)C1C(C(*)=O)C1(c1ccccc1)c1ccccc1,CNC12C3C4C1C1C2C3C41NC(=O)C1C(C(C)=O)C1(c1ccccc1)c1ccccc1,dopt,57.0,3.0777004384750812,False
3253,PI1M,CCNC(=O)C(CCC)CNC(=O)C(=O)NC,CCCC(CNC(=O)C(=O)NC)C(=O)NCC,random,38.0,1.0340483823546922,True
3254,omics,*CCOCCOCCOC(=O)c1ccc(OCCOCC*)c(OC)c1,CCCOCCOCCOC(=O)c1ccc(OCCOCCC)c(OC)c1,coverage,59.0,3.3768743086298603,False
3255,PI1M,CCCCCSSP(CCC)CCCCCC,CCCCCCP(CCC)SSCCCCC,dopt,48.0,1.9384826272146733,False
3256,OMG,*OC1C2C3C(OC(=O)c4cc(S)cc(C(*)=O)c4)C4C1C1(Cl)C2(Cl)C(OC)(OC)C3(Cl)C41Cl,COC1C2C3C(OC(=O)c4cc(S)cc(C(C)=O)c4)C4C1C1(Cl)C2(Cl)C(OC)(OC)C3(Cl)C41Cl,dopt,56.0,2.934599081644776,False
3257,PI1M,COc1ccc(C(=O)OCC)c(OC(=O)c2ccc(OC(=O)c3ccccc3C(C)=O)cc2)c1,CCOC(=O)c1ccc(OC)cc1OC(=O)c1ccc(OC(=O)c2ccccc2C(C)=O)cc1,coverage,56.0,2.934599081644776,False
3258,PI1M,CC1=CC=c2cccccc3c(ccc(-c4ccc(-c5ccc(-c6ccc(C)cc6)cc5)cc4)nn2-3)=N1,CC1=CC=c2cccccc3c(ccc(-c4ccc(-c5ccc(-c6ccc(C)cc6)cc5)cc4)nn2-3)=N1,dopt,64.0,4.202881203832011,False
3259,PI1M,COOc1cccc(C(C)=O)c1,COOc1cccc(C(C)=O)c1,feature,22.0,0.23770591902308572,False
3260,OMG,*Nc1nnnn1N=CC=Nn1nnnc1NC(=O)C1(C(*)=O)CCC(=O)CC1,CNc1nnnn1N=CC=Nn1nnnc1NC(=O)C1(C(C)=O)CCC(=O)CC1,dopt,47.0,1.8317500939966918,False
3261,PI1M,CCc1ccc(C#Cc2ccc(C)cc2C)cc1,CCc1ccc(C#Cc2ccc(C)cc2C)cc1,coverage,36.0,0.8940806826961882,False
3262,PI1M,COc1ccc(C(C)=O)c(C)c1,COc1ccc(C(C)=O)c(C)c1,coverage,24.0,0.30039397989449834,False
3263,PI1M,Cc1nc(-c2ccccc2)c(C)nc1C,Cc1nc(C)c(-c2ccccc2)nc1C,coverage,29.0,0.49977393112088747,False
3264,PI1M,CCCCCC/C=C(\C)C[PH](C)(C)CCC(=O)NC,CCCCCC/C=C(\C)C[PH](C)(C)CCC(=O)NC,random,53.0,2.5306091492877196,True
3265,OMG,*Oc1cc(OC(=O)C23COCC(C(*)=O)(C2)C3)cc(C(=O)OC)c1Br,COC(=O)c1cc(OC(=O)C23COCC(C(C)=O)(C2)C3)cc(OC)c1Br,random,45.0,1.629538578803666,True
3266,OMG,*Oc1ccc(C(C)(C)c2ccc(OC(=O)C(OC(=O)c3ccc(C)cc3)C(OC(=O)c3ccc(C)cc3)C(*)=O)cc2)cc1,COc1ccc(C(C)(C)c2ccc(OC(=O)C(OC(=O)c3ccc(C)cc3)C(OC(=O)c3ccc(C)cc3)C(C)=O)cc2)cc1,coverage,81.0,7.920410401396693,False
3267,OMG,*NC(=N)c1ccc(C(=N)NC(=O)C(=O)NC(C)C(*)=O)cc1,CNC(=N)c1ccc(C(=N)NC(=O)C(=O)NC(C)C(C)=O)cc1,coverage,42.0,1.3535165667832443,False
3268,OMG,*NC(=N)SCCCSC(=N)NC(=O)c1cc(NS(=O)(=O)c2ccc(C)cc2)c(C(*)=O)cc1NS(=O)(=O)c1ccc(C)cc1,CNC(=N)SCCCSC(=N)NC(=O)c1cc(NS(=O)(=O)c2ccc(C)cc2)c(C(C)=O)cc1NS(=O)(=O)c1ccc(C)cc1,dopt,79.0,7.405252308862643,False
3269,PI1M,CC(C)C(=O)OCC(F)(F)C(F)(F)C(F)(F)C(F)(F)C(F)(F)C(F)(F)C(F)(F)C(F)(F)C(F)(F)C(F)(F)C(F)(F)F,CC(C)C(=O)OCC(F)(F)C(F)(F)C(F)(F)C(F)(F)C(F)(F)C(F)(F)C(F)(F)C(F)(F)C(F)(F)C(F)(F)C(F)(F)F,coverage,50.0,2.1634770685187323,False
3270,PI1M,COC(=O)c1cccc(OC(=O)CCC(C)=O)c1,COC(=O)c1cccc(OC(=O)CCC(C)=O)c1,random,32.0,0.6512930237899227,True
3271,OMG,*OCCCCCCOC(=O)C1(C(*)=O)CC2(CCOCC2)C1,COCCCCCCOC(=O)C1(C(C)=O)CC2(CCOCC2)C1,coverage,53.0,2.5306091492877196,False
3272,OMG,*OC1CC(C)(C)CC1OC(=O)CSCCCC(*)=O,COC1CC(C)(C)CC1OC(=O)CSCCCC(C)=O,coverage,46.0,1.7287872538090088,False
3273,PI1M,CNc1cccc(NC(=O)c2cc(C(C)=O)c(C(F)(F)F)c(F)c2F)c1,CNc1cccc(NC(=O)c2cc(C(C)=O)c(C(F)(F)F)c(F)c2F)c1,random,39.0,1.1088856862834737,True
3274,OMG,*Nc1cc(C(=O)CCl)c(NC(=O)COc2cccc(C(*)=O)c2)cc1F,CNc1cc(C(=O)CCl)c(NC(=O)COc2cccc(C(C)=O)c2)cc1F,random,45.0,1.629538578803666,True
3275,OMG,*Nc1nc(-c2csc(NC(=O)C3(C(*)=O)CC4(CC(=O)C4)C3)n2)cs1,CNc1nc(-c2csc(NC(=O)C3(C(C)=O)CC4(CC(=O)C4)C3)n2)cs1,random,44.0,1.5339481655863532,True
3276,OMG,*OCC1(COC(=O)C2=CCC=C(C(*)=O)O2)N=N1,COCC1(COC(=O)C2=CCC=C(C(C)=O)O2)N=N1,feature,33.0,0.707498434008989,False
3277,PI1M,COc1ccc(NC(=O)c2ccc(Oc3ccc(C(C)(C)c4ccc(C)cc4)cc3C)cc2)cc1,COc1ccc(NC(=O)c2ccc(Oc3ccc(C(C)(C)c4ccc(C)cc4)cc3C)cc2)cc1,coverage,66.0,4.5655822516472835,False
3278,omics,*C(=O)Nc1ccc(Oc2ccc(-c3csc(NC(=O)Nc4ccc(Cc5ccc(NC(=O)Nc6nc(-c7ccc(Oc8ccc(*)cc8)cc7)cs6)cc5)cc4)n3)cc2)cc1,CC(=O)Nc1ccc(Oc2ccc(-c3csc(NC(=O)Nc4ccc(Cc5ccc(NC(=O)Nc6nc(-c7ccc(Oc8ccc(C)cc8)cc7)cs6)cc5)cc4)n3)cc2)cc1,coverage,101.0,14.339944818418587,False
3279,OMG,*OC(C)Nc1nnc(NC(C)OC(=O)CCOCCOCCOCCOCCOCCOCCOCCOCCOCCOCCOCCOCCC(*)=O)nn1,COC(C)Nc1nnc(NC(C)OC(=O)CCOCCOCCOCCOCCOCCOCCOCCOCCOCCOCCOCCOCCC(C)=O)nn1,dopt,126.0,25.99679149771609,False
3280,OMG,*Oc1cc(OC)c(OC(=O)CCC(N)CCC(*)=O)cc1OC,COc1cc(OC)c(OC(=O)CCC(N)CCC(C)=O)cc1OC,coverage,49.0,2.04904001620089,False
3281,PI1M,C/C=C(\C)c1cscc1C,C/C=C(\C)c1cscc1C,random,22.0,0.23770591902308572,True
3282,omics,*c1ccc(Sc2ccc(-c3nnc(*)s3)cc2)cc1,Cc1ccc(Sc2ccc(-c3nnc(C)s3)cc2)cc1,coverage,34.0,0.7666572932453927,False
3283,PI1M,COc1cc(C)c(C(C)=O)cc1OC,COc1cc(C)c(C(C)=O)cc1OC,coverage,28.0,0.4547556347186134,False
3284,OMG,*NC(=S)c1ccc(Sc2ccc(C(=S)NC(=O)c3cc(C)sc3C(*)=O)s2)s1,CNC(=S)c1ccc(Sc2ccc(C(=S)NC(=O)c3cc(C)sc3C(C)=O)s2)s1,dopt,45.0,1.629538578803666,False
3285,PolyInfo,*Nc1ccc(*)cc1OCC,CCOc1cc(C)ccc1NC,coverage,27.0,0.41237422298650106,False
3286,PI1M,Cc1ccc(NC(=O)Cc2ccc(C(=O)Nc3ccc(NC(=O)c4ccc(C)cc4)cc3)cc2)cc1,Cc1ccc(NC(=O)Cc2ccc(C(=O)Nc3ccc(NC(=O)c4ccc(C)cc4)cc3)cc2)cc1,coverage,63.0,4.0285528241783775,False
3287,PI1M,CCC(C)(C(=O)OCC)C(=O)OC(C)C,CCOC(=O)C(C)(CC)C(=O)OC(C)C,coverage,35.0,0.828831072009792,False
3288,PI1M,Cc1cc(C)c(Cl)c(Br)c1Cl,Cc1cc(C)c(Cl)c(Br)c1Cl,coverage,18.0,0.1385498383381463,False
3289,PI1M,CCC(C)c1ccc(CN(CC)CCC)cc1,CCCN(CC)Cc1ccc(C(C)CC)cc1,random,44.0,1.5339481655863532,True
3290,PI1M,CCc1ccc(C=C)cc1,C=Cc1ccc(CC)cc1,coverage,22.0,0.23770591902308572,False
3291,OMG,*OCC(OC(=O)C(CC(*)=O)c1cccs1)c1ccc(C)cc1OC,COCC(OC(=O)C(CC(C)=O)c1cccs1)c1ccc(C)cc1OC,coverage,50.0,2.1634770685187323,False
3292,OMG,*OC1N(C)C2C(N1C)N(C)C(OC(=O)C1COCC1C(*)=O)N2C,COC1N(C)C2C(N1C)N(C)C(OC(=O)C1COCC1C(C)=O)N2C,dopt,53.0,2.5306091492877196,False
3293,PI1M,COS(=O)(=O)c1ccc(Sc2ccc(Sc3ccc(C)s3)cc2)cc1,COS(=O)(=O)c1ccc(Sc2ccc(Sc3ccc(C)s3)cc2)cc1,coverage,41.0,1.2685615949723126,False
3294,PI1M,COC1COCCOC(C)CC1O,COC1COCCOC(C)CC1O,feature,31.0,0.597979011686388,False
3295,PI1M,CO[PH](=O)c1cccc(P(=O)(c2ccccc2)c2ccc(Oc3ccc(C)c(N)c3)cc2C(C)(C)C)c1Br,CO[PH](=O)c1cccc(P(=O)(c2ccccc2)c2ccc(Oc3ccc(C)c(N)c3)cc2C(C)(C)C)c1Br,dopt,70.0,5.348558032191515,False
3296,PI1M,CN=[PH](N=Nc1ccc(C)c(Cl)c1Cl)S(=O)(=O)O,CN=[PH](N=Nc1ccc(C)c(Cl)c1Cl)S(=O)(=O)O,feature,28.0,0.4547556347186134,False
3297,PI1M,COc1c(Cl)cc(F)c(C)c1C,COc1c(Cl)cc(F)c(C)c1C,coverage,22.0,0.23770591902308572,False
3298,omics,*CC(*)c1cc(C)ccc1Cl,CCC(C)c1cc(C)ccc1Cl,coverage,27.0,0.41237422298650106,False
3299,PI1M,CC[SiH](C)[Si](C)(C)C,CC[SiH](C)[Si](C)(C)C,feature,26.0,0.372564345698904,False
3300,PI1M,CCC(C)c1cccc(OCCOc2ccccc2)c1,CCC(C)c1cccc(OCCOc2ccccc2)c1,coverage,42.0,1.3535165667832443,False
3301,omics,*NC(=O)c1ccc(-c2ccc(CC(C)(C)NC(=O)c3ccc(C(*)=O)cc3)cc2)cc1,CNC(=O)c1ccc(-c2ccc(CC(C)(C)NC(=O)c3ccc(C(C)=O)cc3)cc2)cc1,random,60.0,3.533050524994261,True
3302,PI1M,COc1ccc(NC(=O)Nc2ccc(Cc3ccc(NC(C)=O)cc3)c(C)c2)cc1C,COc1ccc(NC(=O)Nc2ccc(Cc3ccc(NC(C)=O)cc3)c(C)c2)cc1C,coverage,58.0,3.2251081841016833,False
3303,PI1M,COc1cc(NC(=O)c2cccc(C(C)=O)c2)cc(C(C)(CC)c2ccccc2)c1C,CCC(C)(c1ccccc1)c1cc(NC(=O)c2cccc(C(C)=O)c2)cc(OC)c1C,random,60.0,3.533050524994261,True
3304,PI1M,CCCC(=O)Nc1ccc(OC)cc1,CCCC(=O)Nc1ccc(OC)cc1,coverage,29.0,0.49977393112088747,False
3305,PI1M,CCC(C)(C)C(=O)OCC1COC1,CCC(C)(C)C(=O)OCC1COC1,coverage,31.0,0.597979011686388,False
3306,OMG,*OC1C(Oc2ccc(OC)cc2)OC2COC(c3ccccc3)OC2C1OC(=O)C(CCC(*)=O)NCc1ccccc1,COc1ccc(OC2OC3COC(c4ccccc4)OC3C(OC(=O)C(CCC(C)=O)NCc3ccccc3)C2OC)cc1,random,83.0,8.457520383218988,True
3307,OMG,*Nc1ccc(C(=O)O)c(NC(=O)c2cccc(C(*)=O)c2C(C)=O)c1Br,CNc1ccc(C(=O)O)c(NC(=O)c2cccc(C(C)=O)c2C(C)=O)c1Br,random,44.0,1.5339481655863532,True
3308,OMG,*OCC(COC(=O)C1C=C(C(*)=O)N=N1)Nc1nccnc1Cl,COCC(COC(=O)C1C=C(C(C)=O)N=N1)Nc1nccnc1Cl,random,40.0,1.187037287474881,True
3309,PolyInfo,*CC(*)C(C)C,CCC(C)C(C)C,coverage,23.0,0.2678988587629254,False
3310,OMG,*NC(=NN=Cc1ccc(OC)cc1)NC(=O)c1ccccc1OCCOCCOc1ccccc1C(*)=O,CNC(=NN=Cc1ccc(OC)cc1)NC(=O)c1ccccc1OCCOCCOc1ccccc1C(C)=O,coverage,71.0,5.556584750444072,False
3311,PI1M,COc1ccc(/N=N/c2ccc(-c3ccc(C)cc3)cc2)cc1,COc1ccc(/N=N/c2ccc(-c3ccc(C)cc3)cc2)cc1,coverage,41.0,1.2685615949723126,False
3312,OMG,*Nc1ccc(CSCc2ccc(NC(=O)CSc3nnc(SCC(*)=O)s3)cc2)cc1,CNc1ccc(CSCc2ccc(NC(=O)CSc3nnc(SCC(C)=O)s3)cc2)cc1,random,56.0,2.934599081644776,True
3313,PI1M,CN=P(C)(CCC(F)(F)F)S(F)(F)F,CN=P(C)(CCC(F)(F)F)S(F)(F)F,feature,24.0,0.30039397989449834,False
3314,PI1M,CCCC=[SH](C)(C)Br,CCCC=[SH](C)(C)Br,feature,23.0,0.2678988587629254,False
3315,PI1M,CCC(O)COc1ccc(C(C)(C)c2ccc(OCC(O)COc3ccc(C(=O)Oc4ccc(OC)cc4)cc3)cc2)cc1,CCC(O)COc1ccc(C(C)(C)c2ccc(OCC(O)COc3ccc(C(=O)Oc4ccc(OC)cc4)cc3)cc2)cc1,coverage,84.0,8.734423876530629,False
3316,PI1M,COC(=O)OCC(C)COC(C)=O,COC(=O)OCC(C)COC(C)=O,coverage,27.0,0.41237422298650106,False
3317,PI1M,CCCCCCCCCOc1ccc(C(=O)Nc2ccc(-n3c(=O)c4cc5c(=O)n(C)c(=O)c5cc4c3=O)cc2)cc1,CCCCCCCCCOc1ccc(C(=O)Nc2ccc(-n3c(=O)c4cc5c(=O)n(C)c(=O)c5cc4c3=O)cc2)cc1,coverage,75.0,6.439287015998562,False
3318,OMG,*Oc1ccc2cc(OC(=O)C3CC3C(*)=O)ccc2c1,COc1ccc2cc(OC(=O)C3CC3C(C)=O)ccc2c1,coverage,37.0,0.9624665003915307,False
3319,PI1M,C[Si](C)(CCCCCCCCCCCCCCC)COC(=O)c1ccc([N+](=O)[O-])cc1,CCCCCCCCCCCCCCC[Si](C)(C)COC(=O)c1ccc([N+](=O)[O-])cc1,random,74.0,6.210925368545501,True
3320,OMG,*OC(COC(=O)c1ncc(C(*)=O)cn1)c1c(F)cc(F)cc1F,COC(COC(=O)c1ncc(C(C)=O)cn1)c1c(F)cc(F)cc1F,random,38.0,1.0340483823546922,True
3321,PI1M,CCCCCCCCCC(=O)NCCCCCCNC(=O)c1ccccc1C(=O)OC,CCCCCCCCCC(=O)NCCCCCCNC(=O)c1ccccc1C(=O)OC,coverage,71.0,5.556584750444072,False
3322,PI1M,CC1=CC=[PH](C)C=C1,CC1=CC=[PH](C)C=C1,feature,19.0,0.16023971771432066,False
3323,PI1M,CNc1ccc(/C=N/c2ccc(-c3ccc(N=C)cc3)cc2)cc1,C=Nc1ccc(-c2ccc(/N=C/c3ccc(NC)cc3)cc2)cc1,coverage,43.0,1.4419597242422257,False
3324,PI1M,CCC(C)CN(C)Cc1ccccc1,CCC(C)CN(C)Cc1ccccc1,coverage,35.0,0.828831072009792,False
3325,PI1M,CCCCP(CCCCCCCCCCCCCCCCCCCCCCCCC)CCCCCCCCC(=O)NC,CCCCCCCCCCCCCCCCCCCCCCCCCP(CCCC)CCCCCCCCC(=O)NC,dopt,122.0,23.83586566594661,False
3326,OMG,*Oc1c(F)cc(OC(=O)C(CC(*)=O)NC(=O)OCC2c3ccccc3-c3ccccc32)cc1C(=O)OCC,CCOC(=O)c1cc(OC(=O)C(CC(C)=O)NC(=O)OCC2c3ccccc3-c3ccccc32)cc(F)c1OC,random,68.0,4.947342301951497,True
3327,PI1M,CCC(CCC)CC(CC)CCCCOC(=O)SCCCCCCCC(=O)OC,CCCC(CC)CC(CC)CCCCOC(=O)SCCCCCCCC(=O)OC,random,75.0,6.439287015998562,True
3328,omics,*CCC(F)(F)C(F)(F)C(*)(F)F,CCCC(F)(F)C(F)(F)C(C)(F)F,coverage,23.0,0.2678988587629254,False
3329,PI1M,CCC(C)[Si](C)(Br)O[Si](C)(C)C,CCC(C)[Si](C)(Br)O[Si](C)(C)C,feature,33.0,0.707498434008989,False
3330,PI1M,CCCCCOC(=O)c1ccc(NC(=O)C2CCC3CCC=CC(/N=C/c4ccc(OC)cc4)=CC=C2CCC(=O)SC3C)cc1,CCCCCOC(=O)c1ccc(NC(=O)C2CCC3CCC=CC(/N=C/c4ccc(OC)cc4)=CC=C2CCC(=O)SC3C)cc1,dopt,92.0,11.156095933866299,False
3331,PI1M,CNC(CCC(=O)OCCCC)C(C)C(=O)OCCCCC,CCCCCOC(=O)C(C)C(CCC(=O)OCCCC)NC,coverage,55.0,2.7957518399460364,False
3332,PI1M,CCC(C)c1cc(F)c(F)c(F)c1OF,CCC(C)c1cc(F)c(F)c(F)c1OF,feature,25.0,0.33525989756051233,False
3333,OMG,*Oc1cscc1OC(=O)C1(C(*)=O)CC2CC(C2)C1,COc1cscc1OC(=O)C1(C(C)=O)CC2CC(C2)C1,random,38.0,1.0340483823546922,True
3334,PI1M,CCC(C)C(=O)N/C=C/CC(=O)NC(C)CCCCCCCC,CCCCCCCCC(C)NC(=O)C/C=C/NC(=O)C(C)CC,random,59.0,3.3768743086298603,True
3335,OMG,*NNC(=O)c1ccc(C(=O)NNC(=O)c2c3ccccc3c(C(*)=O)c3ccccc23)cc1,CNNC(=O)c1ccc(C(=O)NNC(=O)c2c3ccccc3c(C(C)=O)c3ccccc23)cc1,coverage,56.0,2.934599081644776,False
3336,PI1M,C[SH](C)(Cl)OCCBr,C[SH](C)(Cl)OCCBr,feature,19.0,0.16023971771432066,False
3337,PI1M,CCCCCCSC(=O)CCCCC(=O)NC,CCCCCCSC(=O)CCCCC(=O)NC,random,42.0,1.3535165667832443,True
3338,omics,*N=P(N=P(N=S(*)(=O)NCCCCCCC)(NCC=C)NCCCCCCC)(NCC=C)NCC=C,C=CCNP(=NC)(N=P(N=S(C)(=O)NCCCCCCC)(NCC=C)NCCCCCCC)NCC=C,dopt,93.0,11.48529398776902,False
3339,PI1M,CNC1CCC(C)S(C)(=O)=[PH]1,CNC1CCC(C)S(C)(=O)=[PH]1,feature,28.0,0.4547556347186134,False
3340,OMG,*OC(COS(=O)(=O)c1ccc(C)cc1)C(COS(=O)(=O)c1ccc(C)cc1)OC(=O)CSCCCC(*)=O,COC(COS(=O)(=O)c1ccc(C)cc1)C(COS(=O)(=O)c1ccc(C)cc1)OC(=O)CSCCCC(C)=O,random,73.0,5.987719929256527,True
3341,PolyInfo,*CCCCCCCCCCC(=O)NCCCCCC(=O)N*,CCCCCCCCCCCC(=O)NCCCCCC(=O)NC,coverage,61.0,3.6936882750981668,False
3342,PI1M,CCCCCCCCCCCCCNc1ccc(-c2ccc(N=C)cc2)cc1,C=Nc1ccc(-c2ccc(NCCCCCCCCCCCCC)cc2)cc1,coverage,66.0,4.5655822516472835,False
3343,OMG,*Nc1nc(S)nc(NC(=O)C2(C(*)=O)CC3(CC(=O)C3)C2)c1N=O,CNc1nc(S)nc(NC(=O)C2(C(C)=O)CC3(CC(=O)C3)C2)c1N=O,dopt,42.0,1.3535165667832443,False
3344,PI1M,COC(C)O[Si](C)(C)O[Si](C)(C)O[Si](C)(C)O[Si](C)(C)O[Si](C)(C)O[Si](C)(C)O[Si](C)(C)C,COC(C)O[Si](C)(C)O[Si](C)(C)O[Si](C)(C)O[Si](C)(C)O[Si](C)(C)O[Si](C)(C)O[Si](C)(C)C,coverage,85.0,9.016954844909401,False
3345,OMG,*Oc1ccc(COC(=O)C(Cl)CCC(*)=O)cc1,COc1ccc(COC(=O)C(Cl)CCC(C)=O)cc1,coverage,36.0,0.8940806826961882,False
3346,PI1M,CC#CC#CC#CC#CC#CCCOC(=O)CCCCCCCCC(=O)OC,CC#CC#CC#CC#CC#CCCOC(=O)CCCCCCCCC(=O)OC,dopt,54.0,2.6611061495015087,False
3347,OMG,*OC(CCC)C(CCC)OC(=O)c1ncc(C(*)=O)cn1,CCCC(OC)C(CCC)OC(=O)c1ncc(C(C)=O)cn1,random,46.0,1.7287872538090088,True
3348,PolyInfo,*CC(*)c1cc(Cl)ccc1Cl,CCC(C)c1cc(Cl)ccc1Cl,coverage,24.0,0.30039397989449834,False
3349,PI1M,CC1CCN(C)CCCCS1,CC1CCN(C)CCCCS1,feature,30.0,0.5474937425136082,False
3350,OMG,*OC(C)c1cccc(OC(=O)CSc2cccc3c(SCC(*)=O)cccc23)c1C,COC(C)c1cccc(OC(=O)CSc2cccc3c(SCC(C)=O)cccc23)c1C,random,57.0,3.0777004384750812,True
3351,PI1M,CC(c1ccccc1)C(C#CC#CC#CC#C)Cc1ccccc1,C#CC#CC#CC#CC(Cc1ccccc1)C(C)c1ccccc1,dopt,42.0,1.3535165667832443,False
3352,omics,*C(c1ccc(N)cc1)C(*)c1ccoc1,CC(c1ccc(N)cc1)C(C)c1ccoc1,coverage,33.0,0.707498434008989,False
3353,OMG,*OCc1cccc(OCCOC(=O)c2cc(OC)cc(C(*)=O)n2)c1,COCc1cccc(OCCOC(=O)c2cc(OC)cc(C(C)=O)n2)c1,random,47.0,1.8317500939966918,True
3354,OMG,*Oc1c(OC)cc(Br)cc1C(CCl)OC(=O)C(CCC(*)=O)NC(=O)OCC1c2ccccc2-c2ccccc21,COc1cc(Br)cc(C(CCl)OC(=O)C(CCC(C)=O)NC(=O)OCC2c3ccccc3-c3ccccc32)c1OC,random,72.0,5.769622518212583,True
3355,PI1M,CNc1cc(Cl)c([Si]c2cc(OC)c(OC(C)=O)c(OC)c2SCCCCCCCC)c(OCCCC)c1,CCCCCCCCSc1c([Si]c2c(Cl)cc(NC)cc2OCCCC)cc(OC)c(OC(C)=O)c1OC,dopt,80.0,7.66011076664799,False
3356,PI1M,CCCCCCCCCCCCCCNC(=O)c1ccc(C(=O)NCCCCNC(=O)c2cccc(C(=O)NC)c2)cc1,CCCCCCCCCCCCCCNC(=O)c1ccc(C(=O)NCCCCNC(=O)c2cccc(C(=O)NC)c2)cc1,coverage,95.0,12.161845525102757,False
3357,PI1M,CCC(C)(C)C(=O)NCC(=O)Nc1ccccc1,CCC(C)(C)C(=O)NCC(=O)Nc1ccccc1,coverage,38.0,1.0340483823546922,False
3358,PI1M,CCCC(C)C(=O)OCCN(C)C,CCCC(C)C(=O)OCCN(C)C,coverage,34.0,0.7666572932453927,False
3359,PI1M,CCC(C)(C)C(=O)OCCCCCCOc1ccc(C(=O)Oc2ccc(COCCN(C)C#N)cc2)cc1,CCC(C)(C)C(=O)OCCCCCCOc1ccc(C(=O)Oc2ccc(COCCN(C)C#N)cc2)cc1,random,78.0,7.155788006079488,True
3360,PI1M,Cc1cc2ccc(C)c(C(=O)OCC)cc-2n1,CCOC(=O)c1cc2nc(C)cc-2ccc1C,feature,32.0,0.6512930237899227,False
3361,PI1M,COC(C)CCCOC(=O)CCCCCCCCC(C)=O,COC(C)CCCOC(=O)CCCCCCCCC(C)=O,coverage,53.0,2.5306091492877196,False
3362,OMG,*OC1CCN(C(=O)C2CC(OC(=O)c3ncc(C(*)=O)cn3)CN2)C1,COC1CCN(C(=O)C2CC(OC(=O)c3ncc(C(C)=O)cn3)CN2)C1,coverage,48.0,1.9384826272146733,False
3363,PI1M,CO[Si](C)(C)CCC(=O)Oc1ccc(/N=N/c2ccc(/N=N/c3ccc([N+](=O)[O-])cc3)cc2)cc1,CO[Si](C)(C)CCC(=O)Oc1ccc(/N=N/c2ccc(/N=N/c3ccc([N+](=O)[O-])cc3)cc2)cc1,coverage,60.0,3.533050524994261,False
3364,OMG,*OC(C)CC(C)OC(=O)C(Br)CC(*)=O,COC(C)CC(C)OC(=O)C(Br)CC(C)=O,coverage,35.0,0.828831072009792,False
3365,PI1M,Cc1ccc(-c2cc(CCCCCCCCCCCCCC)c(C)s2)s1,CCCCCCCCCCCCCCc1cc(-c2ccc(C)s2)sc1C,coverage,64.0,4.202881203832011,False
3366,PI1M,CCCN(CCOC(=O)NCCCCCCOC(=O)NCCCCCCNC(=O)OC)c1ccc(/N=C/c2ccc([N+](=O)[O-])cc2)cc1,CCCN(CCOC(=O)NCCCCCCOC(=O)NCCCCCCNC(=O)OC)c1ccc(/N=C/c2ccc([N+](=O)[O-])cc2)cc1,coverage,98.0,13.22272994707856,False
3367,OMG,*NC(=N)N=C(NC(=O)C(C)(C)SC(=S)SC(C)(C)C(*)=O)Nc1ccc(Cl)cc1,CNC(=N)N=C(NC(=O)C(C)(C)SC(=S)SC(C)(C)C(C)=O)Nc1ccc(Cl)cc1,random,56.0,2.934599081644776,True
3368,PI1M,CCCS(=O)(=O)CCCCS(=O)(=O)CCC(C)=O,CCCS(=O)(=O)CCCCS(=O)(=O)CCC(C)=O,coverage,40.0,1.187037287474881,False
3369,OMG,*Oc1cc(OC(=O)C(C)(Cc2cccc(C)c2)C(*)=O)ccc1C(C)=NNC(=O)c1ccc(OC)cc1,COc1ccc(C(=O)NN=C(C)c2ccc(OC(=O)C(C)(Cc3cccc(C)c3)C(C)=O)cc2OC)cc1,random,70.0,5.348558032191515,True
3370,OMG,*OC(CCCOC(=O)C(CC(*)=O)c1ccccc1Cl)(c1ccccc1)c1ccccc1,COC(CCCOC(=O)C(CC(C)=O)c1ccccc1Cl)(c1ccccc1)c1ccccc1,random,62.0,3.858838735716932,True
3371,PI1M,CCP(C)(=S)N=CN(C)CCCCCC,CCCCCCN(C)C=NP(C)(=S)CC,feature,40.0,1.187037287474881,False
3372,PolyInfo,*c1ccc(CCCCCCc2ccc(-c3csc(-c4nc(*)cs4)n3)cc2)cc1,Cc1ccc(CCCCCCc2ccc(-c3csc(-c4nc(C)cs4)n3)cc2)cc1,coverage,58.0,3.2251081841016833,False
3373,OMG,*Nc1ccc(C(=O)NN=C(C)c2ccc(NC(=O)C(C(C(*)=O)N(Cc3ccccc3)C(=O)OCC)N(Cc3ccccc3)C(=O)OCC)cc2)cc1,CCOC(=O)N(Cc1ccccc1)C(C(C)=O)C(C(=O)Nc1ccc(C(C)=NNC(=O)c2ccc(NC)cc2)cc1)N(Cc1ccccc1)C(=O)OCC,random,100.0,13.96120758869343,True
3374,PI1M,C/C=C(/C)CCCCO,C/C=C(/C)CCCCO,coverage,25.0,0.33525989756051233,False
3375,OMG,*Oc1cc(OC(=O)c2cc(C(*)=O)c(Cl)nc2C)ccc1CC,CCc1ccc(OC(=O)c2cc(C(C)=O)c(Cl)nc2C)cc1OC,random,42.0,1.3535165667832443,True
3376,OMG,*Nc1cc(SC)c(NC(=O)c2cc(Br)cnc2C(*)=O)cc1F,CNc1cc(SC)c(NC(=O)c2cc(Br)cnc2C(C)=O)cc1F,random,39.0,1.1088856862834737,True
3377,omics,*CC(*)(C)CC(=O)OC,CCC(C)(C)CC(=O)OC,coverage,26.0,0.372564345698904,False
3378,OMG,*Oc1cc(C(C)=O)ccc1OC(=O)c1cc(C(*)=O)ccc1S,COc1cc(C(C)=O)ccc1OC(=O)c1cc(C(C)=O)ccc1S,coverage,40.0,1.187037287474881,False
3379,PI1M,CCC(C)c1ccccc1COCCOCCOCCOCC,CCOCCOCCOCCOCc1ccccc1C(C)CC,coverage,55.0,2.7957518399460364,False
3380,omics,*C1C2CC(CC(O)C(O)C(O)C(O)CO)C(C2)C1*,CC1C2CC(CC(O)C(O)C(O)C(O)CO)C(C2)C1C,dopt,48.0,1.9384826272146733,False
3381,PI1M,CCCN(C)c1ccc(-c2ccc(C#N)cc2)cc1,CCCN(C)c1ccc(-c2ccc(C#N)cc2)cc1,coverage,37.0,0.9624665003915307,False
3382,OMG,*OC(CSc1ccccc1)C(CCl)OC(=O)C(N)C(*)=O,COC(CSc1ccccc1)C(CCl)OC(=O)C(N)C(C)=O,coverage,42.0,1.3535165667832443,False
3383,OMG,*OCC(COC(=O)C(N)CC(Cl)C(*)=O)(c1ccccc1)c1ccccc1,COCC(COC(=O)C(N)CC(Cl)C(C)=O)(c1ccccc1)c1ccccc1,random,54.0,2.6611061495015087,True
3384,OMG,*NC12CCCC(NC(=O)C(C)(Cl)CSSCC(C)(Cl)C(*)=O)(CC1)CC2,CNC12CCCC(NC(=O)C(C)(Cl)CSSCC(C)(Cl)C(C)=O)(CC1)CC2,dopt,59.0,3.3768743086298603,False
3385,OMG,*Oc1c(F)c(F)c(F)c(OC(=O)C2NC(C(*)=O)SC2(C)C)c1F,COc1c(F)c(F)c(F)c(OC(=O)C2NC(C(C)=O)SC2(C)C)c1F,random,40.0,1.187037287474881,True
3386,PI1M,Cc1cc(CC#N)c(C)s1,Cc1cc(CC#N)c(C)s1,random,19.0,0.16023971771432066,True
3387,omics,*/C=C(/*)CCCCCC,C/C=C(/C)CCCCCC,coverage,30.0,0.5474937425136082,False
3388,PI1M,CCCCCOC(=O)/C=C/C(=O)OCCCCCCOC(=O)c1ccc(/C=C/c2ccc(C(=O)OC)cc2)cc1,CCCCCOC(=O)/C=C/C(=O)OCCCCCCOC(=O)c1ccc(/C=C/c2ccc(C(=O)OC)cc2)cc1,random,78.0,7.155788006079488,True
3389,PI1M,CCC/C=C/CCCCCCCC/C=C/C(=O)CCCCOC,CCC/C=C/CCCCCCCC/C=C/C(=O)CCCCOC,random,61.0,3.6936882750981668,True
3390,PI1M,CCCCCCCCCCCCCOC(=O)/C(=C/C=C/C(=O)OC)CC(=O)OCc1ccccc1,CCCCCCCCCCCCCOC(=O)/C(=C/C=C/C(=O)OC)CC(=O)OCc1ccccc1,random,77.0,6.911670651446108,True
3391,PI1M,C/N=N/c1ccc(Cc2ccc(N(c3ccccc3)c3ccc(C)cc3)cc2)cc1,C/N=N/c1ccc(Cc2ccc(N(c3ccccc3)c3ccc(C)cc3)cc2)cc1,coverage,55.0,2.7957518399460364,False
3392,PI1M,CCCCC(=C=C=C)CCCCCSSCC,C=C=C=C(CCCC)CCCCCSSCC,random,43.0,1.4419597242422257,True
3393,OMG,*Oc1cc(OC(=O)C23c4ccccc4C(C(*)=O)(c4ccccc42)c2ccccc23)ccc1C(=O)C=P(c1ccccc1)(c1ccccc1)c1ccccc1,COc1cc(OC(=O)C23c4ccccc4C(C(C)=O)(c4ccccc42)c2ccccc23)ccc1C(=O)C=P(c1ccccc1)(c1ccccc1)c1ccccc1,dopt,93.0,11.48529398776902,False
3394,PI1M,CCCCn1c(=O)c2cc3c(=O)n(C)c(=O)c3cc2c(=O)n(S(=O)(=O)O)c2ccccc21,CCCCn1c(=O)c2cc3c(=O)n(C)c(=O)c3cc2c(=O)n(S(=O)(=O)O)c2ccccc21,feature,51.0,2.2818482460254073,False
3395,PI1M,CCC(C)(C(=O)OCl)C(C)C,CCC(C)(C(=O)OCl)C(C)C,feature,26.0,0.372564345698904,False
3396,PI1M,CCCCCOc1ccc(C=C)cc1,C=Cc1ccc(OCCCCC)cc1,coverage,32.0,0.6512930237899227,False
3397,PI1M,CCC(F)(F)C(F)(F)C(F)(F)C(F)(F)C(F)(F)C(F)(F)CC(F)(F)C(F)(F)COC(=O)CCC(=O)N(C)C(=O)OCCCCOC(=O)c1ccncc1C,CCC(F)(F)C(F)(F)C(F)(F)C(F)(F)C(F)(F)C(F)(F)CC(F)(F)C(F)(F)COC(=O)CCC(=O)N(C)C(=O)OCCCCOC(=O)c1ccncc1C,random,84.0,8.734423876530629,True
3398,PolyInfo,*CC(*)C(=O)c1ccccc1O,CCC(C)C(=O)c1ccccc1O,coverage,27.0,0.41237422298650106,False
3399,PI1M,CC(=O)c1ccc2cc(nc(N=C)cc1)C2=O,C=Nc1ccc(C(C)=O)ccc2cc(n1)C2=O,feature,27.0,0.41237422298650106,False
3400,OMG,*OC1C2OC(C)(OC)C(C)(OC)OC2C(OC(=O)C23c4ccccc4C(C(*)=O)(c4ccccc42)c2ccccc23)C2OC(C)(OC)C(C)(OC)OC12,COC1C2OC(C)(OC)C(C)(OC)OC2C(OC(=O)C23c4ccccc4C(C(C)=O)(c4ccccc42)c2ccccc23)C2OC(C)(OC)C(C)(OC)OC12,dopt,102.0,14.725072667614862,False
3401,PI1M,CO[Si](C)(F)OC(F)(F)F,CO[Si](C)(F)OC(F)(F)F,feature,16.0,0.1009266220636141,False
3402,PI1M,CNNC(=S)SSC,CNNC(=S)SSC,feature,16.0,0.1009266220636141,False
3403,PI1M,COc1ccc(NC(=O)c2ccc(C(C)=O)cc2S(=O)(=O)O)c(Cl)c1,COc1ccc(NC(=O)c2ccc(C(C)=O)cc2S(=O)(=O)O)c(Cl)c1,coverage,39.0,1.1088856862834737,False
3404,PI1M,CCC(=O)NNC(=O)c1ccc(C(=O)NNC(=O)c2ccc([PH](C)(C)C)cc2)cc1,CCC(=O)NNC(=O)c1ccc(C(=O)NNC(=O)c2ccc([PH](C)(C)C)cc2)cc1,dopt,57.0,3.0777004384750812,False
3405,PI1M,CCC(OC(C)=O)C(C)(C)CC(C)C,CCC(OC(C)=O)C(C)(C)CC(C)C,coverage,38.0,1.0340483823546922,False
3406,omics,*Oc1ccc(/C=C/C(=O)c2ccc(*)cc2)cc1,COc1ccc(/C=C/C(=O)c2ccc(C)cc2)cc1,coverage,35.0,0.828831072009792,False
3407,PI1M,CNc1ccc(C(=O)c2ccc(C)cc2)cc1C(F)(F)F,CNc1ccc(C(=O)c2ccc(C)cc2)cc1C(F)(F)F,random,35.0,0.828831072009792,True
3408,PI1M,CCC(C)OC(C)CNBr,CCC(C)OC(C)CNBr,feature,26.0,0.372564345698904,False
3409,omics,*CC(C)(O*)c1ccccc1,CCC(C)(OC)c1ccccc1,coverage,28.0,0.4547556347186134,False
3410,OMG,*NC(CC(=NOC(=O)Nc1ccc(Cl)cc1)NC(=O)c1ccc(NC(=O)c2ccc(C(=O)Nc3ccc(C(*)=O)cc3)cc2)cc1)=NOC(=O)Nc1ccc(Cl)cc1,CNC(CC(=NOC(=O)Nc1ccc(Cl)cc1)NC(=O)c1ccc(NC(=O)c2ccc(C(=O)Nc3ccc(C(C)=O)cc3)cc2)cc1)=NOC(=O)Nc1ccc(Cl)cc1,dopt,93.0,11.48529398776902,False
3411,PI1M,COP(=O)(OC)OP(=O)(OC(C)=O)OC(C)(C)O[Si](C)(C)O[Si](C)(C)O[Si](C)(C)O[Si](C)(C)CCCC(C)=O,COP(=O)(OC)OP(=O)(OC(C)=O)OC(C)(C)O[Si](C)(C)O[Si](C)(C)O[Si](C)(C)O[Si](C)(C)CCCC(C)=O,dopt,87.0,9.599083603550964,False
3412,PI1M,C/C=C/CC(CC)CSC,C/C=C/CC(CC)CSC,coverage,28.0,0.4547556347186134,False
3413,OMG,*Oc1ccccc1C=Nc1ccccc1OCOc1ccccc1N=Cc1ccccc1OC(=O)CCN(CCC(*)=O)S(=O)(=O)c1ccc(C)c(C)c1,COc1ccccc1C=Nc1ccccc1OCOc1ccccc1N=Cc1ccccc1OC(=O)CCN(CCC(C)=O)S(=O)(=O)c1ccc(C)c(C)c1,random,98.0,13.22272994707856,True
3414,PI1M,CCc1ccc(C(=O)OCCOC(=O)c2ccc(C(=O)OC)cc2)cc1,CCc1ccc(C(=O)OCCOC(=O)c2ccc(C(=O)OC)cc2)cc1,coverage,46.0,1.7287872538090088,False
3415,PI1M,C/C=C/[Si](C)(C=C)CC(=O)N(C)C,C=C[Si](C)(/C=C/C)CC(=O)N(C)C,random,32.0,0.6512930237899227,True
3416,omics,*C1CC(c2cc(NCCCc3cccc(C)c3)nc(N3C(=O)c4ccc(OCOc5ccc6c(c5)C(=O)N(*)C6=O)cc4C3=O)n2)C1,Cc1cccc(CCCNc2cc(C3CC(C)C3)nc(N3C(=O)c4ccc(OCOc5ccc6c(c5)C(=O)N(C)C6=O)cc4C3=O)n2)c1,random,83.0,8.457520383218988,True
3417,PI1M,COC(=O)CCCCN(C)c1ccccc1,COC(=O)CCCCN(C)c1ccccc1,coverage,35.0,0.828831072009792,False
3418,PI1M,CC(=O)NCC(F)(F)C(F)(F)C(F)(F)C(F)(F)C(F)(F)C(F)(F)C(F)(F)C(F)(F)C(F)(F)C(C)(F)F,CC(=O)NCC(F)(F)C(F)(F)C(F)(F)C(F)(F)C(F)(F)C(F)(F)C(F)(F)C(F)(F)C(F)(F)C(C)(F)F,coverage,45.0,1.629538578803666,False
3419,PI1M,CCC[SiH2]CCOC(=O)NCCCCCCNC(=O)SC,CCC[SiH2]CCOC(=O)NCCCCCCNC(=O)SC,dopt,51.0,2.2818482460254073,False
3420,omics,*c1ccc2[nH]c(-c3ccc4sc5ccc(-c6nc7cc8nc(*)[nH]c8cc7[nH]6)cc5c4c3)nc2c1,Cc1ccc2[nH]c(-c3ccc4sc5ccc(-c6nc7cc8nc(C)[nH]c8cc7[nH]6)cc5c4c3)nc2c1,dopt,56.0,2.934599081644776,False
3421,OMG,*Nc1cc(NC(=O)c2c(Cl)c(Cl)c(C(*)=O)c(Cl)c2Cl)cc(S(F)(F)(F)(F)F)c1,CNc1cc(NC(=O)c2c(Cl)c(Cl)c(C(C)=O)c(Cl)c2Cl)cc(S(F)(F)(F)(F)F)c1,dopt,41.0,1.2685615949723126,False
3422,OMG,*Nc1cc(C(F)(F)F)cc(F)c1NC(=O)C1(C(*)=O)CC(OCc2ccccc2)C1,CNc1cc(C(F)(F)F)cc(F)c1NC(=O)C1(C(C)=O)CC(OCc2ccccc2)C1,random,53.0,2.5306091492877196,True
3423,PI1M,CCC(C)(C#[SH])C(=O)OC,CCC(C)(C#[SH])C(=O)OC,feature,22.0,0.23770591902308572,False
3424,OMG,*Nc1cc(C(C)=O)cc(Br)c1NC(=O)CCCCCCCCCCCCCCCCCCCCCCCCCCCCCCC(*)=O,CNc1cc(C(C)=O)cc(Br)c1NC(=O)CCCCCCCCCCCCCCCCCCCCCCCCCCCCCCC(C)=O,random,121.0,23.313937656831943,True
3425,PI1M,COc1ccc(CC(NC(=O)CCCC(C)=O)c2ccc(OC)cc2)cc1,COc1ccc(CC(NC(=O)CCCC(C)=O)c2ccc(OC)cc2)cc1,coverage,54.0,2.6611061495015087,False
3426,PI1M,CCC1=NNC(=C)CCOC(=O)N1,C=C1CCOC(=O)NC(CC)=NN1,feature,26.0,0.372564345698904,False
3427,PI1M,C/C=C/[Si](C)(C)c1ccc(CCCCCC[Si](C)(C)C)cc1,C/C=C/[Si](C)(C)c1ccc(CCCCCC[Si](C)(C)C)cc1,random,58.0,3.2251081841016833,True
3428,OMG,*OC(OC(=O)C1=CCC=C(C(*)=O)O1)(C(=O)c1cc(Cl)cc(Cl)c1)C(F)(F)F,COC(OC(=O)C1=CCC=C(C(C)=O)O1)(C(=O)c1cc(Cl)cc(Cl)c1)C(F)(F)F,random,42.0,1.3535165667832443,True
3429,PI1M,CCC(C)c1cccc(S(=O)(=O)O)c1,CCC(C)c1cccc(S(=O)(=O)O)c1,coverage,28.0,0.4547556347186134,False
3430,PI1M,CCC(=O)c1ccc(C(=O)NCCCCCCCCCCNC(=O)c2ccc(C)o2)o1,CCC(=O)c1ccc(C(=O)NCCCCCCCCCCNC(=O)c2ccc(C)o2)o1,random,65.0,4.381874289318153,True
3431,PI1M,CCC(COC(=O)NC)c1ccccc1,CCC(COC(=O)NC)c1ccccc1,coverage,32.0,0.6512930237899227,False
3432,OMG,*Oc1c(Cl)cc(Cl)c(Cl)c1Sc1c(Cl)c(Cl)cc(Cl)c1OC(=O)c1cccc(CSCC(*)=O)c1,COc1c(Cl)cc(Cl)c(Cl)c1Sc1c(Cl)c(Cl)cc(Cl)c1OC(=O)c1cccc(CSCC(C)=O)c1,dopt,52.0,2.404207673904035,False
3433,PI1M,CC(C)C(=O)OCc1ccccc1,CC(C)C(=O)OCc1ccccc1,coverage,27.0,0.41237422298650106,False
3434,PI1M,CNNC(=S)C(C)=S,CNNC(=S)C(C)=S,feature,16.0,0.1009266220636141,False
3435,PI1M,CC(=O)Nc1ccc(NC(=O)c2cccc(C)c2)cc1,CC(=O)Nc1ccc(NC(=O)c2cccc(C)c2)cc1,coverage,36.0,0.8940806826961882,False
3436,OMG,*OC1C(OCc2ccccc2)C(OC(=O)c2ccccc2)C(OC(=O)c2ccccc2)C(OCc2ccccc2)C1OC(=O)C1CSCC(C(*)=O)N1C(=O)OC(C)(C)C,COC1C(OCc2ccccc2)C(OC(=O)c2ccccc2)C(OC(=O)c2ccccc2)C(OCc2ccccc2)C1OC(=O)C1CSCC(C(C)=O)N1C(=O)OC(C)(C)C,random,112.0,18.937361326636623,True
3437,PI1M,CCC(C)CSP(=O)(Cl)NC,CCC(C)CSP(=O)(Cl)NC,feature,26.0,0.372564345698904,False
3438,PI1M,CC#C/C=C/SSC,CC#C/C=C/SSC,feature,16.0,0.1009266220636141,False
3439,PI1M,CCCN1C(=O)c2ccc(C(=O)c3ccc4c(c3)C(=O)N(C)C4=O)cc2C1=O,CCCN1C(=O)c2ccc(C(=O)c3ccc4c(c3)C(=O)N(C)C4=O)cc2C1=O,coverage,44.0,1.5339481655863532,False
3440,PI1M,CCC(C)(C)C(=O)OCCC(=O)OCCOc1ccc(OC(=O)c2ccc(OCCCCCC)cc2)cc1,CCCCCCOc1ccc(C(=O)Oc2ccc(OCCOC(=O)CCOC(=O)C(C)(C)CC)cc2)cc1,random,78.0,7.155788006079488,True
3441,PI1M,CCC1CCC(C)C[Si](C)(C)[Si]1,CCC1CCC(C)C[Si](C)(C)[Si]1,feature,34.0,0.7666572932453927,False
3442,OMG,*OC(CSc1ccc(Cl)cc1)C(CCl)OC(=O)C1CC1C(*)=O,COC(CSc1ccc(Cl)cc1)C(CCl)OC(=O)C1CC1C(C)=O,coverage,44.0,1.5339481655863532,False
3443,OMG,*Oc1cc(OC(=O)C(CCc2ccccc2Br)C(*)=O)cc(OC)c1C(C)=O,COc1cc(OC(=O)C(CCc2ccccc2Br)C(C)=O)cc(OC)c1C(C)=O,random,52.0,2.404207673904035,True
3444,omics,*C1(F)OOC1(*)F,CC1(F)OOC1(C)F,feature,14.0,0.07047050774391327,False
3445,PI1M,Cc1ccc([Si](C)(C)CCCC)s1,CCCC[Si](C)(C)c1ccc(C)s1,coverage,33.0,0.707498434008989,False
3446,PI1M,C/C=C/C1CC(C)C(OC(=O)CCCCCCC(=O)OCC)C1,C/C=C/C1CC(C)C(OC(=O)CCCCCCC(=O)OCC)C1,coverage,55.0,2.7957518399460364,False
3447,PI1M,COc1ccc(CC(C)c2ccccc2)cc1,COc1ccc(CC(C)c2ccccc2)cc1,coverage,35.0,0.828831072009792,False
3448,PI1M,CO[Si](C)(C)CCCOCCOCCOCCOCCO,CO[Si](C)(C)CCCOCCOCCOCCOCCO,coverage,53.0,2.5306091492877196,False
3449,PI1M,CCC(O)COc1ccc(-c2ccc(OCC(O)COc3ccc(C(C)=O)cc3)cc2)cc1,CCC(O)COc1ccc(-c2ccc(OCC(O)COc3ccc(C(C)=O)cc3)cc2)cc1,coverage,63.0,4.0285528241783775,False
3450,PI1M,CCC(CCOC(=O)CCCCC(=O)O)C(C)=O,CCC(CCOC(=O)CCCCC(=O)O)C(C)=O,random,40.0,1.187037287474881,True
3451,PI1M,C/C=C/c1ccc([Si](C)(CCCCC)CCCCCCCCC)cc1,C/C=C/c1ccc([Si](C)(CCCCC)CCCCCCCCC)cc1,coverage,67.0,4.754055023099274,False
3452,OMG,*Nc1cc(OC)c(NC(=O)c2cc(C(=O)OC(C)C)c(C(*)=O)cc2C(=O)OC(C)C)cc1OC,CNc1cc(OC)c(NC(=O)c2cc(C(=O)OC(C)C)c(C(C)=O)cc2C(=O)OC(C)C)cc1OC,coverage,68.0,4.947342301951497,False
3453,PI1M,COS(=O)(=O)c1ccc(S(=O)(=O)c2cccc(C(C)=O)c2)cc1,COS(=O)(=O)c1ccc(S(=O)(=O)c2cccc(C(C)=O)c2)cc1,coverage,37.0,0.9624665003915307,False
3454,OMG,*Oc1ccc(OC(=O)C2CCC(C(*)=O)O2)c(C(=O)Cl)c1Br,COc1ccc(OC(=O)C2CCC(C(C)=O)O2)c(C(=O)Cl)c1Br,random,37.0,0.9624665003915307,True
3455,PI1M,CN=P(C)(OCCOC)O[Si](C)(C)OCCOc1ccc(C(=O)Oc2ccc(Br)cc2)cc1SSC,CN=P(C)(OCCOC)O[Si](C)(C)OCCOc1ccc(C(=O)Oc2ccc(Br)cc2)cc1SSC,random,69.0,5.145493557044269,True
3456,OMG,*Oc1ccccc1C(=O)NN=Cc1ccccc1OC(=O)C(CCC(*)=O)N(Cc1ccccc1)Cc1ccccc1,COc1ccccc1C(=O)NN=Cc1ccccc1OC(=O)C(CCC(C)=O)N(Cc1ccccc1)Cc1ccccc1,random,78.0,7.155788006079488,True
3457,PI1M,CO[Si](C)(C)O[Si](C)(C)O[Si](C)(C)O[Si](C)(C)O[Si](C)(C)O[Si](C)(C)O[Si](C)(C)O[Si](C)(C)O[Si](C)(C)O[Si](C)(C)O[Si](C)(C)C(C)(C)C,CO[Si](C)(C)O[Si](C)(C)O[Si](C)(C)O[Si](C)(C)O[Si](C)(C)O[Si](C)(C)O[Si](C)(C)O[Si](C)(C)O[Si](C)(C)O[Si](C)(C)O[Si](C)(C)C(C)(C)C,dopt,127.0,26.555531250632615,False
3458,PI1M,CCCCCCCCCCCOC(=O)CCCc1ccc(/C=C/C(=O)OC)cc1,CCCCCCCCCCCOC(=O)CCCc1ccc(/C=C/C(=O)OC)cc1,coverage,67.0,4.754055023099274,False
3459,OMG,*Nc1cc(F)c(NC(=O)CN(CC(*)=O)S(=O)(=O)c2ccc(OC)cc2)cc1F,CNc1cc(F)c(NC(=O)CN(CC(C)=O)S(=O)(=O)c2ccc(OC)cc2)cc1F,coverage,51.0,2.2818482460254073,False
3460,PI1M,CCCCCCCCCCCCCCCCCCSSC,CCCCCCCCCCCCCCCCCCSSC,coverage,61.0,3.6936882750981668,False
3461,OMG,*OCC(COC(=O)C12CC(C(*)=O)(CO1)C2)C(F)(F)F,COCC(COC(=O)C12CC(C(C)=O)(CO1)C2)C(F)(F)F,coverage,38.0,1.0340483823546922,False
3462,OMG,*Oc1c(C(=O)OC)nc(OC(=O)c2ccccc2NC(=O)Cc2ccccc2C(*)=O)c2ccccc12,COC(=O)c1nc(OC(=O)c2ccccc2NC(=O)Cc2ccccc2C(C)=O)c2ccccc2c1OC,random,62.0,3.858838735716932,True
3463,PI1M,CCCCCCCCCCOc1ccc(CCCNC(=O)CCc2ccc(OC)cc2)cc1,CCCCCCCCCCOc1ccc(CCCNC(=O)CCc2ccc(OC)cc2)cc1,random,76.0,6.672852850107062,True
3464,OMG,*OC(CCOC(=O)C(CS)NCCNC(CS)C(*)=O)c1ccccn1,COC(CCOC(=O)C(CS)NCCNC(CS)C(C)=O)c1ccccn1,random,56.0,2.934599081644776,True
3465,OMG,*OCC(COC(=O)c1cccc(F)c1CC(*)=O)NC=O,COCC(COC(=O)c1cccc(F)c1CC(C)=O)NC=O,random,40.0,1.187037287474881,True
3466,OMG,*OCC1(COC(=O)CSCCCC(*)=O)CC1S(C)(=O)=O,COCC1(COC(=O)CSCCCC(C)=O)CC1S(C)(=O)=O,random,46.0,1.7287872538090088,True
3467,PI1M,CCC(C)(CC)C(=O)OCCCCCCCCCCCCCCCCCCCCCC,CCCCCCCCCCCCCCCCCCCCCCOC(=O)C(C)(CC)CC,coverage,89.0,10.204273787941979,False
3468,PI1M,COC(=O)CCCCCCCCCCCCC(=O)OCCCCCCOc1ccc(C)cc1,COC(=O)CCCCCCCCCCCCC(=O)OCCCCCCOc1ccc(C)cc1,coverage,79.0,7.405252308862643,False
3469,OMG,*OC1=NS(=O)(=O)N=C1OC(=O)CCN(CCC(*)=O)S(=O)(=O)c1ccc(C)c(C)c1,COC1=NS(=O)(=O)N=C1OC(=O)CCN(CCC(C)=O)S(=O)(=O)c1ccc(C)c(C)c1,dopt,54.0,2.6611061495015087,False
3470,PI1M,CO[Si](C)(Br)C(=O)Oc1cccc(Cl)c1,CO[Si](C)(Br)C(=O)Oc1cccc(Cl)c1,feature,25.0,0.33525989756051233,False
3471,OMG,*OCCCCCCCCOC(=O)C1(C(*)=O)CCC(=O)CS1,COCCCCCCCCOC(=O)C1(C(C)=O)CCC(=O)CS1,coverage,51.0,2.2818482460254073,False
3472,OMG,*Oc1c(C=O)ccc(OC(=O)C(S)CC(*)=O)c1Cl,COc1c(C=O)ccc(OC(=O)C(S)CC(C)=O)c1Cl,random,33.0,0.707498434008989,True
3473,PI1M,CC(=O)Oc1ccc(C)cc1C,CC(=O)Oc1ccc(C)cc1C,coverage,24.0,0.30039397989449834,False
3474,omics,*c1ccc(-c2ccc(-c3ccc(*)cc3)c(OCCCCCCCC)c2)cc1,CCCCCCCCOc1cc(-c2ccc(C)cc2)ccc1-c1ccc(C)cc1,coverage,63.0,4.0285528241783775,False
3475,PI1M,COC(=O)C(Cc1ccccc1)NC(=O)CCCCCCC(C)=O,COC(=O)C(Cc1ccccc1)NC(=O)CCCCCCC(C)=O,coverage,51.0,2.2818482460254073,False
3476,OMG,*Oc1cc(OC(=O)C(C)CCC(*)=O)cc(N)c1Cl,COc1cc(OC(=O)C(C)CCC(C)=O)cc(N)c1Cl,random,38.0,1.0340483823546922,True
3477,OMG,*OC(COC(=O)C(C)(CC(*)=O)NC(=O)OC(C)(C)C)COc1cccc2ccccc12,COC(COC(=O)C(C)(CC(C)=O)NC(=O)OC(C)(C)C)COc1cccc2ccccc12,random,66.0,4.5655822516472835,True
3478,PI1M,C/C=C(/C)CNC(=O)c1ccccn1,C/C=C(/C)CNC(=O)c1ccccn1,coverage,28.0,0.4547556347186134,False
3479,PI1M,Cc1ccc(-c2cc(-c3ccccc3)c(C)cc2-c2ccccc2)cc1,Cc1ccc(-c2cc(-c3ccccc3)c(C)cc2-c2ccccc2)cc1,coverage,48.0,1.9384826272146733,False
3480,PI1M,COc1ccc(/N=C(\c2ccc(Br)cc2)c2ccc(Oc3ccc(-c4ccc(C)cc4)cc3)cc2)cc1,COc1ccc(/N=C(\c2ccc(Br)cc2)c2ccc(Oc3ccc(-c4ccc(C)cc4)cc3)cc2)cc1,random,63.0,4.0285528241783775,True
3481,PI1M,CCC(C)(C)C(=O)OCCCS(=O)(=O)OC(C)C,CCC(C)(C)C(=O)OCCCS(=O)(=O)OC(C)C,random,42.0,1.3535165667832443,True
3482,OMG,*Nc1ccc(NC(=O)c2cccc(N=Cc3ccc(C=Nc4cccc(C(*)=O)c4)cc3)c2)cc1,CNc1ccc(NC(=O)c2cccc(N=Cc3ccc(C=Nc4cccc(C(C)=O)c4)cc3)c2)cc1,coverage,62.0,3.858838735716932,False
3483,PI1M,CSc1ccc(C(C)(CC)c2ccc(C(C)=O)cc2)cc1,CCC(C)(c1ccc(SC)cc1)c1ccc(C(C)=O)cc1,coverage,43.0,1.4419597242422257,False
3484,OMG,*Oc1c(OC(=O)C2NC(C(*)=O)SC2(C)C)nc(C2CC2)nc1C(=O)OCC,CCOC(=O)c1nc(C2CC2)nc(OC(=O)C2NC(C(C)=O)SC2(C)C)c1OC,random,54.0,2.6611061495015087,True
3485,OMG,*OC1C(OCc2ccccc2)C(OCc2ccccc2)C(OCc2ccccc2)C(OCc2ccccc2)C1OC(=O)c1cc(C(*)=O)ccc1S,COC1C(OCc2ccccc2)C(OCc2ccccc2)C(OCc2ccccc2)C(OCc2ccccc2)C1OC(=O)c1cc(C(C)=O)ccc1S,coverage,97.0,12.862901673682583,False
3486,OMG,*OCCN(C#N)CCOC(=O)C1CSCN1C(=O)C(*)=O,COCCN(C#N)CCOC(=O)C1CSCN1C(=O)C(C)=O,random,41.0,1.2685615949723126,True
3487,PI1M,CCC(F)(F)C(F)(F)C(F)(F)C(F)(F)C(F)(F)C(F)(F)C(F)(F)C(F)(F)C(F)(F)C(F)(F)C(C)(F)F,CCC(F)(F)C(F)(F)C(F)(F)C(F)(F)C(F)(F)C(F)(F)C(F)(F)C(F)(F)C(F)(F)C(F)(F)C(C)(F)F,coverage,44.0,1.5339481655863532,False
3488,OMG,*OCCn1nc(OC(=O)c2ncc(C(*)=O)cn2)cc1CC,CCc1cc(OC(=O)c2ncc(C(C)=O)cn2)nn1CCOC,random,41.0,1.2685615949723126,True
3489,OMG,*Nc1ccccc1NC(=O)C(C)CSSCC(C)C(*)=O,CNc1ccccc1NC(=O)C(C)CSSCC(C)C(C)=O,coverage,46.0,1.7287872538090088,False
3490,PI1M,Cc1ccc(-n2on2-c2ccc(C)s2)s1,Cc1ccc(-n2on2-c2ccc(C)s2)s1,feature,25.0,0.33525989756051233,False
3491,PI1M,Cc1ccc(N(c2ccccc2)c2cccc(C)c2)cc1,Cc1ccc(N(c2ccccc2)c2cccc(C)c2)cc1,coverage,40.0,1.187037287474881,False
3492,OMG,*OC(C(=O)NC1CC1)C(OC(=O)C(S)CC(*)=O)C(=O)NC1CC1,COC(C(=O)NC1CC1)C(OC(=O)C(S)CC(C)=O)C(=O)NC1CC1,dopt,49.0,2.04904001620089,False
3493,OMG,*Oc1cc(OC(=O)C2(C(*)=O)CCOCC2)ccc1C(C)(C)C,COc1cc(OC(=O)C2(C(C)=O)CCOCC2)ccc1C(C)(C)C,random,50.0,2.1634770685187323,True
3494,OMG,*OC1(COC(=O)C(N)CC(Cl)C(*)=O)CC(F)(F)C1,COC1(COC(=O)C(N)CC(Cl)C(C)=O)CC(F)(F)C1,random,38.0,1.0340483823546922,True
3495,omics,*/C=C/C(C*)CCCOC(=O)C=Cc1ccc(C(C)(C)C)cc1,C/C=C/C(CC)CCCOC(=O)C=Cc1ccc(C(C)(C)C)cc1,random,56.0,2.934599081644776,True
3496,OMG,*Oc1cc(OC(=O)CCN(CCC(*)=O)C(=O)OCc2ccccc2)c(Cl)cc1C,COc1cc(OC(=O)CCN(CCC(C)=O)C(=O)OCc2ccccc2)c(Cl)cc1C,random,57.0,3.0777004384750812,True
3497,OMG,*OC(CCl)C(CSCC(=O)OC)OC(=O)CCCSCCCC(*)=O,COC(=O)CSCC(OC(=O)CCCSCCCC(C)=O)C(CCl)OC,coverage,55.0,2.7957518399460364,False
3498,PI1M,CNC(=O)C(C)=[SH],CNC(=O)C(C)=[SH],feature,15.0,0.08484152603281661,False
3499,PI1M,COC(=O)N1CCN(C(=O)CCCCC(=O)OC(=O)CCCNC(C)=O)CC1,COC(=O)N1CCN(C(=O)CCCCC(=O)OC(=O)CCCNC(C)=O)CC1,random,57.0,3.0777004384750812,True
3500,PI1M,CCCCCCCCCCCS(=O)(=O)CCCS(=O)(=S)CCCOC,CCCCCCCCCCCS(=O)(=O)CCCS(=O)(=S)CCCOC,dopt,63.0,4.0285528241783775,False
3501,PI1M,CCCC(COC)C(CC)COC,CCCC(COC)C(CC)COC,coverage,37.0,0.9624665003915307,False
3502,OMG,*OCCOCCOCCOCCOCCOCCOCCOCCOCCOCCOCCOCCOCCOC(=O)C1CCC1C(*)=O,COCCOCCOCCOCCOCCOCCOCCOCCOCCOCCOCCOCCOCCOC(=O)C1CCC1C(C)=O,coverage,114.0,19.860813568401994,False
3503,PI1M,Cc1nc(C)c(O)o1,Cc1nc(C)c(O)o1,feature,15.0,0.08484152603281661,False
3504,PI1M,CCC(F)(F)S(C)(F)Cl,CCC(F)(F)S(C)(F)Cl,feature,17.0,0.11880386870633687,False
3505,PI1M,CNc1ccc(C#Cc2ccc(OCCC[Si](C)(C)O[Si](C)(C)[PH](C)(C#N)CS(C)(C)C)cc2)cc1,CNc1ccc(C#Cc2ccc(OCCC[Si](C)(C)O[Si](C)(C)[PH](C)(C#N)CS(C)(C)C)cc2)cc1,dopt,81.0,7.920410401396693,False
3506,PI1M,CCCCCOC(=O)c1ccc(/C=C/c2ccc(/C=C/c3ccc(OC)cc3)cc2)cc1,CCCCCOC(=O)c1ccc(/C=C/c2ccc(/C=C/c3ccc(OC)cc3)cc2)cc1,random,62.0,3.858838735716932,True
3507,PI1M,CO[Si]CCCCCS(C)(=O)=O,CO[Si]CCCCCS(C)(=O)=O,dopt,28.0,0.4547556347186134,False
3508,OMG,*Oc1c(OCc2ccccc2)cccc1OC(=O)C1(C(*)=O)CCC(=O)CS1,COc1c(OCc2ccccc2)cccc1OC(=O)C1(C(C)=O)CCC(=O)CS1,coverage,51.0,2.2818482460254073,False
3509,PI1M,C/N=C(/C)c1cc(F)ccc1Br,C/N=C(/C)c1cc(F)ccc1Br,coverage,21.0,0.2097456137295212,False
3510,omics,*CCCCCCc1ccc(C*)cc1,CCCCCCCc1ccc(CC)cc1,coverage,39.0,1.1088856862834737,False
3511,OMG,*OCC1(C)CCC(C)(COC(=O)C(CCC(*)=O)NCc2ccccc2)C1(C)C,COCC1(C)CCC(C)(COC(=O)C(CCC(C)=O)NCc2ccccc2)C1(C)C,random,69.0,5.145493557044269,True
3512,PI1M,CCCOC(=O)NCCSSC,CCCOC(=O)NCCSSC,random,27.0,0.41237422298650106,True
3513,PI1M,Cc1cc(C(=O)OCCCCCCCCCCCC)c(C)s1,CCCCCCCCCCCCOC(=O)c1cc(C)sc1C,coverage,54.0,2.6611061495015087,False
3514,PI1M,CCC(C)OC(=O)c1ccc(C(=O)Oc2ccc(C(=O)OC)cc2)cc1,CCC(C)OC(=O)c1ccc(C(=O)Oc2ccc(C(=O)OC)cc2)cc1,coverage,46.0,1.7287872538090088,False
3515,OMG,*Oc1c(Br)cc(C(C)(C)c2cc(Br)c(OC(=O)C34c5ccccc5C(C(*)=O)(c5ccccc53)c3ccccc34)c(Br)c2)cc1Br,COc1c(Br)cc(C(C)(C)c2cc(Br)c(OC(=O)C34c5ccccc5C(C(C)=O)(c5ccccc53)c3ccccc34)c(Br)c2)cc1Br,dopt,75.0,6.439287015998562,False
3516,OMG,*OC(c1nnc(S)n1C)C(OC(=O)c1sc(Br)cc1C(*)=O)c1nnc(S)n1C,COC(c1nnc(S)n1C)C(OC(=O)c1sc(Br)cc1C(C)=O)c1nnc(S)n1C,dopt,47.0,1.8317500939966918,False
3517,PI1M,CCC(CCCCCCCCCCCCCC)OC,CCCCCCCCCCCCCCC(CC)OC,coverage,57.0,3.0777004384750812,False
3518,OMG,*Oc1cc(NC(=O)OC(C)(C)C)ccc1OC(=O)C(CC(*)=O)c1ccccc1Br,COc1cc(NC(=O)OC(C)(C)C)ccc1OC(=O)C(CC(C)=O)c1ccccc1Br,random,57.0,3.0777004384750812,True
3519,OMG,*OC(c1n[nH]c(=S)n1-c1ccccc1)C(OC(=O)c1cc(C(*)=O)ccc1N)c1n[nH]c(=S)n1-c1ccccc1,COC(c1n[nH]c(=S)n1-c1ccccc1)C(OC(=O)c1cc(C(C)=O)ccc1N)c1n[nH]c(=S)n1-c1ccccc1,dopt,66.0,4.5655822516472835,False
3520,OMG,*OCCCOCCCOC(=O)c1cc(C(*)=O)ccc1N,COCCCOCCCOC(=O)c1cc(C(C)=O)ccc1N,random,45.0,1.629538578803666,True
3521,PI1M,CCCC(C)(CC)COCCOCCOC,CCCC(C)(CC)COCCOCCOC,coverage,44.0,1.5339481655863532,False
3522,OMG,*OCCOCCOCCOCCOCCOCCOCCOCCOCCOCCOC(=O)C(C)(Cc1ccc(Br)cc1)C(*)=O,COCCOCCOCCOCCOCCOCCOCCOCCOCCOCCOC(=O)C(C)(Cc1ccc(Br)cc1)C(C)=O,coverage,102.0,14.725072667614862,False
3523,omics,*OC(=O)COCC(=O)O*,COC(=O)COCC(=O)OC,coverage,21.0,0.2097456137295212,False
3524,PI1M,C/C=C/C/C=C(/C)SBr,C/C=C/C/C=C(/C)SBr,feature,20.0,0.1839474081746623,False
3525,OMG,*Oc1c(F)cccc1C(C)OC(=O)C(OC(=O)C(C)(C)C)C(OC(=O)C(C)(C)C)C(*)=O,COc1c(F)cccc1C(C)OC(=O)C(OC(=O)C(C)(C)C)C(OC(=O)C(C)(C)C)C(C)=O,random,66.0,4.5655822516472835,True
3526,PI1M,CO[Si](F)(F)C(F)(F)C(F)(F)C(F)(F)C(F)(F)CC[Si](C)(F)F,CO[Si](F)(F)C(F)(F)C(F)(F)C(F)(F)C(F)(F)CC[Si](C)(F)F,dopt,33.0,0.707498434008989,False
3527,PI1M,CCC(C)OC(=O)/C=C/c1ccc(C)cc1,CCC(C)OC(=O)/C=C/c1ccc(C)cc1,coverage,34.0,0.7666572932453927,False
3528,PI1M,CCCCCCCC(=O)NC(CC(C)=O)C(=O)OCCCCCCCCCOCCOC,CCCCCCCC(=O)NC(CC(C)=O)C(=O)OCCCCCCCCCOCCOC,random,79.0,7.405252308862643,True
3529,omics,*/C=C/c1ccc(/N=C2\c3ccccc3/C(=N\c3ccc(*)cc3)c3ccc(C(C)(C)C)cc32)c(OCCCCCCCC)c1,C/C=C/c1ccc(/N=C2\c3ccccc3/C(=N\c3ccc(C)cc3)c3ccc(C(C)(C)C)cc32)c(OCCCCCCCC)c1,random,93.0,11.48529398776902,True
3530,PI1M,CNc1ccc(C)c(C(=O)Oc2ccccc2)c1,CNc1ccc(C)c(C(=O)Oc2ccccc2)c1,coverage,33.0,0.707498434008989,False
3531,PI1M,CCC(CSCCC)C(C)C(=O)OC,CCCSCC(CC)C(C)C(=O)OC,random,36.0,0.8940806826961882,True
3532,PI1M,Cc1ccc(C(=O)CCCCCCCCC(=O)Oc2ccc(C(=O)Oc3c(C)c(C)c(F)c(F)c3F)c(SCC)c2)cc1,CCSc1cc(OC(=O)CCCCCCCCC(=O)c2ccc(C)cc2)ccc1C(=O)Oc1c(C)c(C)c(F)c(F)c1F,random,80.0,7.66011076664799,True
3533,PI1M,CNNC(=O)CCCCC(=O)NNC(=O)CCCCCCC(=O)NC(Cc1ccccc1)NCC(=O)NNC(=O)c1ccccc1C,CNNC(=O)CCCCC(=O)NNC(=O)CCCCCCC(=O)NC(Cc1ccccc1)NCC(=O)NNC(=O)c1ccccc1C,dopt,95.0,12.161845525102757,False
3534,OMG,*Nc1nsnc1NC(=O)c1csc(C(*)=O)c1,CNc1nsnc1NC(=O)c1csc(C(C)=O)c1,feature,28.0,0.4547556347186134,False
3535,PI1M,CCC(C)c1cc(OC)c(OC)cc1OCC,CCOc1cc(OC)c(OC)cc1C(C)CC,coverage,39.0,1.1088856862834737,False
3536,PI1M,CCC(C)CC(C)(C)COC(=O)c1ccc(C(=O)OC)cc1,CCC(C)CC(C)(C)COC(=O)c1ccc(C(=O)OC)cc1,coverage,48.0,1.9384826272146733,False
3537,OMG,*OCC(COCCCCCCCCCCCC)OC(=O)C(N)CC(Cl)C(*)=O,CCCCCCCCCCCCOCC(COC)OC(=O)C(N)CC(Cl)C(C)=O,random,71.0,5.556584750444072,True
3538,OMG,*OCC(C)(C)C(C)(C)OC(=O)C12CC(C(*)=O)(CO1)C2,COCC(C)(C)C(C)(C)OC(=O)C12CC(C(C)=O)(CO1)C2,random,47.0,1.8317500939966918,True
3539,OMG,*Oc1ccccc1C(C)=NCCN=C(C)c1ccccc1OC(=O)C(CCC(*)=O)NC(N)=O,COc1ccccc1C(C)=NCCN=C(C)c1ccccc1OC(=O)C(CCC(C)=O)NC(N)=O,random,67.0,4.754055023099274,True
3540,PI1M,CCCCCCCOCCOCCOCCOC,CCCCCCCOCCOCCOCCOC,coverage,48.0,1.9384826272146733,False
3541,OMG,*OCCOCCOCCOCCOCCOCCOCCOCCOCCOCCOCCOCCOC(=O)C12c3ccccc3C(C(*)=O)(c3ccccc31)c1ccccc12,COCCOCCOCCOCCOCCOCCOCCOCCOCCOCCOCCOCCOC(=O)C12c3ccccc3C(C(C)=O)(c3ccccc31)c1ccccc12,coverage,129.0,27.695506075938923,False
3542,omics,*CC(*)(Br)C(=O)OCCN(CC)CC,CCN(CC)CCOC(=O)C(C)(Br)CC,coverage,37.0,0.9624665003915307,False
3543,OMG,*OC1C(OC(=O)CCC2(CCC(*)=O)N=N2)CC(OC)OC1COC(c1ccccc1)(c1ccccc1)c1ccccc1,COC1CC(OC(=O)CCC2(CCC(C)=O)N=N2)C(OC)C(COC(c2ccccc2)(c2ccccc2)c2ccccc2)O1,coverage,84.0,8.734423876530629,False
3544,PI1M,Cc1ccc(Sc2ccc(N3C(=O)c4ccc(-c5ccc6c(c5)C(=O)N(C)C6=O)cc4C3=O)cc2SBr)c(Cl)c1,Cc1ccc(Sc2ccc(N3C(=O)c4ccc(-c5ccc6c(c5)C(=O)N(C)C6=O)cc4C3=O)cc2SBr)c(Cl)c1,dopt,58.0,3.2251081841016833,False
3545,PI1M,CO[Si]1C(=O)C1C,CO[Si]1C(=O)C1C,feature,14.0,0.07047050774391327,False
3546,PI1M,CCCCCCCCCCOC(=O)CCC(C)(C#N)OC,CCCCCCCCCCOC(=O)CCC(C)(C#N)OC,random,52.0,2.404207673904035,True
3547,PI1M,CC#CC(=O)OCCCCCCOC(=O)c1ccc(C(=O)NCn2c(=O)c3cc4c(=O)n(C)c(=O)c4cc3c2=O)c([N+](=O)[O-])c1,CC#CC(=O)OCCCCCCOC(=O)c1ccc(C(=O)NCn2c(=O)c3cc4c(=O)n(C)c(=O)c4cc3c2=O)c([N+](=O)[O-])c1,dopt,71.0,5.556584750444072,False
3548,PI1M,CCC(C)C(=O)Nc1cccc(CC)c1,CCc1cccc(NC(=O)C(C)CC)c1,coverage,34.0,0.7666572932453927,False
3549,OMG,*OCC12CCCC(COC(=O)C(N)C(*)=O)(CC1)CC2,COCC12CCCC(COC(=O)C(N)C(C)=O)(CC1)CC2,dopt,48.0,1.9384826272146733,False
3550,PI1M,CCCCOC(=O)NCCCCCCCCCCCCCNC(=O)OCCCCCCOc1ccc(-c2ccc(OC)cc2)cc1,CCCCOC(=O)NCCCCCCCCCCCCCNC(=O)OCCCCCCOc1ccc(-c2ccc(OC)cc2)cc1,coverage,106.0,16.330360128680436,False
3551,OMG,*OCCCNC(=O)C(=O)NCCCOC(=O)C(Cc1cccc(C)c1)C(*)=O,COCCCNC(=O)C(=O)NCCCOC(=O)C(Cc1cccc(C)c1)C(C)=O,random,59.0,3.3768743086298603,True
3552,OMG,*OCC(COC(=O)C1CS(=O)(=O)CC1C(*)=O)OCc1ccc(C)cc1,COCC(COC(=O)C1CS(=O)(=O)CC1C(C)=O)OCc1ccc(C)cc1,random,53.0,2.5306091492877196,True
3553,OMG,*Oc1ccc(-c2ccc(OC(=O)c3ccc(CSCC(*)=O)cc3)cc2)cc1,COc1ccc(-c2ccc(OC(=O)c3ccc(CSCC(C)=O)cc3)cc2)cc1,coverage,51.0,2.2818482460254073,False
3554,OMG,*Nc1cc(NC(=O)c2cc(C#N)cc(C(*)=O)c2)c(C(=O)OC)cc1Br,CNc1cc(NC(=O)c2cc(C#N)cc(C(C)=O)c2)c(C(=O)OC)cc1Br,random,43.0,1.4419597242422257,True
3555,PI1M,CCCNC(=O)C(C)CCCC,CCCCC(C)C(=O)NCCC,coverage,33.0,0.707498434008989,False
3556,PI1M,CNNC(=O)CCCCCCCCC(=O)NCCCC[Si](C)(C)C(=O)OCCSCC[SH](C)(O)COC(C)=O,CNNC(=O)CCCCCCCCC(=O)NCCCC[Si](C)(C)C(=O)OCCSCC[SH](C)(O)COC(C)=O,dopt,93.0,11.48529398776902,False
3557,OMG,*OC1CCCC(OC(=O)C2C3CCC(O3)C2C(*)=O)C1NC(=O)OC(C)(C)C,COC1CCCC(OC(=O)C2C3CCC(O3)C2C(C)=O)C1NC(=O)OC(C)(C)C,random,62.0,3.858838735716932,True
3558,PI1M,CCC(O)COc1ccc(C(c2ccc(C#N)cc2)c2ccc(OCC(C)Cl)cc2)cc1,CCC(O)COc1ccc(C(c2ccc(C#N)cc2)c2ccc(OCC(C)Cl)cc2)cc1,random,60.0,3.533050524994261,True
3559,omics,*CCCCCCOC(=O)OCCCCOC(=O)OCCCCCCCCOC(=O)OC1COC2C(*)COC12,CCCCCCCOC(=O)OCCCCOC(=O)OCCCCCCCCOC(=O)OC1COC2C(C)COC12,coverage,90.0,10.515630927412102,False
3560,OMG,*OCCCCCCCCCCCCCCCCCCCCOC(=O)C(Br)CC(*)=O,COCCCCCCCCCCCCCCCCCCCCOC(=O)C(Br)CC(C)=O,coverage,80.0,7.66011076664799,False
3561,omics,*CCCCCCCCCCCC(=O)N*,CCCCCCCCCCCCC(=O)NC,coverage,45.0,1.629538578803666,False
3562,PI1M,COc1ccc(Oc2ccc(C(c3ccccc3)c3ccc(C(C)=O)cc3)cc2)cc1,COc1ccc(Oc2ccc(C(c3ccccc3)c3ccc(C(C)=O)cc3)cc2)cc1,coverage,55.0,2.7957518399460364,False
3563,PI1M,CNC(=O)CCCCCCCCC(=O)NCC1CCC(C)CC1,CNC(=O)CCCCCCCCC(=O)NCC1CCC(C)CC1,random,59.0,3.3768743086298603,True
3564,OMG,*OC(C(COS(C)(=O)=O)OS(C)(=O)=O)C(OC(=O)C(CCC(*)=O)NC(C)=O)C(COS(C)(=O)=O)OS(C)(=O)=O,COC(C(COS(C)(=O)=O)OS(C)(=O)=O)C(OC(=O)C(CCC(C)=O)NC(C)=O)C(COS(C)(=O)=O)OS(C)(=O)=O,dopt,76.0,6.672852850107062,False
3565,PI1M,CO[Si](C)(CC)CCC,CCC[Si](C)(CC)OC,coverage,27.0,0.41237422298650106,False
3566,PI1M,CO[Si](C)(C)O[Si](C)(C)O[Si](C)(C)O[Si](C)(C)O[Si](C)(C)O[Si](C)(C)O[Si](C)(C)O[Si](C)(C)O[Si](C)(C)O[Si](C)(C)O[Si](C)(C)CCCCCC,CCCCCC[Si](C)(C)O[Si](C)(C)O[Si](C)(C)O[Si](C)(C)O[Si](C)(C)O[Si](C)(C)O[Si](C)(C)O[Si](C)(C)O[Si](C)(C)O[Si](C)(C)O[Si](C)(C)OC,dopt,133.0,30.066570853046954,False
3567,PI1M,COc1ccc(C(=O)N(CCC)c2ccc(C)cc2)cc1,CCCN(C(=O)c1ccc(OC)cc1)c1ccc(C)cc1,coverage,42.0,1.3535165667832443,False
3568,OMG,*Oc1c(C(C)(C)C)ccc(C(C)(C)C)c1OC(=O)C1C2CCC(O2)C1C(*)=O,COc1c(C(C)(C)C)ccc(C(C)(C)C)c1OC(=O)C1C2CCC(O2)C1C(C)=O,coverage,63.0,4.0285528241783775,False
3569,omics,*Oc1ccc(S(=O)(=O)c2ccc(-c3ccc(S(=O)(=O)c4ccc(Oc5ccc(C6(c7ccc(*)cc7)c7ccccc7-c7ccccc76)cc5)cc4)cc3)cc2)cc1,COc1ccc(S(=O)(=O)c2ccc(-c3ccc(S(=O)(=O)c4ccc(Oc5ccc(C6(c7ccc(C)cc7)c7ccccc7-c7ccccc76)cc5)cc4)cc3)cc2)cc1,coverage,97.0,12.862901673682583,False
3570,OMG,*NC(=S)Nc1ccc(NC(=S)NC(=O)CC(SCC(C)C)C(*)=O)cc1,CNC(=S)Nc1ccc(NC(=S)NC(=O)CC(SCC(C)C)C(C)=O)cc1,coverage,53.0,2.5306091492877196,False
3571,omics,*CC(O)COc1ccc(C(C)(C)c2ccc(O*)cc2)cc1Cl,CCC(O)COc1ccc(C(C)(C)c2ccc(OC)cc2)cc1Cl,coverage,49.0,2.04904001620089,False
3572,PI1M,CCCC(=O)Nc1ccc(Cc2ccc(NC(=O)/C=C/C(=O)Nc3ccc(C)cc3)cc2)cc1,CCCC(=O)Nc1ccc(Cc2ccc(NC(=O)/C=C/C(=O)Nc3ccc(C)cc3)cc2)cc1,random,63.0,4.0285528241783775,True
3573,PI1M,CN=P(C)(OCCOCCOCCOCCOCCOC)OCCOCCOCCOCCOCCOCCOCCOC,CN=P(C)(OCCOCCOCCOCCOCCOC)OCCOCCOCCOCCOCCOCCOCCOC,coverage,104.0,15.514674460906292,False
3574,omics,*CCCCOC(=O)c1ccc(*)cc1,CCCCCOC(=O)c1ccc(C)cc1,coverage,33.0,0.707498434008989,False
3575,PI1M,CO[Si](C)(C)CCC(=O)Nc1ccc(OC(C)C)cc1,CO[Si](C)(C)CCC(=O)Nc1ccc(OC(C)C)cc1,random,45.0,1.629538578803666,True
3576,OMG,*Nc1cc(C)c(NC(=O)C(=O)NC(C)C(*)=O)c(C)c1,CNc1cc(C)c(NC(=O)C(=O)NC(C)C(C)=O)c(C)c1,coverage,42.0,1.3535165667832443,False
3577,PI1M,CN=P(C)(Br)O[Si](C)(C)Oc1c(F)cc(F)c(F)c1Cl,CN=P(C)(Br)O[Si](C)(C)Oc1c(F)cc(F)c(F)c1Cl,dopt,33.0,0.707498434008989,False
3578,OMG,*NOCCONC(=O)C1CCCC(C(*)=O)N1,CNOCCONC(=O)C1CCCC(C(C)=O)N1,coverage,39.0,1.1088856862834737,False
3579,PI1M,CCCCCCCOC(=O)CCCCc1ccc(CCSC(=O)OC)cc1,CCCCCCCOC(=O)CCCCc1ccc(CCSC(=O)OC)cc1,random,61.0,3.6936882750981668,True
3580,PI1M,CCC(C)OC(=O)CCCCC(=O)OCC,CCOC(=O)CCCCC(=O)OC(C)CC,random,38.0,1.0340483823546922,True
3581,PI1M,CCc1ccc(CCCCNC(=O)c2cccc(NC(=O)OC)c2)cc1,CCc1ccc(CCCCNC(=O)c2cccc(NC(=O)OC)c2)cc1,random,52.0,2.404207673904035,True
3582,omics,*CC(*)(CC(=O)OCCC)C(=O)OCCC,CCCOC(=O)CC(C)(CC)C(=O)OCCC,coverage,41.0,1.2685615949723126,False
3583,OMG,*Nc1ccc(CCc2ccc(NC(=O)C3(C(*)=O)CCC(=O)CC3)cc2)cc1,CNc1ccc(CCc2ccc(NC(=O)C3(C(C)=O)CCC(=O)CC3)cc2)cc1,coverage,57.0,3.0777004384750812,False
3584,PI1M,COc1cc(OCC(F)(F)C(F)(F)C(F)(F)C(F)(F)C(F)(F)C(F)(F)C(F)(F)C(F)(F)F)c(C)cc1Br,COc1cc(OCC(F)(F)C(F)(F)C(F)(F)C(F)(F)C(F)(F)C(F)(F)C(F)(F)C(F)(F)F)c(C)cc1Br,coverage,47.0,1.8317500939966918,False
3585,OMG,*OC1(c2ccccc2OC(=O)C(CSSCC(NC(=O)OCc2ccccc2)C(*)=O)NC(=O)OCc2ccccc2)CCN(Cc2ccccc2)CC1,COC1(c2ccccc2OC(=O)C(CSSCC(NC(=O)OCc2ccccc2)C(C)=O)NC(=O)OCc2ccccc2)CCN(Cc2ccccc2)CC1,random,102.0,14.725072667614862,True
3586,PI1M,C/C=C/c1ccc(/C=C/c2ccc(/C=C/c3ccc(N=C)cc3)cc2)cc1,C=Nc1ccc(/C=C/c2ccc(/C=C/c3ccc(/C=C/C)cc3)cc2)cc1,coverage,50.0,2.1634770685187323,False
3587,OMG,*OC1(C2(COC(=O)C(C)(C(*)=O)C(C)C)CCC2)CCC2(CC1)OCCO2,COC1(C2(COC(=O)C(C)(C(C)=O)C(C)C)CCC2)CCC2(CC1)OCCO2,coverage,64.0,4.202881203832011,False
3588,omics,*CC(*)(C)C(C)(C)CC,CCC(C)(C)C(C)(C)CC,coverage,32.0,0.6512930237899227,False
3589,PI1M,COC(=O)c1cccc(C(=O)OCc2cccc(C(C)=O)c2)c1,COC(=O)c1cccc(C(=O)OCc2cccc(C(C)=O)c2)c1,coverage,39.0,1.1088856862834737,False
3590,OMG,*NC(=NC1CC1)NC(=O)CONC(=O)C(*)=O,CNC(=NC1CC1)NC(=O)CONC(=O)C(C)=O,coverage,34.0,0.7666572932453927,False
3591,PI1M,CC(C)CC(C)(C)C,CC(C)CC(C)(C)C,coverage,26.0,0.372564345698904,False
3592,PI1M,CS[Si](C)(CC)Nc1ccccc1,CC[Si](C)(Nc1ccccc1)SC,feature,30.0,0.5474937425136082,False
3593,OMG,*Oc1cc(OC(=O)C(CC(*)=O)OC)nc(OC)n1,COc1cc(OC(=O)C(CC(C)=O)OC)nc(OC)n1,coverage,36.0,0.8940806826961882,False
3594,PI1M,CSc1ccc(C)cc1[N+](=O)[O-],CSc1ccc(C)cc1[N+](=O)[O-],coverage,21.0,0.2097456137295212,False
3595,PI1M,CCCCN(CC(=O)OC)c1ccccc1,CCCCN(CC(=O)OC)c1ccccc1,coverage,35.0,0.828831072009792,False
3596,PI1M,C/C=C/CCCCCCSC,C/C=C/CCCCCCSC,coverage,31.0,0.597979011686388,False
3597,OMG,*OC1C2OC(C)(C)OCC2OC(Oc2ccccc2)C1OC(=O)C(CCC(*)=O)NCc1ccccc1,COC1C2OC(C)(C)OCC2OC(Oc2ccccc2)C1OC(=O)C(CCC(C)=O)NCc1ccccc1,coverage,75.0,6.439287015998562,False
3598,PI1M,CCc1ccc(Oc2ccc(Oc3ccc(NC(=O)c4ccc5c(c4)C(=O)N(C)C5=O)cc3)cc2)cc1,CCc1ccc(Oc2ccc(Oc3ccc(NC(=O)c4ccc5c(c4)C(=O)N(C)C5=O)cc3)cc2)cc1,coverage,61.0,3.6936882750981668,False
3599,PI1M,CSc1cccc(NC(C)=O)c1,CSc1cccc(NC(C)=O)c1,coverage,23.0,0.2678988587629254,False
3600,PI1M,CCCCCCCCNC(=O)C(CCOCCOC)C(=O)OC,CCCCCCCCNC(=O)C(CCOCCOC)C(=O)OC,random,56.0,2.934599081644776,True
3601,OMG,*Oc1nc(OC(=O)C(CCCN)C(*)=O)cc(C(F)(F)F)n1,COc1nc(OC(=O)C(CCCN)C(C)=O)cc(C(F)(F)F)n1,random,39.0,1.1088856862834737,True
3602,PI1M,CNc1cccc(C=C)c1,C=Cc1cccc(NC)c1,coverage,21.0,0.2097456137295212,False
3603,OMG,*Oc1nc(S)nc(OC(=O)c2ccc(N=Cc3ccc(C(*)=O)cc3)cc2)c1CCCC,CCCCc1c(OC)nc(S)nc1OC(=O)c1ccc(N=Cc2ccc(C(C)=O)cc2)cc1,random,58.0,3.2251081841016833,True
3604,OMG,*NC(C)CCNC(=O)c1ccc(NCCNc2ccc(C(*)=O)cc2)cc1,CNC(C)CCNC(=O)c1ccc(NCCNc2ccc(C(C)=O)cc2)cc1,coverage,58.0,3.2251081841016833,False
3605,omics,*C1CC2CC2CC1*,CC1CC2CC2CC1C,feature,25.0,0.33525989756051233,False
3606,OMG,*OCc1cc(OC)c(COC(=O)C2COCC2C(*)=O)cc1OC,COCc1cc(OC)c(COC(=O)C2COCC2C(C)=O)cc1OC,coverage,49.0,2.04904001620089,False
3607,PI1M,COC(=O)OC1COC(C)OC1,COC(=O)OC1COC(C)OC1,coverage,24.0,0.30039397989449834,False
3608,PI1M,COc1ccc(C(=O)OCCN(C)c2ccc(C)cc2)cc1,COc1ccc(C(=O)OCCN(C)c2ccc(C)cc2)cc1,coverage,43.0,1.4419597242422257,False
3609,PI1M,CN/N=C1\C=CC(C)C(C(=O)OCCCCCCCC)C1=CC=C1CCC2=CC=C(C=CC3=CC=C4C(CCC4C1)C3)C2=O,CCCCCCCCOC(=O)C1C(=CC=C2CCC3=CC=C(C=CC4=CC=C5C(CCC5C2)C4)C3=O)/C(=N/NC)C=CC1C,dopt,94.0,11.820528946214294,False
3610,PI1M,CSc1cccc(C)c1,CSc1cccc(C)c1,coverage,19.0,0.16023971771432066,False
3611,PI1M,CCCN(CCOC(=O)NCCCCCC)C(=O)OC,CCCCCCNC(=O)OCCN(CCC)C(=O)OC,coverage,48.0,1.9384826272146733,False
3612,PI1M,CN=P(C)(OCC)OCCOCCOCCOCCOCCOCCOCCO,CCOP(C)(=NC)OCCOCCOCCOCCOCCOCCOCCO,coverage,69.0,5.145493557044269,False
3613,OMG,*OC(OC(=O)CCCSCCCC(*)=O)C(=O)OCCCC,CCCCOC(=O)C(OC)OC(=O)CCCSCCCC(C)=O,random,51.0,2.2818482460254073,True
3614,PI1M,C/C=C/CCC(C)CCOC(=O)SC,C/C=C/CCC(C)CCOC(=O)SC,random,34.0,0.7666572932453927,True
3615,omics,*Oc1ccc(C(C)(C)c2ccc(OCC(O)CN(C)S(=O)(=O)c3ccc(-c4ccc(S(=O)Oc5ccc(*)cc5)cc4)cc3)cc2)cc1,COc1ccc(C(C)(C)c2ccc(OCC(O)CN(C)S(=O)(=O)c3ccc(-c4ccc(S(=O)Oc5ccc(C)cc5)cc4)cc3)cc2)cc1,random,90.0,10.515630927412102,True
3616,PI1M,CCC(C)(C)C(C)CC(C)(C)C(C)C(=O)OC,CCC(C)(C)C(C)CC(C)(C)C(C)C(=O)OC,coverage,47.0,1.8317500939966918,False
3617,PI1M,CC(CC(=C)c1ccccc1)c1ccc(C(=O)OO)cc1OC(=O)c1ccc(/N=N/c2ccc([N+](=O)[O-])cc2)cc1,C=C(CC(C)c1ccc(C(=O)OO)cc1OC(=O)c1ccc(/N=N/c2ccc([N+](=O)[O-])cc2)cc1)c1ccccc1,dopt,66.0,4.5655822516472835,False
3618,OMG,*OCCOc1ccc(OCCOC(=O)C(N)CC(Cl)C(*)=O)cc1,COCCOc1ccc(OCCOC(=O)C(N)CC(Cl)C(C)=O)cc1,coverage,49.0,2.04904001620089,False
3619,PI1M,COC1COCC(C)OCC(O)C1,COC1COCC(C)OCC(O)C1,feature,31.0,0.597979011686388,False
3620,OMG,*Nc1cc(S(=O)(=O)NC(=O)c2cc(NS(=O)(=O)c3ccc(C)cc3)c(C(*)=O)cc2NS(=O)(=O)c2ccc(C)cc2)ccc1O,CNc1cc(S(=O)(=O)NC(=O)c2cc(NS(=O)(=O)c3ccc(C)cc3)c(C(C)=O)cc2NS(=O)(=O)c2ccc(C)cc2)ccc1O,dopt,76.0,6.672852850107062,False
3621,PI1M,CC(=O)c1cccc(P(F)(F)(F)[PH](C)(F)F)c1,CC(=O)c1cccc(P(F)(F)(F)[PH](C)(F)F)c1,feature,28.0,0.4547556347186134,False
3622,OMG,*Oc1cc(OC)ccc1CC1(OC(=O)Cc2ccc(CC(*)=O)s2)CC1,COc1ccc(CC2(OC(=O)Cc3ccc(CC(C)=O)s3)CC2)c(OC)c1,random,51.0,2.2818482460254073,True
3623,PI1M,CO[Si](C)(C)O[Si](C)(C)O[Si](C)(C)S[Si](C)(C)O[Si](C)(C)O[Si](C)(C)O[Si](C)(C)O[Si](C)(C)Oc1c(C)cc(Cc2cc(C)c(C)cc2Br)c(C)c1C,CO[Si](C)(C)O[Si](C)(C)O[Si](C)(C)S[Si](C)(C)O[Si](C)(C)O[Si](C)(C)O[Si](C)(C)O[Si](C)(C)Oc1c(C)cc(Cc2cc(C)c(C)cc2Br)c(C)c1C,dopt,124.0,24.90160373066553,False
3624,PI1M,COP(=O)(OCP(F)(F)(F)c1ccccc1)c1ccc(C)cc1,COP(=O)(OCP(F)(F)(F)c1ccccc1)c1ccc(C)cc1,dopt,40.0,1.187037287474881,False
3625,OMG,*OCN1c2nonc2N(COC(=O)C2C(c3ccc(OC)cc3)C(C(*)=O)C2c2ccc(OC)cc2)c2nonc21,COCN1c2nonc2N(COC(=O)C2C(c3ccc(OC)cc3)C(C(C)=O)C2c2ccc(OC)cc2)c2nonc21,dopt,70.0,5.348558032191515,False
3626,PI1M,CO[Si](C)(C)O[Si](C)(C)O[Si](C)(C)O[Si](C)(C)O[Si](C)(C)O[Si](C)(C)O[Si](C)(C)Cl,CO[Si](C)(C)O[Si](C)(C)O[Si](C)(C)O[Si](C)(C)O[Si](C)(C)O[Si](C)(C)O[Si](C)(C)Cl,dopt,75.0,6.439287015998562,False
3627,OMG,*OCC12C3C4C1C1C2C3C41COC(=O)CCOCCOCCOCCOCCOCCOCCOCCC(*)=O,COCC12C3C4C1C1C2C3C41COC(=O)CCOCCOCCOCCOCCOCCOCCOCCC(C)=O,dopt,89.0,10.204273787941979,False
3628,OMG,*Nc1cc(O)c(Br)cc1NC(=O)c1cc(NS(=O)(=O)c2ccc(C)cc2)c(C(*)=O)cc1NS(=O)(=O)c1ccc(C)cc1,CNc1cc(O)c(Br)cc1NC(=O)c1cc(NS(=O)(=O)c2ccc(C)cc2)c(C(C)=O)cc1NS(=O)(=O)c1ccc(C)cc1,random,73.0,5.987719929256527,True
3629,PI1M,CNc1c(F)cc(C)c(Cl)c1F,CNc1c(F)cc(C)c(Cl)c1F,coverage,20.0,0.1839474081746623,False
3630,PI1M,CN=[PH]1C=C(C)C=C1Br,CN=[PH]1C=C(C)C=C1Br,feature,18.0,0.1385498383381463,False
3631,OMG,*Oc1ccc(OC(=O)c2cc(S)cc(C(*)=O)n2)cc1,COc1ccc(OC(=O)c2cc(S)cc(C(C)=O)n2)cc1,coverage,34.0,0.7666572932453927,False
3632,OMG,*Nc1cccc(NC(=O)C(C)(C)SC(=S)SC(C)(C)C(*)=O)c1C#N,CNc1cccc(NC(=O)C(C)(C)SC(=S)SC(C)(C)C(C)=O)c1C#N,random,49.0,2.04904001620089,True
3633,PI1M,COc1ccc(NC(=O)c2ccc(NC(=O)c3ccc(C(=O)Nc4ccc(NC(=O)c5ccc(C)cc5)cc4)cc3)cc2)cc1,COc1ccc(NC(=O)c2ccc(NC(=O)c3ccc(C(=O)Nc4ccc(NC(=O)c5ccc(C)cc5)cc4)cc3)cc2)cc1,coverage,75.0,6.439287015998562,False
3634,OMG,*Oc1cc(OC(=O)C(CC(*)=O)NC(=O)OCC2c3ccccc3-c3ccccc32)ccc1C(C)=NNC(=O)c1ccc(OC)cc1,COc1ccc(C(=O)NN=C(C)c2ccc(OC(=O)C(CC(C)=O)NC(=O)OCC3c4ccccc4-c4ccccc43)cc2OC)cc1,random,83.0,8.457520383218988,True
3635,PI1M,COC1CC1C,COC1CC1C,feature,16.0,0.1009266220636141,False
3636,PI1M,CCC(C)(C)C(=O)OC(C)C(C)C,CCC(C)(C)C(=O)OC(C)C(C)C,coverage,35.0,0.828831072009792,False
3637,PI1M,COC(=O)C(C)CC(=O)OCCCC(C)(C)CC(C)=O,COC(=O)C(C)CC(=O)OCCCC(C)(C)CC(C)=O,random,46.0,1.7287872538090088,True
3638,PI1M,COc1cc(CCCCCCC)ccc1OC(=O)CCCCCCC(C)=O,CCCCCCCc1ccc(OC(=O)CCCCCCC(C)=O)c(OC)c1,coverage,63.0,4.0285528241783775,False
3639,PI1M,CCCOC(=O)Nc1ccc(NC(=O)OCCCCCCOc2ccc(C(=O)Oc3ccc(-c4ccc(OC)cc4)cc3)cc2)cc1,CCCOC(=O)Nc1ccc(NC(=O)OCCCCCCOc2ccc(C(=O)Oc3ccc(-c4ccc(OC)cc4)cc3)cc2)cc1,coverage,87.0,9.599083603550964,False
3640,PI1M,COc1ccc(C(=O)Nc2ccc(Cc3ccc(NC(=O)c4ccccc4C(C)=O)cc3)cc2)cc1,COc1ccc(C(=O)Nc2ccc(Cc3ccc(NC(=O)c4ccccc4C(C)=O)cc3)cc2)cc1,coverage,62.0,3.858838735716932,False
3641,PI1M,Cc1ccc(SCCCCCC[Si](C)(c2ccccc2)c2ccc(-c3ccc(-c4ccccc4)cc3)cc2)cc1,Cc1ccc(SCCCCCC[Si](C)(c2ccccc2)c2ccc(-c3ccc(-c4ccccc4)cc3)cc2)cc1,random,80.0,7.66011076664799,True
3642,OMG,*OC1(C2(COC(=O)C(C(*)=O)C3CCc4ccccc43)CCCCCCC2)CCC1,COC1(C2(COC(=O)C(C(C)=O)C3CCc4ccccc43)CCCCCCC2)CCC1,coverage,69.0,5.145493557044269,False
3643,PI1M,COc1ccc(C(=O)OCCCCCOC(=O)c2ccc(C)nc2)cc1,COc1ccc(C(=O)OCCCCCOC(=O)c2ccc(C)nc2)cc1,coverage,49.0,2.04904001620089,False
3644,omics,*CC(*)c1ccc(OC(C)=O)c(O)c1,CCC(C)c1ccc(OC(C)=O)c(O)c1,coverage,31.0,0.597979011686388,False
3645,PI1M,COc1cccc(OC(=O)c2ccc(C(C)=O)cc2OCCCCCCCCCC)c1,CCCCCCCCCCOc1cc(C(C)=O)ccc1C(=O)Oc1cccc(OC)c1,coverage,65.0,4.381874289318153,False
3646,PI1M,COc1ccc(C(=O)CNc2ccc(C)cc2)cc1,COc1ccc(C(=O)CNc2ccc(C)cc2)cc1,coverage,36.0,0.8940806826961882,False
3647,PI1M,CN=P(C)(Cl)CBr,CN=P(C)(Cl)CBr,feature,15.0,0.08484152603281661,False
3648,OMG,*Oc1[nH]c(=S)[nH]c(=O)c1Cc1c(OC(=O)CCN(CCC(*)=O)S(=O)(=O)c2ccc(C)c(C)c2)[nH]c(=S)[nH]c1=O,COc1[nH]c(=S)[nH]c(=O)c1Cc1c(OC(=O)CCN(CCC(C)=O)S(=O)(=O)c2ccc(C)c(C)c2)[nH]c(=S)[nH]c1=O,dopt,70.0,5.348558032191515,False
3649,PI1M,Cc1ccc(Cc2ccc(S(=O)(=O)c3ccc(S(C)(=O)=O)cc3)cc2)cc1,Cc1ccc(Cc2ccc(S(=O)(=O)c3ccc(S(C)(=O)=O)cc3)cc2)cc1,coverage,47.0,1.8317500939966918,False
3650,PolyInfo,*OS(=O)(=O)c1ccc(Sc2ccc(S(=O)(=O)Oc3c(Br)cc(C4(c5cc(Br)c(*)c(Br)c5)CC5CCC4C5)cc3Br)cc2)cc1,COS(=O)(=O)c1ccc(Sc2ccc(S(=O)(=O)Oc3c(Br)cc(C4(c5cc(Br)c(C)c(Br)c5)CC5CCC4C5)cc3Br)cc2)cc1,dopt,74.0,6.210925368545501,False
3651,PolyInfo,*OC(C)CCOC(=O)c1ccc(-c2ccc(C(*)=O)cc2)cc1,COC(C)CCOC(=O)c1ccc(-c2ccc(C(C)=O)cc2)cc1,coverage,46.0,1.7287872538090088,False
3652,PI1M,CSCCCCCCCCCCSCCCCCCSC,CSCCCCCCCCCCSCCCCCCSC,random,59.0,3.3768743086298603,True
3653,omics,*CCCCCCCCC(=O)NCCCCCCNC(=O)CCCCC*,CCCCCCCCCC(=O)NCCCCCCNC(=O)CCCCCC,coverage,73.0,5.987719929256527,False
3654,PI1M,CCC(C)(Cl)C(=O)OCCCCCCCCCCCCOc1ccc(-c2ccc(C(=O)Oc3ccc(Br)cc3)cc2)cc1,CCC(C)(Cl)C(=O)OCCCCCCCCCCCCOc1ccc(-c2ccc(C(=O)Oc3ccc(Br)cc3)cc2)cc1,random,87.0,9.599083603550964,True
3655,PI1M,C/C=C/c1ccc(C)c(OCCCCCC)c1,C/C=C/c1ccc(C)c(OCCCCCC)c1,coverage,41.0,1.2685615949723126,False
3656,PI1M,CCC(=O)Oc1ccccc1C(=O)OCCOC(=O)COC,CCC(=O)Oc1ccccc1C(=O)OCCOC(=O)COC,random,40.0,1.187037287474881,True
3657,OMG,*OC1(c2ccc(OCc3ccccc3)cc2OC(=O)C(CC(*)=O)NC(=O)OCC2c3ccccc3-c3ccccc32)CC1,COC1(c2ccc(OCc3ccccc3)cc2OC(=O)C(CC(C)=O)NC(=O)OCC2c3ccccc3-c3ccccc32)CC1,random,80.0,7.66011076664799,True
3658,PI1M,Cc1nsc(C)c1C#N,Cc1nsc(C)c1C#N,feature,15.0,0.08484152603281661,False
3659,PI1M,CCC(C)c1ccc(Cc2ccc([N+](=O)[O-])cc2)cc1,CCC(C)c1ccc(Cc2ccc([N+](=O)[O-])cc2)cc1,coverage,39.0,1.1088856862834737,False
3660,omics,*CCOCCCCCC(=O)OCCOCC*,CCCOCCCCCC(=O)OCCOCCC,coverage,46.0,1.7287872538090088,False
3661,PI1M,CC(=O)NC1CCCCN(C)CC1,CC(=O)NC1CCCCN(C)CC1,coverage,33.0,0.707498434008989,False
3662,omics,*c1ccc(-n2ccc(-c3cccc(-c4nc5ccc(-c6ccc7nc(*)n(C)c7c6)cc5[nH]4)c3)n2)cc1,Cc1ccc(-n2ccc(-c3cccc(-c4nc5ccc(-c6ccc7nc(C)n(C)c7c6)cc5[nH]4)c3)n2)cc1,coverage,64.0,4.202881203832011,False
3663,PI1M,CN=P(C)(OC(C)=O)c1ccc(/N=N/c2ccccc2)cc1,CN=P(C)(OC(C)=O)c1ccc(/N=N/c2ccccc2)cc1,coverage,40.0,1.187037287474881,False
3664,PI1M,C/C=C/NP(=O)(C#N)C(C)(F)Cl,C/C=C/NP(=O)(C#N)C(C)(F)Cl,feature,21.0,0.2097456137295212,False
3665,PI1M,CCCCCC(=O)NCc1ccc(C#N)cc1C,CCCCCC(=O)NCc1ccc(C#N)cc1C,coverage,38.0,1.0340483823546922,False
3666,PI1M,CCC(C)OCC(CO)OC,CCC(C)OCC(CO)OC,coverage,29.0,0.49977393112088747,False
3667,OMG,*OC(C(=O)CC(=O)ON1C(=O)CCC1=O)C(OC(=O)C1NC(C(*)=O)CS1)C(=O)CC(=O)ON1C(=O)CCC1=O,COC(C(=O)CC(=O)ON1C(=O)CCC1=O)C(OC(=O)C1NC(C(C)=O)CS1)C(=O)CC(=O)ON1C(=O)CCC1=O,dopt,66.0,4.5655822516472835,False
3668,OMG,*OC(COC(=O)c1cc(Br)ccc1CC(*)=O)C(F)F,COC(COC(=O)c1cc(Br)ccc1CC(C)=O)C(F)F,random,36.0,0.8940806826961882,True
3669,PI1M,COc1ccc(Oc2ccc(C(=O)Nc3ccc(Oc4ccc(NC(=O)c5ccc(C)cc5)c(C)c4)cc3C)cc2)cc1C,COc1ccc(Oc2ccc(C(=O)Nc3ccc(Oc4ccc(NC(=O)c5ccc(C)cc5)c(C)c4)cc3C)cc2)cc1C,coverage,78.0,7.155788006079488,False
3670,PI1M,CC1CSC(=C)NC(=O)C1,C=C1NC(=O)CC(C)CS1,feature,21.0,0.2097456137295212,False
3671,OMG,*OCC(OC(=O)C1=C(C(*)=O)CSC1)c1ccc(C)cc1F,COCC(OC(=O)C1=C(C(C)=O)CSC1)c1ccc(C)cc1F,random,42.0,1.3535165667832443,True
3672,PI1M,CCC(=O)C(C)c1ccc(Cl)cc1,CCC(=O)C(C)c1ccc(Cl)cc1,coverage,26.0,0.372564345698904,False
3673,OMG,*Oc1ccc(C(CC)OC(=O)CC(CC(*)=O)C2CCOCC2)cc1OC,CCC(OC(=O)CC(CC(C)=O)C1CCOCC1)c1ccc(OC)c(OC)c1,coverage,60.0,3.533050524994261,False
3674,OMG,*OCCOCCOCCOCCOCCOCCOCCOCCOCCOCCOCCOCCOCCOCCOC(=O)c1ccc(-c2ccc(C(*)=O)c(F)c2)cc1F,COCCOCCOCCOCCOCCOCCOCCOCCOCCOCCOCCOCCOCCOCCOC(=O)c1ccc(-c2ccc(C(C)=O)c(F)c2)cc1F,random,131.0,28.865744948045254,True
3675,PI1M,CCCCCCCCCCCCCCCCCCCCC[Si](C)(C)Cc1ccccc1,CCCCCCCCCCCCCCCCCCCCC[Si](C)(C)Cc1ccccc1,coverage,87.0,9.599083603550964,False
3676,PI1M,CC(=O)c1ccc2oc(-c3ccc(C)cc3)ccc3n(c(=O)c2c1)O3,CC(=O)c1ccc2oc(-c3ccc(C)cc3)ccc3n(c(=O)c2c1)O3,feature,40.0,1.187037287474881,False
3677,OMG,*Nc1c(C(=O)O)ccc(C#N)c1NC(=O)CN(CC(*)=O)S(=O)(=O)c1ccc(OC)cc1,CNc1c(C(=O)O)ccc(C#N)c1NC(=O)CN(CC(C)=O)S(=O)(=O)c1ccc(OC)cc1,random,55.0,2.7957518399460364,True
3678,PI1M,CCCCO[Si](C)(C)O[Si](C)(CCCC(C)=O)c1ccc(S(=O)(=O)Oc2ccccc2)cc1,CCCCO[Si](C)(C)O[Si](C)(CCCC(C)=O)c1ccc(S(=O)(=O)Oc2ccccc2)cc1,random,69.0,5.145493557044269,True
3679,OMG,*Oc1ccc(OC(=O)C2(C(*)=O)CC3CC(C3)C2)c(OCC)c1C(C)=O,CCOc1c(OC(=O)C2(C(C)=O)CC3CC(C3)C2)ccc(OC)c1C(C)=O,random,53.0,2.5306091492877196,True
3680,PI1M,COc1cccc(OC(=O)c2ccc(OCCCCCCCCOc3ccc(C(C)=O)cc3OC)cc2)c1,COc1cccc(OC(=O)c2ccc(OCCCCCCCCOc3ccc(C(C)=O)cc3OC)cc2)c1,random,74.0,6.210925368545501,True
3681,PI1M,CCCCCCC(=O)Nc1ccc(S(=O)(=O)OC)cc1,CCCCCCC(=O)Nc1ccc(S(=O)(=O)OC)cc1,coverage,41.0,1.2685615949723126,False
3682,PI1M,Cc1ccc(Oc2ccc3cc(c2=O)N3C(=O)C2=CC=C(C3=CC=C4C=C4C(=O)N(C)C3=O)C2=O)c(C)c1,Cc1ccc(Oc2ccc3cc(c2=O)N3C(=O)C2=CC=C(C3=CC=C4C=C4C(=O)N(C)C3=O)C2=O)c(C)c1,dopt,58.0,3.2251081841016833,False
3683,OMG,*NCCCNC(=O)C1(C(*)=O)CCC(=O)CC1,CNCCCNC(=O)C1(C(C)=O)CCC(=O)CC1,coverage,40.0,1.187037287474881,False
3684,OMG,*OCC(OC(=O)C1CCC1C(*)=O)c1ccc(C(=O)OC)cc1,COCC(OC(=O)C1CCC1C(C)=O)c1ccc(C(=O)OC)cc1,random,46.0,1.7287872538090088,True
3685,PI1M,CCC(C)C(=O)N(C)c1ccc(OCC)cc1,CCOc1ccc(N(C)C(=O)C(C)CC)cc1,coverage,38.0,1.0340483823546922,False
3686,PI1M,CCCOCCOCCOCc1cc2ccc(C(=O)N3CCN(C)C3=O)c(C)cc-2c(=O)n1,CCCOCCOCCOCc1cc2ccc(C(=O)N3CCN(C)C3=O)c(C)cc-2c(=O)n1,dopt,64.0,4.202881203832011,False
3687,OMG,*OCC(OC(=O)C(CC(*)=O)NC(C)(C)C)C1COC(C)(C)O1,COCC(OC(=O)C(CC(C)=O)NC(C)(C)C)C1COC(C)(C)O1,coverage,55.0,2.7957518399460364,False
3688,OMG,*NP(=S)(CCC)NC(=O)c1cccc(Br)c1C(*)=O,CCCP(=S)(NC)NC(=O)c1cccc(Br)c1C(C)=O,feature,38.0,1.0340483823546922,False
3689,PolyInfo,*CCCOC(=O)c1cccc(C(=O)O*)c1,CCCCOC(=O)c1cccc(C(=O)OC)c1,coverage,33.0,0.707498434008989,False
3690,OMG,*Oc1ccc2cc3cc(OC(=O)C4CCC4C(*)=O)ccc3cc2c1,COc1ccc2cc3cc(OC(=O)C4CCC4C(C)=O)ccc3cc2c1,coverage,46.0,1.7287872538090088,False
3691,PI1M,C/N=N/c1ccc(Cc2ccc(/N=C/c3ccc(C)cc3)cc2)cc1,C/N=N/c1ccc(Cc2ccc(/N=C/c3ccc(C)cc3)cc2)cc1,coverage,46.0,1.7287872538090088,False
3692,OMG,*OC1C2OC3(CCCCC3)OC2C(OC(=O)C2(C(*)=O)CC3CC(C3)C2)C2OC3(CCCCC3)OC12,COC1C2OC3(CCCCC3)OC2C(OC(=O)C2(C(C)=O)CC3CC(C3)C2)C2OC3(CCCCC3)OC12,dopt,79.0,7.405252308862643,False
3693,PI1M,CNC(=O)CNC(=O)CCCCCCCCC(=O)NNC(=O)C1CCC(C(C)(C)NC(=O)C(C)=O)C1,CNC(=O)CNC(=O)CCCCCCCCC(=O)NNC(=O)C1CCC(C(C)(C)NC(=O)C(C)=O)C1,random,79.0,7.405252308862643,True
3694,OMG,*Nc1cc(NC(=O)C(C)(Cl)CSSCC(C)(Cl)C(*)=O)cc(S(F)(F)(F)(F)F)c1,CNc1cc(NC(=O)C(C)(Cl)CSSCC(C)(Cl)C(C)=O)cc(S(F)(F)(F)(F)F)c1,dopt,51.0,2.2818482460254073,False
3695,PI1M,CO[SiH](C)c1cc(F)c(Br)cc1Cl,CO[SiH](C)c1cc(F)c(Br)cc1Cl,feature,22.0,0.23770591902308572,False
3696,OMG,*OCc1ccccc1Sc1ccccc1COC(=O)CSc1cccc2c(SCC(*)=O)cccc12,COCc1ccccc1Sc1ccccc1COC(=O)CSc1cccc2c(SCC(C)=O)cccc12,random,65.0,4.381874289318153,True
3697,PI1M,CC(=O)Nc1ccc(C2=CC=C3NC(=O)c4ccc5ccc(/N=N/c6cccc(C(F)(F)F)c6)ccc(n(c(=O)c5c4)C=C2)C3=O)c(C)c(C)c1=O,CC(=O)Nc1ccc(C2=CC=C3NC(=O)c4ccc5ccc(/N=N/c6cccc(C(F)(F)F)c6)ccc(n(c(=O)c5c4)C=C2)C3=O)c(C)c(C)c1=O,dopt,80.0,7.66011076664799,False
3698,PI1M,Cc1ccc(C(=O)O)c(C)c1,Cc1ccc(C(=O)O)c(C)c1,coverage,21.0,0.2097456137295212,False
3699,PI1M,CC(=O)c1cc(OCCCCCCCCCCCCCCCCCC)c(C)cc1OCCCCCC,CCCCCCCCCCCCCCCCCCOc1cc(C(C)=O)c(OCCCCCC)cc1C,coverage,94.0,11.820528946214294,False
3700,PI1M,CCC(C)COC(=O)c1ccc(/N=N/c2ccc([N+](=O)[O-])cc2C)cc1,CCC(C)COC(=O)c1ccc(/N=N/c2ccc([N+](=O)[O-])cc2C)cc1,coverage,47.0,1.8317500939966918,False
3701,OMG,*OC(CCl)C(COc1ccc(C=O)cc1)OC(=O)C(CSCC(*)=O)NS(=O)(=O)c1ccc(C)cc1,COC(CCl)C(COc1ccc(C=O)cc1)OC(=O)C(CSCC(C)=O)NS(=O)(=O)c1ccc(C)cc1,random,67.0,4.754055023099274,True
3702,PI1M,CCCOC(=O)NCC(=O)OCCC[PH](C)(C)C(=O)NCCCCCCN1CCN(C)CC1,CCCOC(=O)NCC(=O)OCCC[PH](C)(C)C(=O)NCCCCCCN1CCN(C)CC1,dopt,80.0,7.66011076664799,False
3703,OMG,*Oc1cc(C(=O)CC(=O)OC)ccc1OC(=O)CN(CC(*)=O)c1ccc(C=O)cc1,COC(=O)CC(=O)c1ccc(OC(=O)CN(CC(C)=O)c2ccc(C=O)cc2)c(OC)c1,random,55.0,2.7957518399460364,True
3704,PI1M,Cc1cc(C(C)(C)CC)c(C)cc1Cl,CCC(C)(C)c1cc(C)c(Cl)cc1C,coverage,33.0,0.707498434008989,False
3705,PI1M,CCC(C)C(=O)OCCCCCCCCCCCCCCCCOc1ccc(/N=N/c2ccc(C#N)cc2)cc1,CCC(C)C(=O)OCCCCCCCCCCCCCCCCOc1ccc(/N=N/c2ccc(C#N)cc2)cc1,coverage,89.0,10.204273787941979,False
3706,PI1M,CCCOCCOCCOCCOC(=O)c1cccc(/C=C/C(=O)OC)c1,CCCOCCOCCOCCOC(=O)c1cccc(/C=C/C(=O)OC)c1,random,55.0,2.7957518399460364,True
3707,omics,*NC(=O)c1ccccc1C(*)=O,CNC(=O)c1ccccc1C(C)=O,coverage,24.0,0.30039397989449834,False
3708,OMG,*OCC(CCCCCCCCC)OC(=O)C(CC(*)=O)Cc1ccccc1,CCCCCCCCCC(COC)OC(=O)C(CC(C)=O)Cc1ccccc1,coverage,66.0,4.5655822516472835,False
3709,PI1M,CCC(C)(C)C(=O)OCCCCCCCCN(C)Br,CCC(C)(C)C(=O)OCCCCCCCCN(C)Br,dopt,49.0,2.04904001620089,False
3710,OMG,*Nc1ccc(Oc2ccc(Oc3ccc(NC(=O)c4csc(C(*)=O)c4)cc3)cc2)cc1,CNc1ccc(Oc2ccc(Oc3ccc(NC(=O)c4csc(C(C)=O)c4)cc3)cc2)cc1,coverage,55.0,2.7957518399460364,False
3711,OMG,*Oc1cccc(Oc2ccc(Oc3cccc(OC(=O)C(C)(Cc4ccc(Br)cc4)C(*)=O)c3)cc2)c1,COc1cccc(Oc2ccc(Oc3cccc(OC(=O)C(C)(Cc4ccc(Br)cc4)C(C)=O)c3)cc2)c1,coverage,65.0,4.381874289318153,False
3712,PI1M,CCCOC(=O)NSCSCCCCSCCCCSCSCCSSCCSC,CCCOC(=O)NSCSCCCCSCCCCSCSCCSSCCSC,dopt,69.0,5.145493557044269,False
3713,OMG,*OCCOCCOCCOCCOCCOCCOCCOC(=O)c1ccc(-c2ccc(C(*)=O)c(F)c2)cc1F,COCCOCCOCCOCCOCCOCCOCCOC(=O)c1ccc(-c2ccc(C(C)=O)c(F)c2)cc1F,coverage,82.0,8.18619805320074,False
3714,PI1M,CN=P(C)(OCCOCCOc1ccc(-c2ccccc2)cc1)OCCOc1ccc(-c2ccccc2)cc1,CN=P(C)(OCCOCCOc1ccc(-c2ccccc2)cc1)OCCOc1ccc(-c2ccccc2)cc1,coverage,75.0,6.439287015998562,False
3715,PI1M,CCC(C)COc1ccc(C(=O)Oc2ccc(C(=O)Oc3ccc(OCCCC)cc3)cc2)cc1,CCCCOc1ccc(OC(=O)c2ccc(OC(=O)c3ccc(OCC(C)CC)cc3)cc2)cc1,coverage,67.0,4.754055023099274,False
3716,PI1M,CC#CC#CC#CC#CN(CCOC)c1ccccc1/N=N/c1ccc([N+](=O)[O-])cc1,CC#CC#CC#CC#CN(CCOC)c1ccccc1/N=N/c1ccc([N+](=O)[O-])cc1,dopt,49.0,2.04904001620089,False
3717,PI1M,COc1ccc(/C(NCCC)=C(\C)c2ccc(OC(=O)CCC(C)=O)cc2)cc1,CCCN/C(=C(/C)c1ccc(OC(=O)CCC(C)=O)cc1)c1ccc(OC)cc1,random,58.0,3.2251081841016833,True
3718,PI1M,CNC(=O)Nc1ccc(Cc2ccc(NC(=O)Nc3ccc(Cc4ccc(C)cc4)cc3)cc2)cc1,CNC(=O)Nc1ccc(Cc2ccc(NC(=O)Nc3ccc(Cc4ccc(C)cc4)cc3)cc2)cc1,coverage,66.0,4.5655822516472835,False
3719,PolyInfo,*Nc1ccc(*)cc1C(=O)O,CNc1ccc(C)cc1C(=O)O,coverage,23.0,0.2678988587629254,False
3720,PI1M,CNc1ccc(C)cc1C(C)CCCCCCCCC,CCCCCCCCCC(C)c1cc(C)ccc1NC,coverage,53.0,2.5306091492877196,False
3721,OMG,*OC1=C(C(C2=C(OC(=O)C(CC(*)=O)OC)CC(C)(C)CC2=O)c2ccccc2)C(=O)CC(C)(C)C1,COC1=C(C(C2=C(OC(=O)C(CC(C)=O)OC)CC(C)(C)CC2=O)c2ccccc2)C(=O)CC(C)(C)C1,coverage,75.0,6.439287015998562,False
3722,OMG,*OC(OC(=O)c1ncnc(C(*)=O)c1C)C(=O)c1ccc(Oc2ccccc2)cc1,COC(OC(=O)c1ncnc(C(C)=O)c1C)C(=O)c1ccc(Oc2ccccc2)cc1,random,51.0,2.2818482460254073,True
3723,OMG,*Oc1c(C(=O)OCC)cnn1CCOC(=O)C(S)CC(*)=O,CCOC(=O)c1cnn(CCOC(=O)C(S)CC(C)=O)c1OC,coverage,43.0,1.4419597242422257,False
3724,PI1M,CCC(C)(COC)COCC(C)SC,CCC(C)(COC)COCC(C)SC,random,38.0,1.0340483823546922,True
3725,PI1M,CCC(CCCC)(CCCCCCCC)CSC,CCCCCCCCC(CC)(CCCC)CSC,coverage,54.0,2.6611061495015087,False
3726,PI1M,CCC(C)S(=O)(=O)c1ccc(Br)cc1,CCC(C)S(=O)(=O)c1ccc(Br)cc1,coverage,27.0,0.41237422298650106,False
3727,PI1M,COC(=O)CCSCC(=O)OC,COC(=O)CCSCC(=O)OC,coverage,24.0,0.30039397989449834,False
3728,OMG,*OC1(Cc2c[nH]c3ccccc23)CCC(Cc2c[nH]c3ccccc23)(OC(=O)CCC(N)CCC(*)=O)CC1,COC1(Cc2c[nH]c3ccccc23)CCC(Cc2c[nH]c3ccccc23)(OC(=O)CCC(N)CCC(C)=O)CC1,coverage,81.0,7.920410401396693,False
3729,OMG,*NS(=O)(=O)c1cc(S(=O)(=O)NC(=O)C(=O)NC(C)C(*)=O)c(OC)cc1OC,CNS(=O)(=O)c1cc(S(=O)(=O)NC(=O)C(=O)NC(C)C(C)=O)c(OC)cc1OC,coverage,50.0,2.1634770685187323,False
3730,OMG,*Nc1ccc(Br)c(NC(=O)C(C(C(*)=O)N(Cc2ccccc2)C(=O)OCC)N(Cc2ccccc2)C(=O)OCC)c1C(=O)OCC,CCOC(=O)c1c(NC)ccc(Br)c1NC(=O)C(C(C(C)=O)N(Cc1ccccc1)C(=O)OCC)N(Cc1ccccc1)C(=O)OCC,coverage,89.0,10.204273787941979,False
3731,OMG,*OCC(OC(=O)CSCCC(*)=O)C(=O)OCc1ccccc1,COCC(OC(=O)CSCCC(C)=O)C(=O)OCc1ccccc1,coverage,46.0,1.7287872538090088,False
3732,omics,*CC(*)(Cl)C(=O)Oc1ccc(OC)cc1,CCC(C)(Cl)C(=O)Oc1ccc(OC)cc1,coverage,31.0,0.597979011686388,False
3733,PI1M,COc1cccc(/C=C/c2ccccc2)c1C,COc1cccc(/C=C/c2ccccc2)c1C,coverage,33.0,0.707498434008989,False
3734,OMG,*OC(COC(=O)C(CC(*)=O)NC(=O)OCC1c2ccccc2-c2ccccc21)c1c(Cl)cccc1Br,COC(COC(=O)C(CC(C)=O)NC(=O)OCC1c2ccccc2-c2ccccc21)c1c(Cl)cccc1Br,random,65.0,4.381874289318153,True
3735,OMG,*Oc1ccc(C(C)(C)c2ccc(OC(=O)CCOc3ccc(OCCC(*)=O)cc3)c(C)c2)cc1C,COc1ccc(C(C)(C)c2ccc(OC(=O)CCOc3ccc(OCCC(C)=O)cc3)c(C)c2)cc1C,coverage,73.0,5.987719929256527,False
3736,PI1M,CCCCCOc1ccc(/C=C/c2ccc([N+](=O)[O-])cc2)c(OC)c1,CCCCCOc1ccc(/C=C/c2ccc([N+](=O)[O-])cc2)c(OC)c1,coverage,48.0,1.9384826272146733,False
3737,OMG,*OCC(Br)COC(=O)C1CC(C)C(C)CC1C(*)=O,COCC(Br)COC(=O)C1CC(C)C(C)CC1C(C)=O,coverage,45.0,1.629538578803666,False
3738,omics,*/C(CC)=C(/*)S(F)(F)(F)(F)F,CC/C(C)=C(\C)S(F)(F)(F)(F)F,dopt,23.0,0.2678988587629254,False
3739,PI1M,CCC(O)COc1ccc(S(=O)(=O)c2ccc(OCCOc3ccc(OC)cc3)cc2)cc1,CCC(O)COc1ccc(S(=O)(=O)c2ccc(OCCOc3ccc(OC)cc3)cc2)cc1,coverage,61.0,3.6936882750981668,False
3740,PI1M,CCCCCCCCCC(C)CCCCCSC,CCCCCCCCCC(C)CCCCCSC,coverage,54.0,2.6611061495015087,False
3741,OMG,*OC(c1n[nH]c(=S)n1-c1ccccc1)C(OC(=O)c1cccc(F)c1CC(*)=O)c1n[nH]c(=S)n1-c1ccccc1,COC(c1n[nH]c(=S)n1-c1ccccc1)C(OC(=O)c1cccc(F)c1CC(C)=O)c1n[nH]c(=S)n1-c1ccccc1,dopt,67.0,4.754055023099274,False
3742,PI1M,CCC(O)CN(C)c1ccc(N(c2ccccc2)c2ccc(OC)cc2)cc1,CCC(O)CN(C)c1ccc(N(c2ccccc2)c2ccc(OC)cc2)cc1,coverage,56.0,2.934599081644776,False
3743,PolyInfo,*Cc1ccc(C(C)(CC)c2ccc(Cn3c(=O)c4cc5c(=O)n(*)c(=O)c5cc4c3=O)o2)o1,CCc1ccc(C(C)(CC)c2ccc(Cn3c(=O)c4cc5c(=O)n(C)c(=O)c5cc4c3=O)o2)o1,dopt,58.0,3.2251081841016833,False
3744,PI1M,COC(=O)Nc1ccc(NC(=O)OCc2ccc(C)cc2)cc1,COC(=O)Nc1ccc(NC(=O)OCc2ccc(C)cc2)cc1,coverage,41.0,1.2685615949723126,False
3745,PI1M,COc1ccc(OC(=O)c2ccc(C(C)=O)cc2)c(OCC(C)CCCC)c1,CCCCC(C)COc1cc(OC)ccc1OC(=O)c1ccc(C(C)=O)cc1,coverage,56.0,2.934599081644776,False
3746,PI1M,C/C=C/c1ccc(/C=C/c2ccc(C)c(OC(C)=O)c2)cc1,C/C=C/c1ccc(/C=C/c2ccc(C)c(OC(C)=O)c2)cc1,coverage,42.0,1.3535165667832443,False
3747,PI1M,CCCN(CCOC(=O)NCCCCCCNC(=O)OC)c1ccc(/N=N/c2ccc(/N=N/c3ccc(C#N)cc3)cc2)cc1,CCCN(CCOC(=O)NCCCCCCNC(=O)OC)c1ccc(/N=N/c2ccc(/N=N/c3ccc(C#N)cc3)cc2)cc1,coverage,85.0,9.016954844909401,False
3748,PI1M,COc1ccc(NC(=O)c2ccc(C(=O)Nc3ccc(NC(=O)c4ccc(C(=O)Nc5ccc(C)cc5)cc4)cc3)cc2)cc1C(=O)O,COc1ccc(NC(=O)c2ccc(C(=O)Nc3ccc(NC(=O)c4ccc(C(=O)Nc5ccc(C)cc5)cc4)cc3)cc2)cc1C(=O)O,coverage,78.0,7.155788006079488,False
3749,PI1M,CN=P(C)(OCC(O)C(C)(C)C)O[Si](O)(O)COF,CN=P(C)(OCC(O)C(C)(C)C)O[Si](O)(O)COF,feature,42.0,1.3535165667832443,False
3750,OMG,*Nc1cc(O)cc(NC(=O)C2(C(*)=O)CC3(CC(=O)C3)C2)c1Cl,CNc1cc(O)cc(NC(=O)C2(C(C)=O)CC3(CC(=O)C3)C2)c1Cl,random,43.0,1.4419597242422257,True
3751,PI1M,COC1OC(=O)CCCC(=O)C1C,COC1OC(=O)CCCC(=O)C1C,feature,27.0,0.41237422298650106,False
3752,omics,*CCCCCNc1nc(NCCCCCc2ccc3nc(-c4ccccc4)c(-c4nc5cc(CCC*)ccc5[nH]4)nc3c2)nc(N(CC)CC)n1,CCCCCCNc1nc(NCCCCCc2ccc3nc(-c4ccccc4)c(-c4nc5cc(CCCC)ccc5[nH]4)nc3c2)nc(N(CC)CC)n1,dopt,109.0,17.603550241513325,False
3753,PI1M,CNC(C)C(=O)NCc1ccccc1COC(=O)C(C)=O,CNC(C)C(=O)NCc1ccccc1COC(=O)C(C)=O,random,41.0,1.2685615949723126,True
3754,PI1M,CO[Si](C)(C)Oc1c(F)c(Cl)c(C)c(Br)c1F,CO[Si](C)(C)Oc1c(F)c(Cl)c(C)c(Br)c1F,coverage,29.0,0.49977393112088747,False
3755,PI1M,CCC(=O)NNC(=O)c1ccc(C(=O)NNC(=O)c2ccc(-c3ccc(OC)cc3)cc2)cc1,CCC(=O)NNC(=O)c1ccc(C(=O)NNC(=O)c2ccc(-c3ccc(OC)cc3)cc2)cc1,coverage,58.0,3.2251081841016833,False
3756,PI1M,C/C=C/c1ccc(/C=C/c2ccc(-c3ccc(/P=C/C)cc3)cc2)o1,C/C=C/c1ccc(/C=C/c2ccc(-c3ccc(/P=C/C)cc3)cc2)o1,dopt,46.0,1.7287872538090088,False
3757,PI1M,COc1c(Cl)cc(Br)c(Br)c1C,COc1c(Cl)cc(Br)c(Br)c1C,coverage,19.0,0.16023971771432066,False
3758,PI1M,CCc1ccc(Sc2ccc(C)cc2)cc1,CCc1ccc(Sc2ccc(C)cc2)cc1,coverage,32.0,0.6512930237899227,False
3759,PI1M,Cc1ccc(-c2ccc(-n3c(=O)c4cc5c(=O)n(C)c(=O)c5c(F)c4c3=O)c(C)c2)cc1-c1ccccc1,Cc1ccc(-c2ccc(-n3c(=O)c4cc5c(=O)n(C)c(=O)c5c(F)c4c3=O)c(C)c2)cc1-c1ccccc1,random,59.0,3.3768743086298603,True
3760,OMG,*Oc1ccc(COC(=O)C2(C(*)=O)CC3CC(C3)C2)cc1,COc1ccc(COC(=O)C2(C(C)=O)CC3CC(C3)C2)cc1,coverage,44.0,1.5339481655863532,False
3761,PI1M,CCCCCCCCCCCCCCCCCCCCOC(=O)CCCCCCCCCCC(=O)NC,CCCCCCCCCCCCCCCCCCCCOC(=O)CCCCCCCCCCC(=O)NC,coverage,102.0,14.725072667614862,False
3762,PI1M,CC1C=C(C#N)CNC(=S)C(C)C1=O,CC1C=C(C#N)CNC(=S)C(C)C1=O,feature,26.0,0.372564345698904,False
3763,PI1M,CCC(C)(C)C(=O)OCCCCCCCCCCCCOc1ccc(-c2ccc(SCCCCCCCCCCCC)cc2)cc1C(=O)OCCCC,CCCCCCCCCCCCSc1ccc(-c2ccc(OCCCCCCCCCCCCOC(=O)C(C)(C)CC)c(C(=O)OCCCC)c2)cc1,random,129.0,27.695506075938923,True
3764,omics,*Sc1ccc(Cc2ccc(*)s2)cc1,CSc1ccc(Cc2ccc(C)s2)cc1,coverage,29.0,0.49977393112088747,False
3765,PI1M,CNC(=O)/C=C/C(C)=O,CNC(=O)/C=C/C(C)=O,coverage,18.0,0.1385498383381463,False
3766,PI1M,Cc1sc(C)c(C(=O)OCCCC)c1C(=O)O,CCCCOC(=O)c1c(C)sc(C)c1C(=O)O,random,33.0,0.707498434008989,True
3767,PI1M,CCC[PH](C)(CC[Si](C)(C)Cl)Sc1ccccc1C,CCC[PH](C)(CC[Si](C)(C)Cl)Sc1ccccc1C,dopt,47.0,1.8317500939966918,False
3768,OMG,*Oc1c(F)cc(Cl)cc1OC(=O)C(CC(*)=O)NC(C)(C)C,COc1c(F)cc(Cl)cc1OC(=O)C(CC(C)=O)NC(C)(C)C,random,44.0,1.5339481655863532,True
3769,OMG,*Oc1nnc(OC(=O)C2CS(=O)(=O)CC2C(*)=O)c(Cl)c1Cl,COc1nnc(OC(=O)C2CS(=O)(=O)CC2C(C)=O)c(Cl)c1Cl,random,35.0,0.828831072009792,True
3770,PI1M,Cc1ccc(S#N)c(C)c1,Cc1ccc(S#N)c(C)c1,feature,19.0,0.16023971771432066,False
3771,PI1M,CCC(C)(C)C(=O)OCCCCCCC(F)(F)C(F)(F)C(F)(F)C(F)(F)C(F)(F)C(F)(F)C(F)(F)C(F)(F)F,CCC(C)(C)C(=O)OCCCCCCC(F)(F)C(F)(F)C(F)(F)C(F)(F)C(F)(F)C(F)(F)C(F)(F)C(F)(F)F,coverage,62.0,3.858838735716932,False
3772,OMG,*Nc1nsnc1NC(=O)c1cc(NS(=O)(=O)c2ccc(Cl)cc2)cc(C(*)=O)c1,CNc1nsnc1NC(=O)c1cc(NS(=O)(=O)c2ccc(Cl)cc2)cc(C(C)=O)c1,dopt,46.0,1.7287872538090088,False
3773,PI1M,CNc1ccccc1CN(C)CCCCCC,CCCCCCN(C)Cc1ccccc1NC,coverage,43.0,1.4419597242422257,False
3774,omics,*CCCC(*)CCCC(C)(C)C,CCCCC(C)CCCC(C)(C)C,coverage,41.0,1.2685615949723126,False
3775,PI1M,COCCCCOC(=O)NCCSSCCCCSC(=O)OC,COCCCCOC(=O)NCCSSCCCCSC(=O)OC,random,50.0,2.1634770685187323,True
3776,PI1M,COc1ccc(Oc2ccc(S(C)(=O)=O)cc2)cc1,COc1ccc(Oc2ccc(S(C)(=O)=O)cc2)cc1,coverage,33.0,0.707498434008989,False
3777,omics,*c1sc(-c2ccc(-c3cc(SCCCCCCCC)c(*)s3)cc2)cc1SCCCC,CCCCCCCCSc1cc(-c2ccc(-c3cc(SCCCC)c(C)s3)cc2)sc1C,coverage,70.0,5.348558032191515,False
3778,OMG,*Oc1nc2nc(Br)cnc2nc1OC(=O)CCOCCOCCOCCOCCOCCOCCOCCOCCOCCOCCOCCOCCC(*)=O,COc1nc2nc(Br)cnc2nc1OC(=O)CCOCCOCCOCCOCCOCCOCCOCCOCCOCCOCCOCCOCCC(C)=O,dopt,116.0,20.81205551444367,False
3779,PI1M,CNc1ccc(CCc2ccc(-c3ccc(CS(C)(=O)=O)cc3)cc2)cc1,CNc1ccc(CCc2ccc(-c3ccc(CS(C)(=O)=O)cc3)cc2)cc1,random,52.0,2.404207673904035,True
3780,PI1M,CCCN(C)C(=O)C(F)(F)C(F)(F)C(F)(F)F,CCCN(C)C(=O)C(F)(F)C(F)(F)C(F)(F)F,coverage,27.0,0.41237422298650106,False
3781,PI1M,COc1cccc(NC(=O)CCCCCCCCCC(=O)Nc2ccc(C(C)=O)cc2)c1,COc1cccc(NC(=O)CCCCCCCCCC(=O)Nc2ccc(C(C)=O)cc2)c1,coverage,66.0,4.5655822516472835,False
3782,OMG,*OC(OC(=O)C1CC(C(*)=O)N(C(=O)OC(C)(C)C)N1C(=O)OC(C)(C)C)C(=O)c1ccccc1,COC(OC(=O)C1CC(C(C)=O)N(C(=O)OC(C)(C)C)N1C(=O)OC(C)(C)C)C(=O)c1ccccc1,coverage,70.0,5.348558032191515,False
3783,PI1M,CCC(C)(CCC(C)C)C(F)(F)F,CCC(C)(CCC(C)C)C(F)(F)F,coverage,32.0,0.6512930237899227,False
3784,OMG,*OC(C(=O)NNC(=S)Nc1ccccc1)C(OC(=O)c1ccccc1NC(=O)Cc1ccccc1C(*)=O)C(=O)NNC(=S)Nc1ccccc1,COC(C(=O)NNC(=S)Nc1ccccc1)C(OC(=O)c1ccccc1NC(=O)Cc1ccccc1C(C)=O)C(=O)NNC(=S)Nc1ccccc1,dopt,87.0,9.599083603550964,False
3785,PI1M,Cc1ccccc1C(C)C(=O)OCCCCCCCCCCCCCC,CCCCCCCCCCCCCCOC(=O)C(C)c1ccccc1C,coverage,66.0,4.5655822516472835,False
3786,PI1M,CNc1ccc(NC(=O)c2cccc(C(C)=O)c2)cc1C,CNc1ccc(NC(=O)c2cccc(C(C)=O)c2)cc1C,coverage,39.0,1.1088856862834737,False
3787,omics,*Oc1ccc(-c2cccc(*)c2)cc1,COc1ccc(-c2cccc(C)c2)cc1,coverage,29.0,0.49977393112088747,False
3788,PI1M,CC(=O)Nc1ccc(/N=C/c2ccc(/C=N/c3ccc(N=C)cc3)cc2)cc1,C=Nc1ccc(/N=C/c2ccc(/C=N/c3ccc(NC(C)=O)cc3)cc2)cc1,coverage,48.0,1.9384826272146733,False
3789,PI1M,CO[SiH](C)C=C,C=C[SiH](C)OC,feature,16.0,0.1009266220636141,False
3790,PI1M,COC(=O)c1cccc(C(=O)OC(=O)c2cccc(C(C)=O)c2C)c1,COC(=O)c1cccc(C(=O)OC(=O)c2cccc(C(C)=O)c2C)c1,coverage,41.0,1.2685615949723126,False
3791,OMG,*NNc1ccc(NC(=O)C(CCCC)(CCCC)C(*)=O)cc1,CCCCC(CCCC)(C(C)=O)C(=O)Nc1ccc(NNC)cc1,coverage,55.0,2.7957518399460364,False
3792,PI1M,C/C=N/c1ccc(N=C)cc1,C=Nc1ccc(/N=C/C)cc1,coverage,21.0,0.2097456137295212,False
3793,PI1M,Cc1ccc(-n2on2-c2cc(C#N)c(C)s2)s1,Cc1ccc(-n2on2-c2cc(C#N)c(C)s2)s1,feature,26.0,0.372564345698904,False
3794,OMG,*NC1CCC1S(=O)(=O)NC(=O)CCNC(=O)C(F)(F)C(F)(F)C(=O)NCCC(*)=O,CNC1CCC1S(=O)(=O)NC(=O)CCNC(=O)C(F)(F)C(F)(F)C(=O)NCCC(C)=O,random,55.0,2.7957518399460364,True
3795,OMG,*OCC(OC(=O)C(CSSCC(NC(C)=O)C(*)=O)NC(C)=O)C1OC(O[Si](C)(C)C(C)(C)C)C2OC(C)(C)OC12,COCC(OC(=O)C(CSSCC(NC(C)=O)C(C)=O)NC(C)=O)C1OC(O[Si](C)(C)C(C)(C)C)C2OC(C)(C)OC12,coverage,90.0,10.515630927412102,False
3796,OMG,*OCC1(COC(=O)C2CSC(C)(C(*)=O)N2)CC(C)C1,COCC1(COC(=O)C2CSC(C)(C(C)=O)N2)CC(C)C1,random,46.0,1.7287872538090088,True
3797,PI1M,CCCCCCCCCCCOP(=O)(OC)OCCCCCCCCC,CCCCCCCCCCCOP(=O)(OC)OCCCCCCCCC,coverage,71.0,5.556584750444072,False
3798,omics,*c1cc2sc(-c3sc(-c4cc(CCCCCC)c(*)s4)cc3C)cc2s1,CCCCCCc1cc(-c2cc(C)c(-c3cc4sc(C)cc4s3)s2)sc1C,dopt,53.0,2.5306091492877196,False
3799,PI1M,C/C=C/c1ccc(-c2ccc(-c3ccc(S(C)(=O)=O)cc3)cc2)cc1,C/C=C/c1ccc(-c2ccc(-c3ccc(S(C)(=O)=O)cc3)cc2)cc1,coverage,45.0,1.629538578803666,False
3800,PI1M,CCC(C)C(=O)Nc1cc(C)c(/N=N/c2ccc([N+](=O)[O-])cc2)cc1C,CCC(C)C(=O)Nc1cc(C)c(/N=N/c2ccc([N+](=O)[O-])cc2)cc1C,random,48.0,1.9384826272146733,True
3801,PI1M,CCCCCCCCCCCCCSCCCCCCCCC,CCCCCCCCCCCCCSCCCCCCCCC,coverage,69.0,5.145493557044269,False
3802,PI1M,CCC(C)C(=O)OCCOCCOCCOCCOCCCCOCCOCCOC,CCC(C)C(=O)OCCOCCOCCOCCOCCCCOCCOCCOC,coverage,75.0,6.439287015998562,False
3803,PI1M,CCCNC(=O)NCCCCCCCCNC(=O)NCCCCCCCCCNC(=O)C(=O)NCCCCCCNC(=O)NCc1ccc(NC(=O)/C=C/c2ccc(C)o2)s1,CCCNC(=O)NCCCCCCCCNC(=O)NCCCCCCCCCNC(=O)C(=O)NCCCCCCNC(=O)NCc1ccc(NC(=O)/C=C/c2ccc(C)o2)s1,dopt,134.0,30.67855445817267,False
3804,PI1M,CCC(C)c1ccc(COCC(F)(F)C(F)(F)C(F)(F)C(F)(F)C(F)(F)C(F)(F)F)cc1,CCC(C)c1ccc(COCC(F)(F)C(F)(F)C(F)(F)C(F)(F)C(F)(F)C(F)(F)F)cc1,coverage,49.0,2.04904001620089,False
3805,OMG,*OC(=NO)C(=NO)OC(=O)c1ccc(C=Nc2ccc(N=Cc3ccc(C(*)=O)cc3)cc2)cc1,COC(=NO)C(=NO)OC(=O)c1ccc(C=Nc2ccc(N=Cc3ccc(C(C)=O)cc3)cc2)cc1,dopt,58.0,3.2251081841016833,False
3806,PI1M,CCC/C=C(/C)c1cccc(C)c1,CCC/C=C(/C)c1cccc(C)c1,coverage,31.0,0.597979011686388,False
3807,OMG,*Oc1cc(OC(=O)CCOc2ccc(OCCC(*)=O)cc2)ccc1S(N)(=O)=O,COc1cc(OC(=O)CCOc2ccc(OCCC(C)=O)cc2)ccc1S(N)(=O)=O,random,53.0,2.5306091492877196,True
3808,PI1M,CCC(C)C(=O)OCCCCOC(=O)c1ccccc1,CCC(C)C(=O)OCCCCOC(=O)c1ccccc1,coverage,42.0,1.3535165667832443,False
3809,OMG,*Oc1ccc(Oc2ccc(OC(=O)CCC3(CCC(*)=O)N=N3)cc2)cc1,COc1ccc(Oc2ccc(OC(=O)CCC3(CCC(C)=O)N=N3)cc2)cc1,coverage,50.0,2.1634770685187323,False
3810,OMG,*OCCc1ccccc1CCOC(=O)C(CC(*)=O)NC(=O)OCC1c2ccccc2-c2ccccc21,COCCc1ccccc1CCOC(=O)C(CC(C)=O)NC(=O)OCC1c2ccccc2-c2ccccc21,random,71.0,5.556584750444072,True
3811,PI1M,COC(C)COCC(C)OC,COC(C)COCC(C)OC,coverage,29.0,0.49977393112088747,False
3812,PI1M,CNC(=O)CCCCCCCCCCC(=O)NCc1ccc(CCC(=O)O[Si](C)(C)C)cc1,CNC(=O)CCCCCCCCCCC(=O)NCc1ccc(CCC(=O)O[Si](C)(C)C)cc1,random,77.0,6.911670651446108,True
3813,OMG,*OC1CCCC(OC(=O)CCC(=NN=C(CCC(*)=O)c2ccccc2)c2ccccc2)CCC1,COC1CCCC(OC(=O)CCC(=NN=C(CCC(C)=O)c2ccccc2)c2ccccc2)CCC1,random,74.0,6.210925368545501,True
3814,PI1M,CCC(O)CN(C)c1ccc(/N=N/c2ccc(C(=O)OC)cc2)cc1,CCC(O)CN(C)c1ccc(/N=N/c2ccc(C(=O)OC)cc2)cc1,coverage,48.0,1.9384826272146733,False
3815,OMG,*OCCOCCOCCOCCOCCOCCOCCOCCOCCOCCOCCOC(=O)C(CC(*)=O)OC,COCCOCCOCCOCCOCCOCCOCCOCCOCCOCCOCCOC(=O)C(CC(C)=O)OC,coverage,100.0,13.96120758869343,False
3816,omics,*c1ccc(Oc2ccc(Oc3ccc(S(=O)c4ccc(Oc5ccc(S(=O)(=O)c6ccc(-c7ccc(-c8ccc(S(=O)(=O)c9ccc(*)cc9)cc8)cc7)cc6)cc5)cc4)cc3)cc2)cc1,Cc1ccc(Oc2ccc(Oc3ccc(S(=O)c4ccc(Oc5ccc(S(=O)(=O)c6ccc(-c7ccc(-c8ccc(S(=O)(=O)c9ccc(C)cc9)cc8)cc7)cc6)cc5)cc4)cc3)cc2)cc1,dopt,109.0,17.603550241513325,False
3817,PI1M,CCC(C)(C)C(=O)OCCOCCOCCOCCOCCOCCOCCC,CCCOCCOCCOCCOCCOCCOCCOC(=O)C(C)(C)CC,coverage,71.0,5.556584750444072,False
3818,PolyInfo,*c1c(C)cc(-c2cc(C)c(N3C(=O)c4ccc(Oc5ccc(C(C)(C)c6ccc(Oc7ccc8c(c7)C(=O)N(*)C8=O)cc6)cc5)cc4C3=O)c(C)c2)cc1C,Cc1cc(-c2cc(C)c(N3C(=O)c4ccc(Oc5ccc(C(C)(C)c6ccc(Oc7ccc8c(c7)C(=O)N(C)C8=O)cc6)cc5)cc4C3=O)c(C)c2)cc(C)c1C,coverage,99.0,13.588817252236698,False
3819,PI1M,COC(C)CCCCCCCCCCC(=O)Oc1ccccc1,COC(C)CCCCCCCCCCC(=O)Oc1ccccc1,coverage,55.0,2.7957518399460364,False
3820,PI1M,C/C=C(\C)[PH](F)(F)C(F)F,C/C=C(\C)[PH](F)(F)C(F)F,feature,19.0,0.16023971771432066,False
3821,OMG,*Nc1cc(Cl)c(NC(=O)c2nc3ccccc3nc2C(*)=O)cc1Cl,CNc1cc(Cl)c(NC(=O)c2nc3ccccc3nc2C(C)=O)cc1Cl,coverage,40.0,1.187037287474881,False
3822,PI1M,CCCCc1ccc(C)n1CCCCCCCCCCCC,CCCCCCCCCCCCn1c(C)ccc1CCCC,coverage,61.0,3.6936882750981668,False
3823,PI1M,CNc1cc(C)c(C)cc1Cl,CNc1cc(C)c(C)cc1Cl,coverage,23.0,0.2678988587629254,False
3824,PI1M,CCCCCCCOc1ccc(C(=O)OCCCCCCCCCOC(=O)c2ccc(OC)c(C)c2)cc1C,CCCCCCCOc1ccc(C(=O)OCCCCCCCCCOC(=O)c2ccc(OC)c(C)c2)cc1C,coverage,87.0,9.599083603550964,False
3825,PolyInfo,*C1=NC2=CC(*)C=CC2=C1,CC1=NC2=CC(C)C=CC2=C1,feature,22.0,0.23770591902308572,False
3826,PI1M,CCCC(=O)NCCCCCCCCCCCN1CCN(C)CC1,CCCC(=O)NCCCCCCCCCCCN1CCN(C)CC1,coverage,65.0,4.381874289318153,False
3827,OMG,*OCC(OC(=O)C1COCC1C(*)=O)C(=O)OC(C)(C)C,COCC(OC(=O)C1COCC1C(C)=O)C(=O)OC(C)(C)C,coverage,46.0,1.7287872538090088,False
3828,PI1M,CCc1ccc(C)c(OC)c1C,CCc1ccc(C)c(OC)c1C,coverage,28.0,0.4547556347186134,False
3829,PI1M,CN=P(C)(Br)Oc1ccc(C(C)(C)C)cc1,CN=P(C)(Br)Oc1ccc(C(C)(C)C)cc1,feature,35.0,0.828831072009792,False
3830,PI1M,CCC#CC#CC#Cc1cc(OCCCCCCCCCC)c(C#Cc2cc(CCCCCCCC)c(C)s2)cc1COCCCC,CCC#CC#CC#Cc1cc(OCCCCCCCCCC)c(C#Cc2cc(CCCCCCCC)c(C)s2)cc1COCCCC,dopt,107.0,16.748092337316944,False
3831,PI1M,C/C(C#N)=C(/C)c1ccc(CCC)cc1,CCCc1ccc(/C(C)=C(\C)C#N)cc1,coverage,32.0,0.6512930237899227,False
3832,OMG,*Oc1cc(Br)c(F)cc1COC(=O)C(N)C(*)=O,COc1cc(Br)c(F)cc1COC(=O)C(N)C(C)=O,coverage,32.0,0.6512930237899227,False
3833,omics,*CCCOc1ccc(-c2nnc(*)o2)cc1,CCCCOc1ccc(-c2nnc(C)o2)cc1,coverage,33.0,0.707498434008989,False
3834,OMG,*Oc1cccc(OC(=O)C(C)(C(*)=O)C(C)C)c1CC,CCc1c(OC)cccc1OC(=O)C(C)(C(C)=O)C(C)C,coverage,45.0,1.629538578803666,False
3835,PI1M,COc1ccc(-n2on2Cl)cc1C,COc1ccc(-n2on2Cl)cc1C,feature,22.0,0.23770591902308572,False
3836,OMG,*Nc1nccnc1NC(=O)c1nc(N)[nH]c1C(*)=O,CNc1nccnc1NC(=O)c1nc(N)[nH]c1C(C)=O,coverage,33.0,0.707498434008989,False
3837,PI1M,CN[SiH](C)c1ccc(Cl)cc1Cl,CN[SiH](C)c1ccc(Cl)cc1Cl,feature,23.0,0.2678988587629254,False
3838,PI1M,CCC(C)OC(=O)CCCCCCCCC(=O)OC,CCC(C)OC(=O)CCCCCCCCC(=O)OC,coverage,47.0,1.8317500939966918,False
3839,omics,*N=P(N=P(N=S(*)(=O)NCC=C)(NCC=C)NCCCCCC)(NCC=C)NCCC,C=CCNP(=NC)(N=P(N=S(C)(=O)NCC=C)(NCC=C)NCCCCCC)NCCC,dopt,78.0,7.155788006079488,False
3840,PI1M,C/C=C/C=C/C=C(C)CCCCC,C/C=C/C=C/C=C(C)CCCCC,coverage,35.0,0.828831072009792,False
3841,omics,*CC(*)(CF)C(=O)OC(C)CC,CCC(C)OC(=O)C(C)(CC)CF,coverage,32.0,0.6512930237899227,False
3842,OMG,*OCC(COC)OC(=O)C(CCC(*)=O)NC(=O)c1ccc(C)cc1,COCC(COC)OC(=O)C(CCC(C)=O)NC(=O)c1ccc(C)cc1,coverage,53.0,2.5306091492877196,False
3843,PI1M,CCCCCCCCCCCCOC(=O)NCc1ccc(CCNC(=O)OC)cc1,CCCCCCCCCCCCOC(=O)NCc1ccc(CCNC(=O)OC)cc1,coverage,70.0,5.348558032191515,False
3844,PI1M,CCCN(C)C(=O)C[SH](=O)(F)Cl,CCCN(C)C(=O)C[SH](=O)(F)Cl,feature,25.0,0.33525989756051233,False
3845,PI1M,Cc1cc2cc(C)nc(c(C)[nH]1)-c1ncccc1S2(=O)=O,Cc1cc2cc(C)[nH]c(C)c(n1)-c1ncccc1S2(=O)=O,feature,36.0,0.8940806826961882,False
3846,PI1M,CCCCCOc1ccc(/N=C/c2ccc(OCCCCCCCCOC(=O)c3ccc(OC)cc3)cc2)cc1,CCCCCOc1ccc(/N=C/c2ccc(OCCCCCCCCOC(=O)c3ccc(OC)cc3)cc2)cc1,coverage,83.0,8.457520383218988,False
3847,PI1M,CCC(C)(F)C(=O)N(F)C(F)(Br)C(F)(F)F,CCC(C)(F)C(=O)N(F)C(F)(Br)C(F)(F)F,feature,24.0,0.30039397989449834,False
3848,PI1M,CCC(C)CCCCCCCCC(=O)NCCCCCCCCC,CCCCCCCCCNC(=O)CCCCCCCCC(C)CC,coverage,69.0,5.145493557044269,False
3849,PI1M,CO[Si](C)(C)CCCSC,CO[Si](C)(C)CCCSC,random,28.0,0.4547556347186134,True
3850,OMG,*OCCN(CCOC(=O)C(N)CC(Cl)C(*)=O)C(=O)NC(N)=O,COCCN(CCOC(=O)C(N)CC(Cl)C(C)=O)C(=O)NC(N)=O,random,47.0,1.8317500939966918,True
3851,PI1M,COc1ccc(OC(=O)c2ccc(Oc3cccc(C(C)=O)c3)cc2C(=O)OCCC(C)C)cc1,COc1ccc(OC(=O)c2ccc(Oc3cccc(C(C)=O)c3)cc2C(=O)OCCC(C)C)cc1,random,63.0,4.0285528241783775,True
3852,OMG,*OC(COC(=O)CCOc1ccc(OCCC(*)=O)cc1)CC(F)(F)C(F)(F)C(F)(F)C(F)(F)C(F)(F)C(F)(F)F,COC(COC(=O)CCOc1ccc(OCCC(C)=O)cc1)CC(F)(F)C(F)(F)C(F)(F)C(F)(F)C(F)(F)C(F)(F)F,random,65.0,4.381874289318153,True
3853,PI1M,CCC(=O)Nc1cccc(NC(=O)OCCCC[Si](C)(C)C)c1,CCC(=O)Nc1cccc(NC(=O)OCCCC[Si](C)(C)C)c1,random,51.0,2.2818482460254073,True
3854,PI1M,CCOc1ccc(-c2ccc(OC(=O)c3ccc(C(=O)OC)cc3)cc2)c(C)c1O,CCOc1ccc(-c2ccc(OC(=O)c3ccc(C(=O)OC)cc3)cc2)c(C)c1O,random,52.0,2.404207673904035,True
3855,PI1M,CCC(C)c1ccc([Si](C)(C)[Si](C)(C)NF)cc1,CCC(C)c1ccc([Si](C)(C)[Si](C)(C)NF)cc1,dopt,44.0,1.5339481655863532,False
3856,PI1M,CNNC(=O)c1ccc([PH](C)(C)C)cc1C(=O)NNC(=O)C(=O)NCCCCNNC(C)=O,CNNC(=O)c1ccc([PH](C)(C)C)cc1C(=O)NNC(=O)C(=O)NCCCCNNC(C)=O,dopt,67.0,4.754055023099274,False
3857,omics,*CC(COC(C)=O)O*,CCC(COC(C)=O)OC,coverage,24.0,0.30039397989449834,False
3858,PI1M,CCC(C)(C)Br,CCC(C)(C)Br,random,17.0,0.11880386870633687,True
3859,OMG,*OC(C)(C)CN(CC(C)(C)OC(=O)C(CCCCc1ccccc1)C(*)=O)C(=O)c1ccc(Br)cc1,COC(C)(C)CN(CC(C)(C)OC(=O)C(CCCCc1ccccc1)C(C)=O)C(=O)c1ccc(Br)cc1,random,77.0,6.911670651446108,True
3860,PI1M,CCCCCCCCCCCOc1ccc(/C=C/c2cccc(C(=O)OC)c2)cc1,CCCCCCCCCCCOc1ccc(/C=C/c2cccc(C(=O)OC)c2)cc1,coverage,66.0,4.5655822516472835,False
3861,OMG,*OC(c1cccs1)(c1cccs1)C(OC(=O)CC1CS(=O)(=O)CC1CC(*)=O)(c1cccs1)c1cccs1,COC(c1cccs1)(c1cccs1)C(OC(=O)CC1CS(=O)(=O)CC1CC(C)=O)(c1cccs1)c1cccs1,dopt,67.0,4.754055023099274,False
3862,OMG,*OCC(C)OC(=O)c1cc(S)cc(C(*)=O)c1,COCC(C)OC(=O)c1cc(S)cc(C(C)=O)c1,coverage,34.0,0.7666572932453927,False
3863,PI1M,CSc1ccc(Cc2ccc(NC(=O)CCCCCC(C)=O)cc2)cc1,CSc1ccc(Cc2ccc(NC(=O)CCCCCC(C)=O)cc2)cc1,coverage,53.0,2.5306091492877196,False
3864,PI1M,CNc1ccc(NC(=O)c2ccc(C(C)=O)cc2C)cc1CCCCCCCCCCCCCCCCCCCCCCCC,CCCCCCCCCCCCCCCCCCCCCCCCc1cc(NC(=O)c2ccc(C(C)=O)cc2C)ccc1NC,coverage,111.0,18.485951002195634,False
3865,PI1M,C/C=C(/C)c1ccc(CC)c(C)c1,C/C=C(/C)c1ccc(CC)c(C)c1,coverage,31.0,0.597979011686388,False
3866,OMG,*OC(c1n[nH]c(=S)n1-c1ccccc1)C(OC(=O)C1(CC(*)=O)CCOCC1)c1n[nH]c(=S)n1-c1ccccc1,COC(c1n[nH]c(=S)n1-c1ccccc1)C(OC(=O)C1(CC(C)=O)CCOCC1)c1n[nH]c(=S)n1-c1ccccc1,dopt,71.0,5.556584750444072,False
3867,PI1M,COC(C)CC(C)CCC(=O)OC,COC(=O)CCC(C)CC(C)OC,coverage,33.0,0.707498434008989,False
3868,PI1M,CCC(C)C(=O)NCc1ccc(OCCCCCC)cc1,CCCCCCOc1ccc(CNC(=O)C(C)CC)cc1,coverage,50.0,2.1634770685187323,False
3869,OMG,*OCCOCCOC(=O)COCCOCCOCCOCCOCCOCC(*)=O,COCCOCCOC(=O)COCCOCCOCCOCCOCCOCC(C)=O,coverage,69.0,5.145493557044269,False
3870,OMG,*Oc1c(C(C)(C)C)cc(SC(C)(C)Sc2cc(C(C)(C)C)c(OC(=O)C(CS)NCCNC(CS)C(*)=O)c(C(C)(C)C)c2)cc1C(C)(C)C,COc1c(C(C)(C)C)cc(SC(C)(C)Sc2cc(C(C)(C)C)c(OC(=O)C(CS)NCCNC(CS)C(C)=O)c(C(C)(C)C)c2)cc1C(C)(C)C,dopt,117.0,21.298202540382935,False
3871,PI1M,COC(C)CCC(C)C[Si](C)(C)C,COC(C)CCC(C)C[Si](C)(C)C,coverage,39.0,1.1088856862834737,False
3872,PI1M,CNC(=O)C(C#N)NC,CNC(=O)C(C#N)NC,coverage,18.0,0.1385498383381463,False
3873,PI1M,CNNC(=O)c1ccc(C(=O)NNC(=O)c2ccc(C)cc2)cc1,CNNC(=O)c1ccc(C(=O)NNC(=O)c2ccc(C)cc2)cc1,coverage,42.0,1.3535165667832443,False
3874,PolyInfo,*c1ccc([Si](*)(C)c2ccccc2)cc1,Cc1ccc([Si](C)(C)c2ccccc2)cc1,coverage,34.0,0.7666572932453927,False
3875,PI1M,C/C=C/c1ccc(/C=C/c2ccc(OC(=O)c3ccc(C(=O)OC)cc3)cc2)cc1,C/C=C/c1ccc(/C=C/c2ccc(OC(=O)c3ccc(C(=O)OC)cc3)cc2)cc1,coverage,52.0,2.404207673904035,False
3876,PI1M,CCC(C)c1ccc(/N=N/c2ccc(C=C)cc2)cc1,C=Cc1ccc(/N=N/c2ccc(C(C)CC)cc2)cc1,coverage,40.0,1.187037287474881,False
3877,PI1M,COc1ccc(Oc2ccc(S(=O)(=O)c3ccc(NC(=O)c4ccc(C)cc4)cc3)cc2)cc1C,COc1ccc(Oc2ccc(S(=O)(=O)c3ccc(NC(=O)c4ccc(C)cc4)cc3)cc2)cc1C,coverage,60.0,3.533050524994261,False
3878,PI1M,COc1cccc(/C=C/c2ccc(/C=C/c3ccc(/C=C/c4ccc(C)cc4)cc3)cc2)c1,COc1cccc(/C=C/c2ccc(/C=C/c3ccc(/C=C/c4ccc(C)cc4)cc3)cc2)c1,coverage,61.0,3.6936882750981668,False
3879,PI1M,CCC(CC)Cc1ccc(C(C)(C)c2ccccc2)cc1,CCC(CC)Cc1ccc(C(C)(C)c2ccccc2)cc1,random,49.0,2.04904001620089,True
3880,PI1M,C[SiH][Si](C)(C)P(=O)(OCCCC)S(C)(=O)=O,CCCCOP(=O)([Si](C)(C)[SiH]C)S(C)(=O)=O,feature,38.0,1.0340483823546922,False
3881,OMG,*OC1CCCC1COC(=O)C(CCC(*)=O)NC(=O)c1ccc(C)cc1,COC1CCCC1COC(=O)C(CCC(C)=O)NC(=O)c1ccc(C)cc1,random,56.0,2.934599081644776,True
3882,OMG,*Oc1nc(S)nc2c1C(c1ccccc1)c1c(OC(=O)CCOCCOCCOCCOCCOCCOCCOCCOCCOCCOCCOCCOCCC(*)=O)nc(S)nc1O2,COc1nc(S)nc2c1C(c1ccccc1)c1c(OC(=O)CCOCCOCCOCCOCCOCCOCCOCCOCCOCCOCCOCCOCCC(C)=O)nc(S)nc1O2,dopt,134.0,30.67855445817267,False
3883,PI1M,CCc1ccccc1C(=O)OCCOC(=O)OC,CCc1ccccc1C(=O)OCCOC(=O)OC,coverage,34.0,0.7666572932453927,False
3884,PI1M,COC(=O)C1=CC=CC2=CC(C(C)=O)=CC=C1N2CCCCCCCCCCCC,CCCCCCCCCCCCN1C2=CC(C(C)=O)=CC=C1C(C(=O)OC)=CC=C2,dopt,67.0,4.754055023099274,False
3885,PI1M,CCCCCCC/C=C/C(=O)OC,CCCCCCC/C=C/C(=O)OC,coverage,33.0,0.707498434008989,False
3886,PI1M,CCC(CC)(COC)SC,CCC(CC)(COC)SC,coverage,28.0,0.4547556347186134,False
3887,PI1M,C/C=C/C(C#N)=C(\C)CCCC,C/C=C/C(C#N)=C(\C)CCCC,coverage,29.0,0.49977393112088747,False
3888,OMG,*OCCN(CCOC(=O)C1CSCC(C(*)=O)N1)C(=O)c1ccc(C(=O)c2ccccc2)cc1,COCCN(CCOC(=O)C1CSCC(C(C)=O)N1)C(=O)c1ccc(C(=O)c2ccccc2)cc1,random,65.0,4.381874289318153,True
3889,PI1M,Cc1ccc(/C(=N/c2ccc(N=C)cc2)c2ccccc2)cc1,C=Nc1ccc(/N=C(\c2ccccc2)c2ccc(C)cc2)cc1,coverage,41.0,1.2685615949723126,False
3890,PI1M,CNc1ccc(C(=O)c2ccccc2C(=O)OC(C)CC(=O)Oc2ccc(C(C)(C)c3ccc(C(C)=O)cc3)cc2)cc1,CNc1ccc(C(=O)c2ccccc2C(=O)OC(C)CC(=O)Oc2ccc(C(C)(C)c3ccc(C(C)=O)cc3)cc2)cc1,random,78.0,7.155788006079488,True
3891,PI1M,CN=P(Br)(CCC(F)(F)F)C(O)C(C)Oc1c(Cl)cc(C)c(F)c1F,CN=P(Br)(CCC(F)(F)F)C(O)C(C)Oc1c(Cl)cc(C)c(F)c1F,dopt,42.0,1.3535165667832443,False
3892,PI1M,CCCOC(=O)CCc1ccc(C(=O)OC)cc1,CCCOC(=O)CCc1ccc(C(=O)OC)cc1,coverage,36.0,0.8940806826961882,False
3893,PI1M,C/C=C(/C)c1cc(Cl)ccc1Cl,C/C=C(/C)c1cc(Cl)ccc1Cl,coverage,22.0,0.23770591902308572,False
3894,PI1M,CCCCCCCCOC(=O)CCCCCCCCCCCCCCCCCC(=O)OCCOC(=O)COCC=CC(=O)OC,CCCCCCCCOC(=O)CCCCCCCCCCCCCCCCCC(=O)OCCOC(=O)COCC=CC(=O)OC,random,109.0,17.603550241513325,True
3895,PI1M,CO[Si](C)(C)[Si](C)(C)CC[Si](C)(C)C#CN1c2ccccc21,CO[Si](C)(C)[Si](C)(C)CC[Si](C)(C)C#CN1c2ccccc21,random,51.0,2.2818482460254073,True
3896,OMG,*OC(C(=O)OC(=O)C(OC(=O)c1cc(C=O)ccc1C(*)=O)(c1ccccc1)C(F)(F)F)(c1ccccc1)C(F)(F)F,COC(C(=O)OC(=O)C(OC(=O)c1cc(C=O)ccc1C(C)=O)(c1ccccc1)C(F)(F)F)(c1ccccc1)C(F)(F)F,random,63.0,4.0285528241783775,True
3897,PI1M,CCC(C)(CC(=O)OCC(C)(C)C)C(C)C,CCC(C)(CC(=O)OCC(C)(C)C)C(C)C,coverage,44.0,1.5339481655863532,False
3898,PI1M,CCC(C)(CC)COC(=O)NCCNC(=O)OC,CCC(C)(CC)COC(=O)NCCNC(=O)OC,coverage,42.0,1.3535165667832443,False
3899,PI1M,CCCCCCCC(=C)CCCCCCCCCCCCCCCCCCCCCC,C=C(CCCCCCC)CCCCCCCCCCCCCCCCCCCCCC,coverage,93.0,11.48529398776902,False
3900,PI1M,C/C=C(/C)c1ccc(/N=C/c2ccc(C#N)cc2)cc1,C/C=C(/C)c1ccc(/N=C/c2ccc(C#N)cc2)cc1,coverage,36.0,0.8940806826961882,False
3901,PI1M,C[SH](C)c1ccc(C=O)cc1OCC,CCOc1cc(C=O)ccc1[SH](C)C,random,30.0,0.5474937425136082,True
3902,PI1M,C/C=C/c1ccc(/N=C/c2ccc(/C=C/c3ccc(C)cc3)cc2)cc1,C/C=C/c1ccc(/N=C/c2ccc(/C=C/c3ccc(C)cc3)cc2)cc1,coverage,49.0,2.04904001620089,False
3903,PI1M,CCCNS(=O)(=O)c1ccc(COC(=O)c2ccc(C(=O)OC)cc2)c(C)c1,CCCNS(=O)(=O)c1ccc(COC(=O)c2ccc(C(=O)OC)cc2)c(C)c1,random,51.0,2.2818482460254073,True
3904,PI1M,Cc1ccc(-c2ccc(N(C)c3ccc([N+](=O)[O-])cc3)cc2)cc1,Cc1ccc(-c2ccc(N(C)c3ccc([N+](=O)[O-])cc3)cc2)cc1,coverage,42.0,1.3535165667832443,False
3905,omics,*/C(CCCC)=C(/*)Cn1c2ccc(Br)cc2c2cc(Br)ccc21,CCCC/C(C)=C(\C)Cn1c2ccc(Br)cc2c2cc(Br)ccc21,coverage,47.0,1.8317500939966918,False
3906,PI1M,COC(=O)NC(=O)c1ccccc1C(C)=O,COC(=O)NC(=O)c1ccccc1C(C)=O,coverage,27.0,0.41237422298650106,False
3907,OMG,*Oc1ccc(OC(=O)C(OC(C)=O)C(OC(C)=O)C(*)=O)c(Cl)c1Cl,COc1ccc(OC(=O)C(OC(C)=O)C(OC(C)=O)C(C)=O)c(Cl)c1Cl,coverage,42.0,1.3535165667832443,False
3908,PI1M,CNc1cc(NCCCCCCCCCCCCC)c(C)s1,CCCCCCCCCCCCCNc1cc(NC)sc1C,random,58.0,3.2251081841016833,True
3909,PI1M,CCCCOC(=O)NC1CCC(CC2CCC(NC(=O)OC)CC2)CC1,CCCCOC(=O)NC1CCC(CC2CCC(NC(=O)OC)CC2)CC1,coverage,62.0,3.858838735716932,False
3910,OMG,*OC1C(OC(=O)C(CC(*)=O)OC)C=COC1CO[Si](c1ccccc1)(c1ccccc1)C(C)(C)C,COC(CC(C)=O)C(=O)OC1C=COC(CO[Si](c2ccccc2)(c2ccccc2)C(C)(C)C)C1OC,coverage,75.0,6.439287015998562,False
3911,OMG,*Oc1cc(P(=O)(OCC)OCC)c(OC(=O)CSc2cccc3c(SCC(*)=O)cccc23)cc1P(=O)(OCC)OCC,CCOP(=O)(OCC)c1cc(OC(=O)CSc2cccc3c(SCC(C)=O)cccc23)c(P(=O)(OCC)OCC)cc1OC,dopt,82.0,8.18619805320074,False
3912,PI1M,CCC(CCCCNC(=O)OC)c1ccccc1,CCC(CCCCNC(=O)OC)c1ccccc1,coverage,41.0,1.2685615949723126,False
3913,PI1M,Cc1ccc(-c2ccc(-c3nc4ccc(-c5ccc6nc(C)sc6c5)cc4s3)cc2)cc1,Cc1ccc(-c2ccc(-c3nc4ccc(-c5ccc6nc(C)sc6c5)cc4s3)cc2)cc1,coverage,52.0,2.404207673904035,False
3914,PI1M,CCCC(CC)(CCCCCC)COC,CCCCCCC(CC)(CCC)COC,coverage,45.0,1.629538578803666,False
3915,PI1M,COc1cc(NC(=O)c2ccc(OCCCC)cc2)c(OC(=O)c2ccc(C(C)=O)cc2)cc1CCC,CCCCOc1ccc(C(=O)Nc2cc(OC)c(CCC)cc2OC(=O)c2ccc(C(C)=O)cc2)cc1,random,70.0,5.348558032191515,True
