atom,energy
Si,-289.3391586
S,-398.0714528
O,-75.06688707
N,-54.57900565
H,-0.498764293
F,-99.73630733
Cl,-460.1017532
C,-37.83815352
Br,-2574.001566466916
I,-297.684220437783